{"loss":{"0":0.6498937011,"1":0.5697727799,"2":0.5059233904,"3":0.4502206445,"4":0.3985959291,"5":0.352496326,"6":0.3112139404,"7":0.2750128806,"8":0.2416757941,"9":0.2122805268,"10":0.1866355985,"11":0.1643137932,"12":0.1436822116,"13":0.1260303408,"14":0.1111687794,"15":0.0967555866,"16":0.0850739107,"17":0.0749204084,"18":0.0656519979,"19":0.0579032898},"dice_coef":{"0":0.0322835632,"1":0.036902193,"2":0.0404765755,"3":0.0435564667,"4":0.0481419973,"5":0.0529703312,"6":0.058400128,"7":0.063229531,"8":0.071068354,"9":0.0785572529,"10":0.085616,"11":0.0931817293,"12":0.1038340107,"13":0.1133417338,"14":0.1214101762,"15":0.134228453,"16":0.1443003714,"17":0.1554282755,"18":0.1691374183,"19":0.1798751056},"jacard":{"0":0.0169132501,"1":0.019480899,"2":0.0214644857,"3":0.0232341886,"4":0.0258593764,"5":0.0285989679,"6":0.0317600816,"7":0.034686856,"8":0.0393555388,"9":0.0438739061,"10":0.0485486537,"11":0.0530998707,"12":0.0600341149,"13":0.0663940609,"14":0.0718906075,"15":0.0807228163,"16":0.0879626647,"17":0.0957596824,"18":0.105648756,"19":0.1140449569},"recall":{"0":0.8275257945,"1":0.7840868831,"2":0.7987165451,"3":0.7828602791,"4":0.808303833,"5":0.8207082152,"6":0.8297431469,"7":0.8256915212,"8":0.8529201746,"9":0.8619320989,"10":0.8728182316,"11":0.8570744395,"12":0.8781578541,"13":0.8902180791,"14":0.8725767732,"15":0.8938022256,"16":0.8911882043,"17":0.887688458,"18":0.8935499787,"19":0.8905599117},"precision":{"0":0.0460264012,"1":0.3101996481,"2":0.5531311035,"3":0.6561675668,"4":0.7201169133,"5":0.7541185021,"6":0.7905595303,"7":0.8096661568,"8":0.8321819305,"9":0.8508095145,"10":0.866008997,"11":0.8704653978,"12":0.8874235749,"13":0.8928391933,"14":0.8867981434,"15":0.9073677659,"16":0.908598721,"17":0.9118494391,"18":0.914174974,"19":0.9198884964},"accuracy":{"0":0.8206233382,"1":0.9797110558,"2":0.9912339449,"3":0.9935039878,"4":0.9947617054,"5":0.9953736067,"6":0.9959627986,"7":0.9961861968,"8":0.9966978431,"9":0.9970085025,"10":0.9972859621,"11":0.9972000122,"12":0.9975864887,"13":0.9977574348,"14":0.9975278378,"15":0.9979552031,"16":0.9979462624,"17":0.9979500175,"18":0.9980294108,"19":0.9980630875}}