{"loss":{"0":0.7138259411},"dice_coef":{"0":0.0300909653},"jacard":{"0":0.0157018434},"recall":{"0":0.8703364134},"precision":{"0":0.0197009835},"accuracy":{"0":0.5502562523}}