,loss,dice_coef,jacard,recall,precision,accuracy
0,0.7138259410858154,0.03009096533060074,0.015701843425631523,0.8703364133834839,0.01970098353922367,0.5502562522888184
