{"loss":{"0":2.4039702415,"1":1.3990297318,"2":1.2396359444,"3":1.1338644028,"4":1.0680545568,"5":1.0233777761,"6":0.9816503525,"7":0.9340853691,"8":0.8960478902,"9":0.8767170906},"side_6_loss":{"0":0.4310790598,"1":0.2852977812,"2":0.2521030307,"3":0.23072429,"4":0.2172236443,"5":0.2076566964,"6":0.1988481283,"7":0.1892310679,"8":0.1822611988,"9":0.1779279709},"side_7_loss":{"0":0.4379923344,"1":0.2761126459,"2":0.2465369403,"3":0.2257729769,"4":0.2128540725,"5":0.204138428,"6":0.1959245801,"7":0.1862888485,"8":0.178532511,"9":0.1745464653},"side_8_loss":{"0":0.4803957343,"1":0.274461478,"2":0.244364053,"3":0.2234688252,"4":0.2105117291,"5":0.2018963099,"6":0.1938093007,"7":0.1844255626,"8":0.1766737998,"9":0.1731020659},"activation_92_loss":{"0":0.5495765805,"1":0.2814773917,"2":0.246591717,"3":0.2248880416,"4":0.2115209103,"5":0.202534005,"6":0.1941344589,"7":0.1846419424,"8":0.1767691672,"9":0.1730697006},"add_23_loss":{"0":0.504925549,"1":0.281681776,"2":0.2500406206,"3":0.2290104628,"4":0.2159449756,"5":0.2071521729,"6":0.1989330202,"7":0.1894977838,"8":0.1818108261,"9":0.1780707687},"side_6_dice_coef":{"0":0.5689206123,"1":0.7147020698,"2":0.7478970885,"3":0.7692758441,"4":0.7827765942,"5":0.7923435569,"6":0.8011516333,"7":0.8107692003,"8":0.817738831,"9":0.8220723867},"side_6_jacard":{"0":0.433897078,"1":0.5823360682,"2":0.6200022101,"3":0.645542562,"4":0.6624854803,"5":0.6752027869,"6":0.6870256066,"7":0.7002588511,"8":0.7094779611,"9":0.7151895761},"side_6_recall":{"0":0.758518517,"1":0.6761226654,"2":0.6953145266,"3":0.7127773762,"4":0.7304106355,"5":0.743503809,"6":0.753950119,"7":0.7653150558,"8":0.7727854252,"9":0.776034832},"side_6_precision":{"0":0.4402857721,"1":0.7770878673,"2":0.8333203793,"3":0.8612343669,"4":0.8696761131,"5":0.8757448792,"6":0.8833782077,"7":0.888761878,"8":0.894969523,"9":0.8934077621},"side_6_accuracy":{"0":0.7580334544,"1":0.8960146904,"2":0.9108335376,"3":0.9191438556,"4":0.923725009,"5":0.9271147847,"6":0.9303857088,"7":0.9334017038,"8":0.9359143972,"9":0.9361749887},"side_7_dice_coef":{"0":0.5620074868,"1":0.7238868475,"2":0.753462851,"3":0.7742275,"4":0.7871457934,"5":0.7958615422,"6":0.8040754199,"7":0.8137113452,"8":0.821467042,"9":0.825453639},"side_7_jacard":{"0":0.43130669,"1":0.5948125124,"2":0.6285097003,"3":0.6531764269,"4":0.6692884564,"5":0.6806893349,"6":0.6916097999,"7":0.7050451636,"8":0.7156075239,"9":0.720774591},"side_7_recall":{"0":0.7878516316,"1":0.6866735816,"2":0.7025753856,"3":0.716142714,"4":0.7328491211,"5":0.7447010875,"6":0.7541923523,"7":0.7661432624,"8":0.7740351558,"9":0.7752574086},"side_7_precision":{"0":0.3985308707,"1":0.7786439657,"2":0.8303679228,"3":0.862891674,"4":0.8718044162,"5":0.8771617413,"6":0.8846304417,"7":0.8902913928,"8":0.8977875113,"9":0.8967242837},"side_7_accuracy":{"0":0.7188439965,"1":0.8978731036,"2":0.9113880992,"3":0.9200280309,"4":0.9245541692,"5":0.9276019931,"6":0.9306772947,"7":0.933848083,"8":0.9366768003,"9":0.9366887808},"side_8_dice_coef":{"0":0.5196043849,"1":0.7255389094,"2":0.7556358576,"3":0.7765310407,"4":0.7894881964,"5":0.7981038094,"6":0.8061900139,"7":0.8155742884,"8":0.82332623,"9":0.8268977404},"side_8_jacard":{"0":0.3914452195,"1":0.5972840786,"2":0.6318573952,"3":0.6568257809,"4":0.6729928255,"5":0.6842554808,"6":0.6950491071,"7":0.70815593,"8":0.7186371684,"9":0.723166585},"side_8_recall":{"0":0.7152484059,"1":0.6906645894,"2":0.7056306601,"3":0.7184470892,"4":0.7347431183,"5":0.7464575768,"6":0.7550765276,"7":0.7662556171,"8":0.7745818496,"9":0.7753927708},"side_8_precision":{"0":0.4441131055,"1":0.7763156891,"2":0.8303166032,"3":0.8647268414,"4":0.8743323088,"5":0.8793866038,"6":0.88729918,"7":0.8928073049,"8":0.899551928,"9":0.8983698487},"side_8_accuracy":{"0":0.7632263899,"1":0.8979141116,"2":0.9118652344,"3":0.9207673073,"4":0.9253627658,"5":0.9283316731,"6":0.9313413501,"7":0.9343528748,"8":0.9371105433,"9":0.9370271564},"activation_92_dice_coef":{"0":0.4504232407,"1":0.7185226679,"2":0.7534079552,"3":0.7751119137,"4":0.7884792089,"5":0.7974660993,"6":0.8058657646,"7":0.8153583407,"8":0.8232307434,"9":0.8269305229},"activation_92_jacard":{"0":0.3223822415,"1":0.5879919529,"2":0.6287916899,"3":0.6549630165,"4":0.6716682911,"5":0.6834096313,"6":0.6946406364,"7":0.7079666257,"8":0.7186295986,"9":0.723333776},"activation_92_recall":{"0":0.8691344261,"1":0.6849122047,"2":0.7012352347,"3":0.7169613242,"4":0.7337907553,"5":0.7451415062,"6":0.7539685965,"7":0.7646198869,"8":0.7731302977,"9":0.7741988897},"activation_92_precision":{"0":0.2858489454,"1":0.7829322815,"2":0.835945487,"3":0.8668814301,"4":0.8763157725,"5":0.8814473748,"6":0.8891075253,"7":0.8947119117,"8":0.9013052583,"9":0.8996821642},"activation_92_accuracy":{"0":0.5381652117,"1":0.8985953331,"2":0.9123091698,"3":0.9209310412,"4":0.9255799055,"5":0.9285017848,"6":0.9314943552,"7":0.9344323874,"8":0.9371894598,"9":0.9370721579},"add_23_dice_coef":{"0":0.4950745702,"1":0.7183183432,"2":0.7499591708,"3":0.7709897161,"4":0.7840554118,"5":0.792847693,"6":0.8010670543,"7":0.810503006,"8":0.8181893229,"9":0.8219293356},"add_23_jacard":{"0":0.362467289,"1":0.5874085426,"2":0.623736918,"3":0.6487653852,"4":0.6649877429,"5":0.6764293909,"6":0.6873347759,"7":0.7004175186,"8":0.7107536197,"9":0.7155150175},"add_23_recall":{"0":0.8049792051,"1":0.6879475713,"2":0.7033727765,"3":0.7173164487,"4":0.7338700294,"5":0.7455542684,"6":0.754462719,"7":0.765612483,"8":0.7739183903,"9":0.7749596238},"add_23_precision":{"0":0.384732306,"1":0.7799404263,"2":0.8332434297,"3":0.8659897447,"4":0.8749901056,"5":0.880114913,"6":0.8878776431,"7":0.8934550881,"8":0.900237143,"9":0.8988925219},"add_23_accuracy":{"0":0.7025592923,"1":0.8983541727,"2":0.9121028781,"3":0.9208197594,"4":0.9253405333,"5":0.9283165932,"6":0.9313459396,"7":0.9343652725,"8":0.937125206,"9":0.937052846},"val_loss":{"0":1.5525320768,"1":1.2208139896,"2":1.1042749882,"3":1.0400626659,"4":0.9935922623,"5":0.9550167322,"6":0.9041393399,"7":0.8625456691,"8":1.7090585232,"9":0.7864823341},"val_side_6_loss":{"0":0.3225644231,"1":0.2489502728,"2":0.2273563445,"3":0.2140849531,"4":0.2047147006,"5":0.1944733411,"6":0.1837818772,"7":0.17592825,"8":0.3467213511,"9":0.1614516675},"val_side_7_loss":{"0":0.3021211326,"1":0.243157506,"2":0.2203671634,"3":0.2074054778,"4":0.1987021863,"5":0.1916170269,"6":0.1813439876,"7":0.1725428998,"8":0.3451803625,"9":0.1562424302},"val_side_8_loss":{"0":0.3010767102,"1":0.2404145002,"2":0.2169800103,"3":0.2042359859,"4":0.1950713545,"5":0.1882700175,"6":0.1783017069,"7":0.1699504554,"8":0.338306725,"9":0.1547808349},"val_activation_92_loss":{"0":0.3156872392,"1":0.2421393692,"2":0.2170636654,"3":0.2045622766,"4":0.1945942342,"5":0.1873797476,"6":0.1774390191,"7":0.1691403538,"8":0.3352071345,"9":0.1540617794},"val_add_23_loss":{"0":0.3110820651,"1":0.2461525649,"2":0.2225079089,"3":0.2097737789,"4":0.2005099505,"5":0.1932764351,"6":0.1832726896,"7":0.1749835908,"8":0.3436430395,"9":0.1599457562},"val_side_6_dice_coef":{"0":0.6774353981,"1":0.751049757,"2":0.7726434469,"3":0.7859148979,"4":0.7952854633,"5":0.8055268526,"6":0.8162181973,"7":0.8240717053,"8":0.6532785296,"9":0.8385483623},"val_side_6_jacard":{"0":0.5421007872,"1":0.623334527,"2":0.6488474607,"3":0.6656862497,"4":0.6785305738,"5":0.6929270029,"6":0.7077301741,"7":0.7187665701,"8":0.5171594024,"9":0.738499999},"val_side_6_recall":{"0":0.5970624089,"1":0.685711503,"2":0.7447650433,"3":0.7610000372,"4":0.7730380893,"5":0.7827745676,"6":0.7895120382,"7":0.7900593877,"8":0.450486213,"9":0.7606895566},"val_side_6_precision":{"0":0.8024513125,"1":0.8396226764,"2":0.8301629424,"3":0.8402326107,"4":0.8462765813,"5":0.8561811447,"6":0.8684870601,"7":0.8819712996,"8":0.9787366986,"9":0.9318515658},"val_side_6_accuracy":{"0":0.8989969492,"1":0.918118,"2":0.9249361753,"3":0.9292915463,"4":0.9322698712,"5":0.9356828928,"6":0.9390951395,"7":0.9417492151,"8":0.8973735571,"9":0.9456335306},"val_side_7_dice_coef":{"0":0.6978788972,"1":0.7568425536,