{"loss":{"0":0.6559789777},"dice_coef":{"0":0.3428707719},"jacard":{"0":0.2121694833},"recall":{"0":0.1427414566},"precision":{"0":0.3317664564},"accuracy":{"0":0.1069444418}}