,loss,dice_coef,jacard,recall,precision,accuracy
0,0.6559789776802063,0.3428707718849182,0.21216948330402374,0.14274145662784576,0.3317664563655853,0.10694444179534912
