{"loss":{"0":0.6835175157},"dice_coef":{"0":0.4654107094},"jacard":{"0":0.3078398705},"recall":{"0":0.9255654216},"precision":{"0":0.3642803729},"accuracy":{"0":0.5992261767}}