,loss,dice_coef,jacard,recall,precision,accuracy
0,0.6835175156593323,0.4654107093811035,0.30783987045288086,0.9255654215812683,0.3642803728580475,0.599226176738739
