{"loss":{"0":0.3829118311},"dice_coef":{"0":0.3707570732},"jacard":{"0":0.2459367365},"recall":{"0":0.2324720472},"precision":{"0":0.7247894406},"accuracy":{"0":0.0587288402}}