,loss,dice_coef,jacard,recall,precision,accuracy
0,0.3829118311405182,0.3707570731639862,0.24593673646450043,0.23247204720973969,0.7247894406318665,0.058728840202093124
