,loss,dice_coef,jacard,recall,precision,accuracy
0,0.5911260843276978,0.3601972162723541,0.2302267849445343,0.7403261065483093,0.4039262533187866,0.7359728217124939
