{"loss":{"0":0.5911260843},"dice_coef":{"0":0.3601972163},"jacard":{"0":0.2302267849},"recall":{"0":0.7403261065},"precision":{"0":0.4039262533},"accuracy":{"0":0.7359728217}}