,loss,dice_coef,jacard,recall,precision,accuracy
0,0.39904388785362244,0.6098380088806152,0.4552289545536041,0.6309545040130615,0.788199245929718,0.09881727397441864
