{"loss":{"0":0.3990438879},"dice_coef":{"0":0.6098380089},"jacard":{"0":0.4552289546},"recall":{"0":0.630954504},"precision":{"0":0.7881992459},"accuracy":{"0":0.098817274}}