{"loss":{"0":2.4219555855,"1":1.69325459,"2":1.4245812893,"3":1.2740030289,"4":1.1692811251,"5":1.0946044922,"6":1.0405775309,"7":0.9919535518,"8":0.9643524289,"9":0.9379285574},"side_6_loss":{"0":0.376701206,"1":0.2242048383,"2":0.1739595234,"3":0.1361967027,"4":0.1094915271,"5":0.0927854776,"6":0.0795897171,"7":0.0701012835,"8":0.0639414415,"9":0.0588617101},"side_7_loss":{"0":0.3938813806,"1":0.2169948965,"2":0.175374642,"3":0.1363322288,"4":0.109868139,"5":0.089369446,"6":0.0747063532,"7":0.0626657829,"8":0.0560031272,"9":0.0484592877},"side_8_loss":{"0":0.5279605985,"1":0.2975346446,"2":0.1876618415,"3":0.147203505,"4":0.118474476,"5":0.0974371657,"6":0.0819940343,"7":0.0663965195,"8":0.058117263,"9":0.0504842624},"activation_148_loss":{"0":0.5723064542,"1":0.4972192943,"2":0.4665760696,"3":0.4521550536,"4":0.4422573447,"5":0.4352326095,"6":0.430766046,"7":0.4260177314,"8":0.4231939018,"9":0.4206289649},"add_96_loss":{"0":0.5505046844,"1":0.4566984773,"2":0.4204070568,"3":0.4015129805,"4":0.3885872364,"5":0.3791770935,"6":0.3729189336,"7":0.3661696017,"8":0.362493962,"9":0.3588914275},"side_6_dice_coef":{"0":0.6232988238,"1":0.7757950425,"2":0.8260405064,"3":0.8638034463,"4":0.8905084729,"5":0.9072144628,"6":0.9204103947,"7":0.9298989177,"8":0.9360587001,"9":0.9411382675},"side_6_jacard":{"0":0.4742423892,"1":0.6461532712,"2":0.7146274447,"3":0.768208921,"4":0.8081302643,"5":0.8338340521,"6":0.8556296229,"7":0.8711718917,"8":0.8816916347,"9":0.8904775381},"side_6_recall":{"0":0.8165995479,"1":0.7408933043,"2":0.7787209153,"3":0.817481935,"4":0.8440067768,"5":0.866502285,"6":0.8843798041,"7":0.902525425,"8":0.9106169343,"9":0.9188129902},"side_6_precision":{"0":0.4953906536,"1":0.8057938218,"2":0.8656628728,"3":0.9024247527,"4":0.9281859398,"5":0.9402847886,"6":0.9474505186,"7":0.9518292546,"8":0.9552149773,"9":0.9591709375},"side_6_accuracy":{"0":0.6713749766,"1":0.858323276,"2":0.8892523646,"3":0.9123051763,"4":0.9283657074,"5":0.938972652,"6":0.9466948509,"7":0.9536614418,"8":0.9572458267,"9":0.9610587955},"side_7_dice_coef":{"0":0.6061185598,"1":0.783005178,"2":0.8246254325,"3":0.8636679053,"4":0.890131712,"5":0.9106304049,"6":0.925293684,"7":0.9373342395,"8":0.9439969063,"9":0.9515406489},"side_7_jacard":{"0":0.4577096701,"1":0.6561812758,"2":0.7134762406,"3":0.768814981,"4":0.8083074689,"5":0.8402823806,"6":0.8643193841,"7":0.8843388557,"8":0.8956812024,"9":0.9090431929},"side_7_recall":{"0":0.8219339848,"1":0.7342203856,"2":0.7709333301,"3":0.8092406988,"4":0.8390361667,"5":0.8650969863,"6":0.8826764822,"7":0.9070987701,"8":0.9183573127,"9":0.9302399755},"side_7_precision":{"0":0.4638938904,"1":0.8245241046,"2":0.8686801195,"3":0.9092265964,"4":0.9316620231,"5":0.9449402094,"6":0.9553591609,"7":0.9580023289,"8":0.9601052403,"9":0.9647817016},"side_7_accuracy":{"0":0.6348769069,"1":0.863384068,"2":0.8881239891,"3":0.9120974541,"4":0.9279729724,"5":0.9400138855,"6":0.9486705661,"7":0.9570547938,"8":0.9612191319,"9":0.9664260745},"side_8_dice_coef":{"0":0.4720394313,"1":0.7024652958,"2":0.8123381138,"3":0.8527967334,"4":0.8815255165,"5":0.9025629163,"6":0.9180060029,"7":0.9336034656,"8":0.9418826103,"9":0.9495155811},"side_8_jacard":{"0":0.3244166672,"1":0.5563548207,"2":0.6947180033,"3":0.7519116998,"4":0.7949629426,"5":0.8277919292,"6":0.8528001308,"7":0.8781838417,"8":0.8922556639,"9":0.9055607319},"side_8_recall":{"0":0.9494275451,"1":0.7608503103,"2":0.7519039512,"3":0.794634819,"4":0.8260133862,"5":0.8543382883,"6":0.8697440028,"7":0.8995866776,"8":0.9118312001,"9":0.924802959},"side_8_precision":{"0":0.3344221413,"1":0.6837028861,"2":0.8726639152,"3":0.9062410593,"4":0.9293041229,"5":0.941516459,"6":0.9534453154,"7":0.9587469697,"8":0.9628235698,"9":0.9665501118},"side_8_accuracy":{"0":0.3719604909,"1":0.8086454272,"2":0.8841743469,"3":0.9069094658,"4":0.9233384132,"5":0.935669899,"6":0.9440882802,"7":0.9549657702,"8":0.960062325,"9":0.965297997},"activation_148_dice_coef":{"0":0.4276934564,"1":0.5027807355,"2":0.5334240794,"3":0.5478450656,"4":0.5577427745,"5":0.5647673607,"6":0.5692340732,"7":0.5739821792,"8":0.576806128,"9":0.5793710947},"activation_148_jacard":{"0":0.2783660591,"1":0.3412970006,"2":0.3696271777,"3":0.3839541674,"4":0.3941438496,"5":0.4015212953,"6":0.4061909914,"7":0.4113003612,"8":0.4142011702,"9":0.4169585407},"activation_148_recall":{"0":0.6243190765,"1":0.7446083426,"2":0.7807159424,"3":0.8156577945,"4":0.8462241888,"5":0.8720896244,"6":0.8870283365,"7":0.9097821712,"8":0.9203523397,"9":0.9305183887},"activation_148_precision":{"0":0.4444029927,"1":0.6136462092,"2":0.7307606936,"3":0.7783573866,"4":0.8121258616,"5":0.8329102397,"6":0.8500908613,"7":0.8695656061,"8":0.8857358694,"9":0.897544384},"activation_148_accuracy":{"0":0.6257276535,"1":0.7655722499,"2":0.8359041214,"3":0.8651420474,"4":0.8868524432,"5":0.9019624591,"6":0.9127953649,"7":0.9266207814,"8":0.9357840419,"9":0.9431244731},"add_96_dice_coef":{"0":0.4494953752,"1":0.5433015227,"2":0.5795930624,"3":0.5984871387,"4":0.6114127636,"5":0.6208228469,"6":0.627080977,"7":0.6338303685,"8":0.6375059485,"9":0.6411086321},"add_96_jacard":{"0":0.2966501415,"1":0.3769634664,"2":0.4121770561,"3":0.4317874312,"4":0.4457006752,"5":0.4560687542,"6":0.4630233943,"7":0.4707919955,"8":0.4748843312,"9":0.4790704846},"add_96_recall":{"0":0.7511644363,"1":0.716825068,"2":0.7529001832,"3":0.7967957854,"4":0.8302076459,"5":0.8589106798,"6":0.8758036494,"7":0.9029403329,"8":0.9150326252,"9":0.9269064665},"add_96_precision":{"0":0.512291491,"1":0.8358968496,"2":0.8886044621,"3":0.9172339439,"4":0.9337283969,"5":0.9430059195,"6":0.9507520199,"7":0.9544559121,"8":0.9577361345,"9":0.9617652297},"add_96_accuracy":{"0":0.687962234,"1":0.8627803922,"2":0.8894597888,"3":0.9109476209,"4":0.9259631038,"5":0.9375244975,"6":0.9451117516,"7":0.9546340108,"8":0.9594244957,"9":0.9644109607},"val_loss":{"0":3.5730500221,"1":4.0812001228,"2":3.9231417179,"3":3.1511948109,"4":2.2490410805,"5":2.3639428616,"6":1.6391296387,"7":1.5443793535,"8":1.34667027,"9":1.3114959002},"val_side_6_loss":{"0":0.8895174265,"1":0.9605012536,"2":0.6600269079,"3":0.3375221193,"4":0.3037837744,"5":0.2558870316,"6":0.1732030213,"7":0.1600472033,"8":0.1555809677,"9":0.1559283882},"val_side_7_loss":{"0":0.6809629202,"1":0.8937972784,"2":0.9062873125,"3":0.5783821344,"4":0.3174401224,"5":0.371129334,"6":0.205881238,"7":0.1750913113,"8":0.1447547525,"9":0.140136987},"val_side_8_loss":{"0":0.6614550948,"1":0.852435112,"2":0.976420939,"3":0.9246096015,"4":0.4941179454,"5":0.6045783162,"6":0.286332339,"7":0.2649381161,"8":0.1664482206,"9":0.15065597},"val_activation_148_loss":{"0":0.6544293165,"1":0.6576538682,"2":0.667597115,"3":0.6561176777,"4":0.5798481703,"5":0.572506547,"6":0.5061634183,"7":0.4925902188,"8":0.463078469,"9":0.4564075172},"val_add_96_loss":{"0":0.686083436,"1":0.7162104845,"2":0.7122067213,"3":0.6539607644,"4":0.5532485247,"5":0.5592392683,"6":0.4669471383,"7":0.4511098266,"8":0.4162051976,"9":0.4077641964},"val_side_6_dice_coef":{"0":0.1104825512,"1":0.039498765,"2":0.3399730921,"3":0.6624778509,"4":0.696216166,"5":0.7441129088,"6":0.8267970085,"7":0.8399528265,"8":0.8444190621,"9":0.8440715671},"val_side_6_jacard":{"0":0.059455391,"1":0.0206958186,"2":0.2299230844,"3":0.533382237,"4":0.5691147447,"5":0.6077923775,"6":0.7167667747,"7":0.7359336615,"8":0.7415570617,"9":0.7437644005},"val_side_6_recall":{"0":0.0,"1":0.0000174418,"2":0.3168660402,"3":0.6689406633,"4":0.7333359718,"5":0.6585692763,"6":0.8267632127,"7":0.8385800719,"8":0.8775298595,"9":0.9150015116},"val_side_6_precision":{"0":0.0,"1":1.0,"2":0.9997179508,"3":0.8995045424,"4":0.8394297957,"5":0.9502782822,"6":0.8891329765,"7":0.8930675387,"8":0.849871397,"9":0.8017487526},"val_side_6_accuracy":{"0":0.7083873749,"1":0.7083924413,"2":0.8007634282,"3":0.8816649318,"4":0.8813311458,"5":0.8903859258,"6":0.9194195867,"7":0.9236475825,"8":0.919081986,"9":0.909234345},"val_side_7_dice_coef":{"0":0.3190371096,"1":0.1062027588,"2":0.0937126502,