{"loss":{"0":0.5820542574},"dice_coef":{"0":0.4869198203},"jacard":{"0":0.325954169},"recall":{"0":0.6931092143},"precision":{"0":0.5686988235},"accuracy":{"0":0.7271605134}}