,loss,dice_coef,jacard,recall,precision,accuracy
0,0.5820542573928833,0.4869198203086853,0.3259541690349579,0.6931092143058777,0.5686988234519958,0.7271605134010315
