{"loss":{"0":3.4356570244},"side_6_loss":{"0":0.6529019475},"side_7_loss":{"0":0.6695716977},"side_8_loss":{"0":0.7112755775},"activation_92_loss":{"0":0.7231761217},"add_23_loss":{"0":0.6787310839},"side_6_dice_coef":{"0":0.3470980525},"side_6_jaccard":{"0":0.2212404758},"side_6_recall":{"0":0.8361124992},"side_6_precision":{"0":0.2293046564},"side_6_accuracy":{"0":0.5124004483},"side_7_dice_coef":{"0":0.3304284215},"side_7_jaccard":{"0":0.20840545},"side_7_recall":{"0":0.8815544844},"side_7_precision":{"0":0.2111313045},"side_7_accuracy":{"0":0.4411613047},"side_8_dice_coef":{"0":0.2887246013},"side_8_jaccard":{"0":0.177027002},"side_8_recall":{"0":0.8621273637},"side_8_precision":{"0":0.2050841153},"side_8_accuracy":{"0":0.4301148355},"activation_92_dice_coef":{"0":0.2768239677},"activation_92_jaccard":{"0":0.1677804887},"activation_92_recall":{"0":0.9996377826},"activation_92_precision":{"0":0.165095672},"activation_92_accuracy":{"0":0.1739795208},"add_23_dice_coef":{"0":0.3212689459},"add_23_jaccard":{"0":0.2008701861},"add_23_recall":{"0":0.8811477423},"add_23_precision":{"0":0.21722278},"add_23_accuracy":{"0":0.4602026939},"val_loss":{"0":3.1941497326},"val_side_6_loss":{"0":0.6151726246},"val_side_7_loss":{"0":0.6144292951},"val_side_8_loss":{"0":0.625905931},"val_activation_92_loss":{"0":0.7058478594},"val_add_23_loss":{"0":0.6327949762},"val_side_6_dice_coef":{"0":0.3848273158},"val_side_6_jaccard":{"0":0.2507042587},"val_side_6_recall":{"0":0.8262408972},"val_side_6_precision":{"0":0.2757508159},"val_side_6_accuracy":{"0":0.6077626348},"val_side_7_dice_coef":{"0":0.3855708539},"val_side_7_jaccard":{"0":0.2514563203},"val_side_7_recall":{"0":0.8297967315},"val_side_7_precision":{"0":0.2760802209},"val_side_7_accuracy":{"0":0.60743922},"val_side_8_dice_coef":{"0":0.3740940988},"val_side_8_jaccard":{"0":0.2421739995},"val_side_8_recall":{"0":0.8508093953},"val_side_8_precision":{"0":0.2672493458},"val_side_8_accuracy":{"0":0.5850536227},"val_activation_92_dice_coef":{"0":0.2941522002},"val_activation_92_jaccard":{"0":0.1815242916},"val_activation_92_recall":{"0":0.9921092391},"val_activation_92_precision":{"0":0.1905373484},"val_activation_92_accuracy":{"0":0.2968739569},"val_add_23_dice_coef":{"0":0.3672049642},"val_add_23_jaccard":{"0":0.2365893573},"val_add_23_recall":{"0":0.832203269},"val_add_23_precision":{"0":0.2748064697},"val_add_23_accuracy":{"0":0.6044626236}}