,loss,side_6_loss,side_7_loss,side_8_loss,activation_92_loss,add_23_loss,side_6_dice_coef,side_6_jaccard,side_6_recall,side_6_precision,side_6_accuracy,side_7_dice_coef,side_7_jaccard,side_7_recall,side_7_precision,side_7_accuracy,side_8_dice_coef,side_8_jaccard,side_8_recall,side_8_precision,side_8_accuracy,activation_92_dice_coef,activation_92_jaccard,activation_92_recall,activation_92_precision,activation_92_accuracy,add_23_dice_coef,add_23_jaccard,add_23_recall,add_23_precision,add_23_accuracy,val_loss,val_side_6_loss,val_side_7_loss,val_side_8_loss,val_activation_92_loss,val_add_23_loss,val_side_6_dice_coef,val_side_6_jaccard,val_side_6_recall,val_side_6_precision,val_side_6_accuracy,val_side_7_dice_coef,val_side_7_jaccard,val_side_7_recall,val_side_7_precision,val_side_7_accuracy,val_side_8_dice_coef,val_side_8_jaccard,val_side_8_recall,val_side_8_precision,val_side_8_accuracy,val_activation_92_dice_coef,val_activation_92_jaccard,val_activation_92_recall,val_activation_92_precision,val_activation_92_accuracy,val_add_23_dice_coef,val_add_23_jaccard,val_add_23_recall,val_add_23_precision,val_add_23_accuracy
0,3.435657024383545,0.6529019474983215,0.6695716977119446,0.711275577545166,0.723176121711731,0.6787310838699341,0.34709805250167847,0.22124047577381134,0.8361124992370605,0.22930465638637543,0.5124004483222961,0.33042842149734497,0.20840544998645782,0.8815544843673706,0.21113130450248718,0.44116130471229553,0.2887246012687683,0.17702700197696686,0.8621273636817932,0.20508411526679993,0.43011483550071716,0.2768239676952362,0.16778048872947693,0.9996377825737,0.16509567201137543,0.1739795207977295,0.3212689459323883,0.20087018609046936,0.8811477422714233,0.21722277998924255,0.460202693939209,3.1941497325897217,0.6151726245880127,0.6144292950630188,0.6259059309959412,0.7058478593826294,0.632794976234436,0.38482731580734253,0.25070425868034363,0.8262408971786499,0.2757508158683777,0.6077626347541809,0.38557085394859314,0.2514563202857971,0.8297967314720154,0.2760802209377289,0.6074392199516296,0.3740940988063812,0.24217399954795837,0.8508093953132629,0.26724934577941895,0.5850536227226257,0.2941522002220154,0.18152429163455963,0.9921092391014099,0.19053734838962555,0.29687395691871643,0.3672049641609192,0.23658935725688934,0.8322032690048218,0.2748064696788788,0.6044626235961914
