,loss,dice_coef,jacard,recall,precision,accuracy
0,0.5866799354553223,0.28889837861061096,0.1700935661792755,0.09058821946382523,0.21835023164749146,0.0363299585878849
