{"loss":{"0":0.5866799355},"dice_coef":{"0":0.2888983786},"jacard":{"0":0.1700935662},"recall":{"0":0.0905882195},"precision":{"0":0.2183502316},"accuracy":{"0":0.0363299586}}