{"loss":{"0":0.4752693772,"1":0.3166030347,"2":0.2710003853,"3":0.2434345186,"4":0.2223396003,"5":0.2071631104,"6":0.1979153156,"7":0.1888623685,"8":0.1822783947,"9":0.1790960282},"dice_coef":{"0":0.5253326297,"1":0.6839991808,"2":0.7296019793,"3":0.757167995,"4":0.778262794,"5":0.7934392095,"6":0.8026870489,"7":0.8117400408,"8":0.818323791,"9":0.8215062022},"jacard":{"0":0.3693811297,"1":0.527230978,"2":0.5815636516,"3":0.6159415245,"4":0.6430999637,"5":0.6635619998,"6":0.6760008335,"7":0.6887192726,"8":0.6982348561,"9":0.7028648257},"recall":{"0":0.8822581172,"1":0.7729485035,"2":0.8045985699,"3":0.8341411948,"4":0.8608443141,"5":0.8877285719,"6":0.9016504288,"7":0.9196265936,"8":0.9318765402,"9":0.9389133453},"precision":{"0":0.4496629238,"1":0.7990745902,"2":0.8508779407,"3":0.8941949606,"4":0.9207626581,"5":0.9351693392,"6":0.9435741901,"7":0.9491773844,"8":0.9553207159,"9":0.9568659067},"accuracy":{"0":0.6123533249,"1":0.8635878563,"2":0.8911011815,"3":0.9143610001,"4":0.9309740067,"5":0.9437355995,"6":0.9507098198,"7":0.9580432773,"8":0.9638400078,"9":0.9665250778},"val_loss":{"0":0.7072435617,"1":0.7817025781,"2":0.7430083752,"3":0.5209418535,"4":0.4618793428,"5":0.31563434,"6":0.2830947042,"7":0.2855067551,"8":0.2690093517,"9":0.2641723156},"val_dice_coef":{"0":0.293358624,"1":0.218899712,"2":0.2575940788,"3":0.4796606004,"4":0.5387229919,"5":0.6849679947,"6":0.7175076604,"7":0.7150956392,"8":0.7315930128,"9":0.7364299893},"val_jacard":{"0":0.1763496697,"1":0.1262780726,"2":0.1527035981,"3":0.3388982415,"4":0.384067297,"5":0.5366333723,"6":0.5726078749,"7":0.5696428418,"8":0.5891118646,"9":0.5946140289},"val_recall":{"0":0.0033270326,"1":0.0476838313,"2":0.0849003717,"3":0.5459734201,"4":0.5858672857,"5":0.7870481014,"6":0.8283199072,"7":0.8244979382,"8":0.891995728,"9":0.9450799823},"val_precision":{"0":1.0,"1":1.0,"2":1.0,"3":0.9827830195,"4":0.9853039384,"5":0.9299581051,"6":0.9269579649,"7":0.9196226597,"8":0.8199224472,"9":0.7605086565},"val_accuracy":{"0":0.7093575597,"1":0.7222926021,"2":0.7331454158,"3":0.8648109436,"4":0.8766854405,"5":0.9206142426,"6":0.9309024811,"7":0.9278068542,"8":0.9113757014,"9":0.8971964717}}