{"loss":{"0":3.1130869389,"1":2.6245195866},"side_6_loss":{"0":0.548854053,"1":0.4371323586},"side_7_loss":{"0":0.5694787502,"1":0.5040880442},"side_8_loss":{"0":0.665802896,"1":0.5515702367},"activation_153_loss":{"0":0.6763503551,"1":0.5873306394},"add_47_loss":{"0":0.6526010633,"1":0.544398129},"side_6_dice_coef":{"0":0.3385780156,"1":0.4568262696},"side_6_jaccard":{"0":0.2065678537,"1":0.2998355925},"side_6_recall_1":{"0":0.0020436135,"1":0.4022648633},"side_6_precision_1":{"0":0.8958145976,"1":0.8204293847},"side_6_accuracy":{"0":0.6909297109,"1":0.7876622081},"side_7_dice_coef":{"0":0.338583827,"1":0.3696528375},"side_7_jaccard":{"0":0.2073118538,"1":0.2298503071},"side_7_recall_1":{"0":0.0067766244,"1":0.0315982364},"side_7_precision_1":{"0":0.1275569797,"1":0.8420865536},"side_7_accuracy":{"0":0.6781175733,"1":0.6983196139},"side_8_dice_coef":{"0":0.3591491878,"1":0.3553850353},"side_8_jaccard":{"0":0.2249214947,"1":0.2199884355},"side_8_recall_1":{"0":0.3424528539,"1":0.0003280254},"side_8_precision_1":{"0":0.3416800499,"1":0.1025353},"side_8_accuracy":{"0":0.5921077728,"1":0.6895831227},"activation_153_dice_coef":{"0":0.3483318388,"1":0.3295950592},"activation_153_jaccard":{"0":0.2167327404,"1":0.2010738999},"activation_153_recall_1":{"0":0.1775556654,"1":0.0009681626},"activation_153_precision_1":{"0":0.2164466679,"1":0.0610178262},"activation_153_accuracy":{"0":0.5463280678,"1":0.6860572696},"add_47_dice_coef":{"0":0.3560996056,"1":0.3575254381},"add_47_jaccard":{"0":0.2223188579,"1":0.2214015722},"add_47_recall_1":{"0":0.1170568094,"1":0.0},"add_47_precision_1":{"0":0.2417879403,"1":0.0},"add_47_accuracy":{"0":0.6129581332,"1":0.6903624535},"val_loss":{"0":2.9022221565,"1":2.537681818},"val_side_6_loss":{"0":0.505535841,"1":0.38466084},"val_side_7_loss":{"0":0.5530463457,"1":0.4868175983},"val_side_8_loss":{"0":0.6118112206,"1":0.5435882211},"val_activation_153_loss":{"0":0.6279752254,"1":0.5886312127},"val_add_47_loss":{"0":0.6038532853,"1":0.5339841843},"val_side_6_dice_coef":{"0":0.4123075902,"1":0.562836349},"val_side_6_jaccard":{"0":0.2626934946,"1":0.3953952491},"val_side_6_recall_1":{"0":0.0666386932,"1":0.6977915764},"val_side_6_precision_1":{"0":1.0,"1":0.8359529376},"val_side_6_accuracy":{"0":0.6832504272,"1":0.8509705663},"val_side_7_dice_coef":{"0":0.3577044308,"1":0.4258657694},"val_side_7_jaccard":{"0":0.2202433944,"1":0.2732550204},"val_side_7_recall_1":{"0":0.0014163298,"1":0.1985859126},"val_side_7_precision_1":{"0":0.1209599972,"1":0.9928254485},"val_side_7_accuracy":{"0":0.657623291,"1":0.7275416255},"val_side_8_dice_coef":{"0":0.3817439973,"1":0.3697086275},"val_side_8_jaccard":{"0":0.2403279543,"1":0.2293055803},"val_side_8_recall_1":{"0":0.000803711,"1":0.0000074938},"val_side_8_precision_1":{"0":0.0529302917,"1":0.0273972601},"val_side_8_accuracy":{"0":0.6560280919,"1":0.6605479121},"val_activation_153_dice_coef":{"0":0.3605368137,"1":0.3416769803},"val_activation_153_jaccard":{"0":0.2242784798,"1":0.2092699558},"val_activation_153_recall_1":{"0":0.0016711192,"1":0.0010585004},"val_activation_153_precision_1":{"0":0.1042056084,"1":0.1033473536},"val_activation_153_accuracy":{"0":0.6563275456,"1":0.6578782201},"val_add_47_dice_coef":{"0":0.3801995814,"1":0.3778060079},"val_add_47_jaccard":{"0":0.2389631718,"1":0.2354147583},"val_add_47_recall_1":{"0":0.0000056204,"1":0.0000018735},"val_add_47_precision_1":{"0":0.0857142881,"1":0.0909090936},"val_add_47_accuracy":{"0":0.6606171727,"1":0.6606299281}}