{"loss":{"0":3.0174174309,"1":2.7072219849},"side_6_loss":{"0":0.5361779332,"1":0.4255353808},"side_7_loss":{"0":0.5750794411,"1":0.5019830465},"side_8_loss":{"0":0.5886157751,"1":0.54356879},"activation_769_loss":{"0":0.7017973661,"1":0.6715943813},"add_239_loss":{"0":0.6157468557,"1":0.564540565},"side_6_dice_coef":{"0":0.351806432,"1":0.476954937},"side_6_jaccard":{"0":0.2163364291,"1":0.3167721927},"side_6_recall_9":{"0":0.0216512159,"1":0.4783385098},"side_6_precision_9":{"0":0.9400869012,"1":0.8260314465},"side_6_accuracy":{"0":0.6966471672,"1":0.8072856069},"side_7_dice_coef":{"0":0.3308063447,"1":0.3692792356},"side_7_jaccard":{"0":0.2014837265,"1":0.2293650955},"side_7_recall_9":{"0":0.0457048714,"1":0.023351917},"side_7_precision_9":{"0":0.3065096438,"1":0.9866822958},"side_7_accuracy":{"0":0.6725036502,"1":0.6975033879},"side_8_dice_coef":{"0":0.3354815543,"1":0.3263133764},"side_8_jaccard":{"0":0.2054762691,"1":0.1975151598},"side_8_recall_9":{"0":0.0003870597,"1":0.0},"side_8_precision_9":{"0":0.0506618284,"1":0.0},"side_8_accuracy":{"0":0.6882446408,"1":0.6903141141},"activation_769_dice_coef":{"0":0.3665553331,"1":0.3669620156},"activation_769_jaccard":{"0":0.2312807888,"1":0.231203869},"activation_769_recall_9":{"0":0.9900575876,"1":0.6409934163},"activation_769_precision_9":{"0":0.3296815157,"1":0.6687625647},"activation_769_accuracy":{"0":0.3736327589,"1":0.7905387878},"add_239_dice_coef":{"0":0.3480162919,"1":0.3489252329},"add_239_jaccard":{"0":0.2154774517,"1":0.2151916921},"add_239_recall_9":{"0":0.0004974282,"1":0.0},"add_239_precision_9":{"0":0.0812714919,"1":0.0},"add_239_accuracy":{"0":0.6887834668,"1":0.6903688312},"val_loss":{"0":2.8901705742,"1":2.6338772774},"val_side_6_loss":{"0":0.4797047079,"1":0.372739315},"val_side_7_loss":{"0":0.5582249761,"1":0.4770992994},"val_side_8_loss":{"0":0.5765733123,"1":0.5593517423},"val_activation_769_loss":{"0":0.6839090586,"1":0.6600147486},"val_add_239_loss":{"0":0.5917581916,"1":0.5646721721},"val_side_6_dice_coef":{"0":0.440771997,"1":0.5801184177},"val_side_6_jaccard":{"0":0.2858108878,"1":0.4123609066},"val_side_6_recall_9":{"0":0.3346322477,"1":0.7201324701},"val_side_6_precision_9":{"0":0.9820597172,"1":0.8488553166},"val_side_6_accuracy":{"0":0.7721233368,"1":0.8615080714},"val_side_7_dice_coef":{"0":0.3519028425,"1":0.4387553632},"val_side_7_jaccard":{"0":0.2159539461,"1":0.2839897573},"val_side_7_recall_9":{"0":0.0,"1":0.2900871933},"val_side_7_precision_9":{"0":0.0,"1":0.9902282357},"val_side_7_accuracy":{"0":0.6606349945,"1":0.7581093907},"val_side_8_dice_coef":{"0":0.3384624124,"1":0.3435353637},"val_side_8_jaccard":{"0":0.2063819319,"1":0.2096717954},"val_side_8_recall_9":{"0":0.0000056204,"1":0.0000056204},"val_side_8_precision_9":{"0":0.03125,"1":0.0422535203},"val_side_8_accuracy":{"0":0.6605784297,"1":0.6605942845},"val_activation_769_dice_coef":{"0":0.3937437832,"1":0.39403373},"val_activation_769_jaccard":{"0":0.2507770658,"1":0.2507399023},"val_activation_769_recall_9":{"0":0.8606582284,"1":0.4618977308},"val_activation_769_precision_9":{"0":0.5546122789,"1":0.810605824},"val_activation_769_accuracy":{"0":0.7181568146,"1":0.7807629704},"val_add_239_dice_coef":{"0":0.3658515811,"1":0.3753516972},"val_add_239_jaccard":{"0":0.227579996,"1":0.2344357669},"val_add_239_recall_9":{"0":0.0,"1":0.0},"val_add_239_precision_9":{"0":0.0,"1":0.0},"val_add_239_accuracy":{"0":0.6606337428,"1":0.6606349945}}