{"loss":{"0":3.4269442558,"1":2.571870327,"2":2.1527106762},"side_6_loss":{"0":0.5039704442,"1":0.3657926023,"2":0.3271376193},"side_7_loss":{"0":0.8888854384,"1":0.5469278097,"2":0.3989328444},"side_8_loss":{"0":0.6328441501,"1":0.492770642,"2":0.4119798541},"activation_116_loss":{"0":0.7723355293,"1":0.7076702118,"2":0.6341328025},"add_35_loss":{"0":0.6289088726,"1":0.4587087631,"2":0.3805275857},"side_6_dice_coef":{"0":0.5362878442,"1":0.6668922901,"2":0.7041807175},"side_6_jaccard":{"0":0.3727687597,"1":0.5056080222,"2":0.5491543412},"side_6_recall":{"0":0.6082092524,"1":0.6875466108,"2":0.7243077159},"side_6_precision":{"0":0.662460506,"1":0.8271235824,"2":0.8565033078},"side_6_accuracy":{"0":0.7728593946,"1":0.8523392677,"2":0.8714753985},"side_7_dice_coef":{"0":0.4771354795,"1":0.5758399367,"2":0.6441138387},"side_7_jaccard":{"0":0.3256557882,"1":0.4145156145,"2":0.4828607142},"side_7_recall":{"0":0.9328836203,"1":0.8416282535,"2":0.7657280564},"side_7_precision":{"0":0.3749415278,"1":0.5690186024,"2":0.741932869},"side_7_accuracy":{"0":0.4748484194,"1":0.7423847318,"2":0.8379476666},"side_8_dice_coef":{"0":0.383220911,"1":0.5001158714,"2":0.5908938646},"side_8_jaccard":{"0":0.2406828254,"1":0.3372462392,"2":0.4235482812},"side_8_recall":{"0":0.3562783003,"1":0.5749000311,"2":0.6684827805},"side_8_precision":{"0":0.4786548316,"1":0.7064983845,"2":0.783998251},"side_8_accuracy":{"0":0.6660079956,"1":0.7850813866,"2":0.8330671191},"activation_116_dice_coef":{"0":0.3854157031,"1":0.4183773994,"2":0.4562009573},"activation_116_jaccard":{"0":0.2455595285,"1":0.2716734409,"2":0.302524209},"activation_116_recall":{"0":0.5632157326,"1":0.6418808699,"2":0.7103587985},"activation_116_precision":{"0":0.3519313335,"1":0.4059390128,"2":0.4684031904},"activation_116_accuracy":{"0":0.5228815079,"1":0.5800034404,"2":0.6452711225},"add_35_dice_coef":{"0":0.4592453241,"1":0.546492219,"2":0.6001157761},"add_35_jaccard":{"0":0.3060551286,"1":0.3829726577,"2":0.4348199666},"add_35_recall":{"0":0.8513067365,"1":0.7908947468,"2":0.7563987374},"add_35_precision":{"0":0.4647425413,"1":0.7068057656,"2":0.8158277869},"add_35_accuracy":{"0":0.6344816089,"1":0.8261113167,"2":0.8658699989},"val_loss":{"0":3.1412053108,"1":2.9004044533,"2":2.8464038372},"val_side_6_loss":{"0":0.5192257166,"1":0.507178843,"2":0.5034105778},"val_side_7_loss":{"0":0.6427489519,"1":0.5194249153,"2":0.5228025913},"val_side_8_loss":{"0":0.655893147,"1":0.5984584689,"2":0.5678749084},"val_activation_116_loss":{"0":0.7034080625,"1":0.7332981825,"2":0.7468791008},"val_add_35_loss":{"0":0.6199297905,"1":0.5420440435,"2":0.5054368377},"val_side_6_dice_coef":{"0":0.4018554389,"1":0.3195588887,"2":0.3085237741},"val_side_6_jaccard":{"0":0.2560063303,"1":0.1919881701,"2":0.1848234534},"val_side_6_recall":{"0":0.6838185191,"1":0.0021954926,"2":0.0564134754},"val_side_6_precision":{"0":0.6658917665,"1":1.0,"2":1.0},"val_side_6_accuracy":{"0":0.8077443242,"1":0.7090275884,"2":0.7248382568},"val_side_7_dice_coef":{"0":0.3910968602,"1":0.3497675061,"2":0.2851051092},"val_side_7_jaccard":{"0":0.2520517111,"1":0.2176050693,"2":0.1704254597},"val_side_7_recall":{"0":0.9290204048,"1":0.1847985536,"2":0.0107550798},"val_side_7_precision":{"0":0.4229880869,"1":0.9985862374,"2":0.95656389},"val_side_7_accuracy":{"0":0.6097386479,"1":0.7622006536,"2":0.7113812566},"val_side_8_dice_coef":{"0":0.3461568654,"1":0.3625283539,"2":0.3335239291},"val_side_8_jaccard":{"0":0.2160461247,"1":0.2278174609,"2":0.2038342506},"val_side_8_recall":{"0":0.3429590464,"1":0.4954989254,"2":0.0531605706},"val_side_8_precision":{"0":0.8244531155,"1":0.8607532978,"2":0.8289589882},"val_side_8_accuracy":{"0":0.787103653,"1":0.8295059204,"2":0.7206910253},"val_activation_116_dice_coef":{"0":0.3597849011,"1":0.386677146,"2":0.4084200263},"val_activation_116_jaccard":{"0":0.2276036292,"1":0.2500404716,"2":0.2689706981},"val_activation_116_recall":{"0":0.9987223744,"1":0.9995966554,"2":0.9934113622},"val_activation_116_precision":{"0":0.2980992198,"1":0.2974121869,"2":0.3200511634},"val_activation_116_accuracy":{"0":0.3138771057,"1":0.311272949,"2":0.3826293945},"val_add_35_dice_coef":{"0":0.3811803162,"1":0.3563252687,"2":0.3384565711},"val_add_35_jaccard":{"0":0.2429792434,"1":0.2224969268,"2":0.2087788284},"val_add_35_recall":{"0":0.8673481941,"1":0.170709908,"2":0.0840457231},"val_add_35_precision":{"0":0.589881897,"1":1.0,"2":1.0},"val_add_35_accuracy":{"0":0.7854664922,"1":0.7581685185,"2":0.7328961492}}