{"loss":{"0":0.6518541574,"1":0.5779151917,"2":0.4989922643,"3":0.453073591,"4":0.358538121,"5":0.3357253671,"6":0.2870752513,"7":0.2838469446,"8":0.2697207332,"9":0.2670274377},"dice_coef":{"0":0.3445237875,"1":0.3506637216,"2":0.4181140065,"3":0.4700520635,"4":0.6375431418,"5":0.6801134348,"6":0.7338213325,"7":0.735461235,"8":0.7464524508,"9":0.7610620856},"jacard":{"0":0.212524578,"1":0.2164420336,"2":0.2665842175,"3":0.3102295995,"4":0.4756836295,"5":0.5246216059,"6":0.5884920359,"7":0.5893697143,"8":0.6049940586,"9":0.6224866509},"recall":{"0":0.078684397,"1":0.0002447029,"2":0.050071232,"3":0.4236937463,"4":0.6561334729,"5":0.6741708517,"6":0.7307900786,"7":0.7428731322,"8":0.7610877156,"9":0.7553113103},"precision":{"0":0.3175403774,"1":0.1169344857,"2":0.8077642322,"3":0.8460806012,"4":0.8816456795,"5":0.9098646641,"6":0.9107825756,"7":0.9099841118,"8":0.9145401716,"9":0.9215384722},"accuracy":{"0":0.0377604179,"1":0.0883138031,"2":0.0741970465,"3":0.046582032,"4":0.0281575527,"5":0.0136610242,"6":0.0078776041,"7":0.008821615,"8":0.0072482638,"9":0.0071614585}}