,loss,side_6_loss,side_7_loss,side_8_loss,activation_92_loss,add_23_loss,side_6_dice_coef,side_6_jacard,side_6_recall,side_6_precision,side_6_accuracy,side_7_dice_coef,side_7_jacard,side_7_recall,side_7_precision,side_7_accuracy,side_8_dice_coef,side_8_jacard,side_8_recall,side_8_precision,side_8_accuracy,activation_92_dice_coef,activation_92_jacard,activation_92_recall,activation_92_precision,activation_92_accuracy,add_23_dice_coef,add_23_jacard,add_23_recall,add_23_precision,add_23_accuracy,val_loss,val_side_6_loss,val_side_7_loss,val_side_8_loss,val_activation_92_loss,val_add_23_loss,val_side_6_dice_coef,val_side_6_jacard,val_side_6_recall,val_side_6_precision,val_side_6_accuracy,val_side_7_dice_coef,val_side_7_jacard,val_side_7_recall,val_side_7_precision,val_side_7_accuracy,val_side_8_dice_coef,val_side_8_jacard,val_side_8_recall,val_side_8_precision,val_side_8_accuracy,val_activation_92_dice_coef,val_activation_92_jacard,val_activation_92_recall,val_activation_92_precision,val_activation_92_accuracy,val_add_23_dice_coef,val_add_23_jacard,val_add_23_recall,val_add_23_precision,val_add_23_accuracy
0,3.4672465324401855,0.6552587151527405,0.6725225448608398,0.7105526328086853,0.7230600118637085,0.7058519124984741,0.3447414040565491,0.21934311091899872,0.8473478555679321,0.2277088463306427,0.5037438273429871,0.32747724652290344,0.2061457335948944,0.8963257074356079,0.20894281566143036,0.42720308899879456,0.2894473373889923,0.17763589322566986,0.8712985515594482,0.2058153748512268,0.4281514286994934,0.2769396901130676,0.16787442564964294,0.9998223781585693,0.16488835215568542,0.17262431979179382,0.29414814710617065,0.18042859435081482,0.9473839998245239,0.20640155673027039,0.39436885714530945,3.1945767402648926,0.6126667857170105,0.6109722256660461,0.6164787411689758,0.7044357657432556,0.6500234007835388,0.3873332440853119,0.25217264890670776,0.7960208058357239,0.2816101610660553,0.626026451587677,0.38902780413627625,0.25365424156188965,0.798803448677063,0.28283169865608215,0.6273964047431946,0.38352110981941223,0.24899084866046906,0.8107509613037109,0.27957186102867126,0.6189284324645996,0.295564204454422,0.1824340969324112,0.9889627695083618,0.19140495359897614,0.3025399148464203,0.3499765396118164,0.22249934077262878,0.8145662546157837,0.278056800365448,0.6151827573776245
