{"loss":{"0":3.4672465324},"side_6_loss":{"0":0.6552587152},"side_7_loss":{"0":0.6725225449},"side_8_loss":{"0":0.7105526328},"activation_92_loss":{"0":0.7230600119},"add_23_loss":{"0":0.7058519125},"side_6_dice_coef":{"0":0.3447414041},"side_6_jacard":{"0":0.2193431109},"side_6_recall":{"0":0.8473478556},"side_6_precision":{"0":0.2277088463},"side_6_accuracy":{"0":0.5037438273},"side_7_dice_coef":{"0":0.3274772465},"side_7_jacard":{"0":0.2061457336},"side_7_recall":{"0":0.8963257074},"side_7_precision":{"0":0.2089428157},"side_7_accuracy":{"0":0.427203089},"side_8_dice_coef":{"0":0.2894473374},"side_8_jacard":{"0":0.1776358932},"side_8_recall":{"0":0.8712985516},"side_8_precision":{"0":0.2058153749},"side_8_accuracy":{"0":0.4281514287},"activation_92_dice_coef":{"0":0.2769396901},"activation_92_jacard":{"0":0.1678744256},"activation_92_recall":{"0":0.9998223782},"activation_92_precision":{"0":0.1648883522},"activation_92_accuracy":{"0":0.1726243198},"add_23_dice_coef":{"0":0.2941481471},"add_23_jacard":{"0":0.1804285944},"add_23_recall":{"0":0.9473839998},"add_23_precision":{"0":0.2064015567},"add_23_accuracy":{"0":0.3943688571},"val_loss":{"0":3.1945767403},"val_side_6_loss":{"0":0.6126667857},"val_side_7_loss":{"0":0.6109722257},"val_side_8_loss":{"0":0.6164787412},"val_activation_92_loss":{"0":0.7044357657},"val_add_23_loss":{"0":0.6500234008},"val_side_6_dice_coef":{"0":0.3873332441},"val_side_6_jacard":{"0":0.2521726489},"val_side_6_recall":{"0":0.7960208058},"val_side_6_precision":{"0":0.2816101611},"val_side_6_accuracy":{"0":0.6260264516},"val_side_7_dice_coef":{"0":0.3890278041},"val_side_7_jacard":{"0":0.2536542416},"val_side_7_recall":{"0":0.7988034487},"val_side_7_precision":{"0":0.2828316987},"val_side_7_accuracy":{"0":0.6273964047},"val_side_8_dice_coef":{"0":0.3835211098},"val_side_8_jacard":{"0":0.2489908487},"val_side_8_recall":{"0":0.8107509613},"val_side_8_precision":{"0":0.279571861},"val_side_8_accuracy":{"0":0.6189284325},"val_activation_92_dice_coef":{"0":0.2955642045},"val_activation_92_jacard":{"0":0.1824340969},"val_activation_92_recall":{"0":0.9889627695},"val_activation_92_precision":{"0":0.1914049536},"val_activation_92_accuracy":{"0":0.3025399148},"val_add_23_dice_coef":{"0":0.3499765396},"val_add_23_jacard":{"0":0.2224993408},"val_add_23_recall":{"0":0.8145662546},"val_add_23_precision":{"0":0.2780568004},"val_add_23_accuracy":{"0":0.6151827574}}