{"loss":{"0":0.0383014232,"1":0.0261397958,"2":0.0238645785,"3":0.0222655237,"4":0.020683568},"dice_coef":{"0":0.1869045347,"1":0.2811349034,"2":0.3062387109,"3":0.3283319473,"4":0.3429019153},"jacard":{"0":0.1176076904,"1":0.1888740808,"2":0.2108829767,"3":0.2313236743,"4":0.2451753318},"recall":{"0":0.2265448421,"1":0.4064275324,"2":0.4537427425,"3":0.4900836051,"4":0.5308019519},"precision":{"0":0.5535964966,"1":0.6698191166,"2":0.6874373555,"3":0.7083950043,"4":0.721154809},"accuracy":{"0":0.0474318787,"1":0.0391176678,"2":0.0621681251,"3":0.0440079905,"4":0.0484664999}}