,loss,dice_coef,jacard,recall,precision,accuracy
0,0.03676057234406471,0.18916943669319153,0.11928035318851471,0.2284814864397049,0.6317766904830933,0.06843996047973633
1,0.025622839108109474,0.2892422676086426,0.1951722502708435,0.42040693759918213,0.6771580576896667,0.05195451155304909
2,0.023169690743088722,0.3192179203033447,0.22260496020317078,0.48043951392173767,0.7001646757125854,0.08182675391435623
3,0.021523457020521164,0.3371928334236145,0.23943276703357697,0.5135471820831299,0.7156418561935425,0.10238395631313324
4,0.020243795588612556,0.3576976954936981,0.25853604078292847,0.55189448595047,0.7269019484519958,0.08316176384687424
