{"loss":{"0":0.0367605723,"1":0.0256228391,"2":0.0231696907,"3":0.021523457,"4":0.0202437956},"dice_coef":{"0":0.1891694367,"1":0.2892422676,"2":0.3192179203,"3":0.3371928334,"4":0.3576976955},"jacard":{"0":0.1192803532,"1":0.1951722503,"2":0.2226049602,"3":0.239432767,"4":0.2585360408},"recall":{"0":0.2284814864,"1":0.4204069376,"2":0.4804395139,"3":0.5135471821,"4":0.551894486},"precision":{"0":0.6317766905,"1":0.6771580577,"2":0.7001646757,"3":0.7156418562,"4":0.7269019485},"accuracy":{"0":0.0684399605,"1":0.0519545116,"2":0.0818267539,"3":0.1023839563,"4":0.0831617638}}