,loss,dice_coef,jacard,recall,precision,accuracy
0,0.03830142319202423,0.18690453469753265,0.11760769039392471,0.2265448421239853,0.5535964965820312,0.04743187874555588
1,0.026139795780181885,0.2811349034309387,0.18887408077716827,0.4064275324344635,0.6698191165924072,0.03911766782402992
2,0.02386457845568657,0.30623871088027954,0.2108829766511917,0.45374274253845215,0.6874373555183411,0.06216812506318092
3,0.022265523672103882,0.32833194732666016,0.23132367432117462,0.49008360505104065,0.7083950042724609,0.04400799050927162
4,0.020683567970991135,0.34290191531181335,0.2451753318309784,0.5308019518852234,0.7211548089981079,0.04846649989485741
