{"loss":{"0":2.6511125565,"1":1.9919946194,"2":1.669552803,"3":1.4782902002,"4":1.3516795635,"5":1.2603529692,"6":1.1879235506,"7":1.1253404617,"8":1.0660998821,"9":1.0065642595},"side_6_loss":{"0":0.4690707624,"1":0.2839797437,"2":0.2221645564,"3":0.1950437725,"4":0.1766778827,"5":0.162075907,"6":0.1493421793,"7":0.1374044716,"8":0.1250396371,"9":0.1122715026},"side_7_loss":{"0":0.5268598795,"1":0.3597803414,"2":0.278642714,"3":0.2281929702,"4":0.198484078,"5":0.1797577292,"6":0.165511325,"7":0.1530058682,"8":0.1406195015,"9":0.1272268593},"side_8_loss":{"0":0.561385572,"1":0.4683254659,"2":0.3889245689,"3":0.3314721584,"4":0.2887477577,"5":0.2561065853,"6":0.2306852639,"7":0.2099529207,"8":0.1920225918,"9":0.1750743091},"activation_64_loss":{"0":0.6013643742,"1":0.5527265668,"2":0.5161142349,"3":0.4935824573,"4":0.4801918864,"5":0.4715256095,"6":0.4652527571,"7":0.4602035582,"8":0.4559001029,"9":0.4520161748},"add_26_loss":{"0":0.4918374419,"1":0.3265868723,"2":0.2631103098,"3":0.2294014394,"4":0.2069800496,"5":0.1902883798,"6":0.1765326858,"7":0.1641737223,"8":0.1519173384,"9":0.1393741369},"side_6_dice_coef":{"0":0.5309292674,"1":0.7160202265,"2":0.7778354883,"3":0.8049560785,"4":0.8233222365,"5":0.837924242,"6":0.8506578803,"7":0.8625956774,"8":0.8749603033,"9":0.8877286315},"side_6_jacard":{"0":0.3778804541,"1":0.5788816214,"2":0.6538097858,"3":0.688421011,"4":0.7130642533,"5":0.7333006263,"6":0.7512866855,"7":0.7684628367,"8":0.786524713,"9":0.8055665493},"side_6_recall":{"0":0.8192515969,"1":0.8495849967,"2":0.808006227,"3":0.8033906817,"4":0.8122324944,"5":0.825647831,"6":0.8379342556,"7":0.8493712544,"8":0.861433506,"9":0.8739790916},"side_6_precision":{"0":0.4770389199,"1":0.7128207684,"2":0.8191488981,"3":0.8553515673,"4":0.8743149638,"5":0.8867942095,"6":0.8971261382,"7":0.9072398543,"8":0.9183874726,"9":0.9293314815},"side_6_accuracy":{"0":0.6366457939,"1":0.8340643048,"2":0.8752570152,"3":0.8880262375,"4":0.8974370956,"5":0.9057814479,"6":0.9130561948,"7":0.9200210571,"8":0.927549839,"9":0.9351739883},"side_7_dice_coef":{"0":0.4731400907,"1":0.6402196288,"2":0.7213572264,"3":0.7718070745,"4":0.8015161157,"5":0.8202422857,"6":0.8344886899,"7":0.8469938636,"8":0.859380722,"9":0.8727731109},"side_7_jacard":{"0":0.3208073378,"1":0.4882493615,"2":0.5830816031,"3":0.64568609,"4":0.6841506362,"5":0.7092455626,"6":0.728857398,"7":0.7464321852,"8":0.7641749978,"9":0.783723712},"side_7_recall":{"0":0.7269889712,"1":0.865575254,"2":0.8392429352,"3":0.8114584684,"4":0.8015019894,"5":0.8041396737,"6":0.8112989664,"7":0.8208052516,"8":0.8324635625,"9":0.8465881944},"side_7_precision":{"0":0.4405766428,"1":0.6109473705,"2":0.7359573245,"3":0.8242636919,"4":0.8651741743,"5":0.8838195801,"6":0.8958858848,"7":0.9053438902,"8":0.9144225717,"9":0.9243981242},"side_7_accuracy":{"0":0.5971595645,"1":0.7690863609,"2":0.8444501758,"3":0.878233254,"4":0.8910806775,"5":0.8984344602,"6":0.9046926498,"7":0.9107457995,"8":0.9173362851,"9":0.9250130653},"side_8_dice_coef":{"0":0.438614428,"1":0.5316745043,"2":0.6110754013,"3":0.6685278416,"4":0.7112522125,"5":0.7438934445,"6":0.7693145275,"7":0.7900471687,"8":0.8079771996,"9":0.8249256611},"side_8_jacard":{"0":0.2900099456,"1":0.3733683825,"2":0.4535636008,"3":0.5176531672,"4":0.5687161684,"5":0.6095843911,"6":0.6422684193,"7":0.669349432,"8":0.6931016445,"9":0.7160068154},"side_8_recall":{"0":0.7549253702,"1":0.8671001196,"2":0.8549391627,"3":0.8361333609,"4":0.8217561841,"5":0.8107274771,"6":0.8041448593,"7":0.8019036055,"8":0.8037824035,"9":0.8100540042},"side_8_precision":{"0":0.3828035593,"1":0.488945663,"2":0.6007832885,"3":0.6825090647,"4":0.7464841604,"5":0.7961087823,"6":0.8323560953,"7":0.8596061468,"8":0.8812506199,"9":0.8993936777},"side_8_accuracy":{"0":0.5075260997,"1":0.6500021815,"2":0.7598118782,"3":0.8138138652,"4":0.8459768295,"5":0.8663242459,"6":0.8794897199,"7":0.889172852,"8":0.8974370956,"9":0.9055097699},"activation_64_dice_coef":{"0":0.3986357152,"1":0.4472735524,"2":0.4838857651,"3":0.5064175129,"4":0.519808054,"5":0.5284744501,"6":0.5347471833,"7":0.539796412,"8":0.5440998673,"9":0.5479838252},"activation_64_jacard":{"0":0.2564300001,"1":0.2957274318,"2":0.3267845511,"3":0.3467014432,"4":0.3588524461,"5":0.3668574393,"6":0.3727379143,"7":0.3775375187,"8":0.3816830218,"9":0.3854773939},"activation_64_recall":{"0":0.5636546612,"1":0.6683462858,"2":0.7359780073,"3":0.7731021047,"4":0.7920339704,"5":0.8030664921,"6":0.8106817007,"7":0.8171656728,"8":0.8231993914,"9":0.8296819329},"activation_64_precision":{"0":0.3618398011,"1":0.4510498047,"2":0.5271887183,"3":0.5792443156,"4":0.6137990952,"5":0.6390220523,"6":0.6588580012,"7":0.6755355597,"8":0.6902838349,"9":0.7038835287},"activation_64_accuracy":{"0":0.5182388425,"1":0.6143503189,"2":0.6887741089,"3":0.7344490886,"4":0.7621191144,"5":0.7808896899,"6":0.7948691249,"7":0.8062346578,"8":0.8160594106,"9":0.8250843883},"add_26_dice_coef":{"0":0.5081624985,"1":0.6734130979,"2":0.7368897796,"3":0.7705985308,"4":0.7930198312,"5":0.8097114563,"6":0.8234674335,"7":0.8358261585,"8":0.8480826616,"9":0.8606257439},"add_26_jacard":{"0":0.3544281125,"1":0.5255531669,"2":0.5992439985,"3":0.6410447359,"4":0.6701789498,"5":0.6925420165,"6":0.7112899423,"7":0.7283974886,"8":0.7455840111,"9":0.7634988427},"add_26_recall":{"0":0.8333078623,"1":0.8582016826,"2":0.8150711656,"3":0.8069764972,"4":0.8136048913,"5":0.8242791891,"6":0.8355472088,"7":0.8467085361,"8":0.8587727547,"9":0.8719983697},"add_26_precision":{"0":0.476097405,"1":0.706520319,"2":0.816202879,"3":0.856344521,"4":0.8761091232,"5":0.8887430429,"6":0.8987615705,"7":0.9087030292,"8":0.9194361567,"9":0.9305061102},"add_26_accuracy":{"0":0.6350266337,"1":0.8321812749,"2":0.8759015203,"3":0.889398098,"4":0.8984746933,"5":0.906065762,"6":0.9129152298,"7":0.9197220802,"8":0.9270925522,"9":0.9349565506},"val_loss":{"0":3.1657214165,"1":3.6442723274,"2":4.0387387276,"3":4.0437159538,"4":2.9951870441,"5":2.104539156,"6":1.7103511095,"7":1.4701347351,"8":1.2768337727,"9":1.1916252375},"val_side_6_loss":{"0":0.6820684671,"1":0.8798908591,"2":0.9526517391,"3":0.9490712285,"4":0.6714203358,"5":0.4435886443,"6":0.3306353986,"7":0.2593669593,"8":0.2020039707,"9":0.18070665},"val_side_7_loss":{"0":0.6036866903,"1":0.6743590832,"2":0.7560597658,"3":0.77580899,"4":0.5448331833,"5":0.3809894323,"6":0.299890697,"7":0.236415863,"8":0.1901268959,"9":0.1722178608},"val_side_8_loss":{"0":0.6273921132,"1":0.7017810345,"2":0.8534530997,"3":0.8485482335,"4":0.5916557908,"5":0.3324429989,"6":0.2573054433,"7":0.2349773645,"8":0.2113997489,"9":0.196685195},"val_activation_64_loss":{"0":0.595318377,"1":0.5957552791,"2":0.602118969,"3":0.5914620161,"4":0.5536697507,"5":0.5198151469,"6":0.4921601117,"7":0.4709492326,"8":0.4554407001,"9":0.4444533288},"val_add_26_loss":{"0":0.6566607952,"1":0.7918900251,"2":0.873857379,"3":0.8782272935,"4":0.6330094337,"5":0.4271036983,"6":0.3297596276,"7":0.267824918,"8":0.2172615975,"9":0.1969605982},"val_side_6_dice_coef":{"0":0.3179315627,"1":0.1201092079,"2":0.0473482832,"3":0.0509287752,"4":0.3285796642,"5":0.5564113259,"6":0.6693645716,"7":0.7406330705,"8":0.7979960442,"9":0.8192933798},"val_side_6_jacard":{"0":0.1918557137,"1":0.0640268549,"2":0.0242983941,"3":0.0264477022,"4":0.2170122564,"5":0.4281078279,"6":0.5326901674,"7":0.607186079,"8":0.6770256758,"9":0.706233263},"val_side_6_recall":{"0":0.0002686395,"1":0.0,"2":0.0,"3":0.0,"4":0.1742536724,"5":0.3865531683,"6":0.5238907933,"7":0.6426904202,"8":0.7662988901,"9":0.8335750103},"val_side_6_precision":{"0":0.0631720424,"1":0.0,"2":0.0,"3":0.0,"4":0.9934717417,"5":0.9459311962,"6":0.8873044848,"7":0.8483631611,"8":0.8365676403,"9":0.8247113824},"val_side_6_accuracy":{"0":0.6650587916,"1":0.6662902832,"2":0.6662985682,"3":0.6662985682,"4":0.724065125,"5":0.7879187465,"6":0.8189175725,"7":0.8424313664,"8":0.8720569611,"9":0.8853409886},"val_side_7_dice_coef":{"0":0.3963133395,"1":0.3256408274,"2":0.2439402342,"3":0.22419101,