{"loss":{"0":2.6511125565,"1":1.9919946194},"side_6_loss":{"0":0.4690707624,"1":0.2839797437},"side_7_loss":{"0":0.5268598795,"1":0.3597803414},"side_8_loss":{"0":0.561385572,"1":0.4683254659},"activation_64_loss":{"0":0.6013643742,"1":0.5527265668},"add_26_loss":{"0":0.4918374419,"1":0.3265868723},"side_6_dice_coef":{"0":0.5309292674,"1":0.7160202265},"side_6_jacard":{"0":0.3778804541,"1":0.5788816214},"side_6_recall":{"0":0.8192515969,"1":0.8495849967},"side_6_precision":{"0":0.4770389199,"1":0.7128207684},"side_6_accuracy":{"0":0.6366457939,"1":0.8340643048},"side_7_dice_coef":{"0":0.4731400907,"1":0.6402196288},"side_7_jacard":{"0":0.3208073378,"1":0.4882493615},"side_7_recall":{"0":0.7269889712,"1":0.865575254},"side_7_precision":{"0":0.4405766428,"1":0.6109473705},"side_7_accuracy":{"0":0.5971595645,"1":0.7690863609},"side_8_dice_coef":{"0":0.438614428,"1":0.5316745043},"side_8_jacard":{"0":0.2900099456,"1":0.3733683825},"side_8_recall":{"0":0.7549253702,"1":0.8671001196},"side_8_precision":{"0":0.3828035593,"1":0.488945663},"side_8_accuracy":{"0":0.5075260997,"1":0.6500021815},"activation_64_dice_coef":{"0":0.3986357152,"1":0.4472735524},"activation_64_jacard":{"0":0.2564300001,"1":0.2957274318},"activation_64_recall":{"0":0.5636546612,"1":0.6683462858},"activation_64_precision":{"0":0.3618398011,"1":0.4510498047},"activation_64_accuracy":{"0":0.5182388425,"1":0.6143503189},"add_26_dice_coef":{"0":0.5081624985,"1":0.6734130979},"add_26_jacard":{"0":0.3544281125,"1":0.5255531669},"add_26_recall":{"0":0.8333078623,"1":0.8582016826},"add_26_precision":{"0":0.476097405,"1":0.706520319},"add_26_accuracy":{"0":0.6350266337,"1":0.8321812749},"val_loss":{"0":3.1657214165,"1":3.6442723274},"val_side_6_loss":{"0":0.6820684671,"1":0.8798908591},"val_side_7_loss":{"0":0.6036866903,"1":0.6743590832},"val_side_8_loss":{"0":0.6273921132,"1":0.7017810345},"val_activation_64_loss":{"0":0.595318377,"1":0.5957552791},"val_add_26_loss":{"0":0.6566607952,"1":0.7918900251},"val_side_6_dice_coef":{"0":0.3179315627,"1":0.1201092079},"val_side_6_jacard":{"0":0.1918557137,"1":0.0640268549},"val_side_6_recall":{"0":0.0002686395,"1":0.0},"val_side_6_precision":{"0":0.0631720424,"1":0.0},"val_side_6_accuracy":{"0":0.6650587916,"1":0.6662902832},"val_side_7_dice_coef":{"0":0.3963133395,"1":0.3256408274},"val_side_7_jacard":{"0":0.2543762326,"1":0.1978329718},"val_side_7_recall":{"0":0.9929143786,"1":0.0229353346},"val_side_7_precision":{"0":0.3600194752,"1":0.479429692},"val_side_7_accuracy":{"0":0.4086418152,"1":0.6656417847},"val_side_8_dice_coef":{"0":0.3726079464,"1":0.2982189953},"val_side_8_jacard":{"0":0.234853223,"1":0.1777424067},"val_side_8_recall":{"0":0.0835849866,"1":0.0},"val_side_8_precision":{"0":0.3253101408,"1":0.0},"val_side_8_accuracy":{"0":0.6363423467,"1":0.6662604213},"val_activation_64_dice_coef":{"0":0.4046816528,"1":0.4042447209},"val_activation_64_jacard":{"0":0.2614639401,"1":0.2607676685},"val_activation_64_recall":{"0":0.9984072447,"1":0.9771732688},"val_activation_64_precision":{"0":0.3359459639,"1":0.3921692371},"val_activation_64_accuracy":{"0":0.3409017026,"1":0.4869785309},"val_add_26_dice_coef":{"0":0.3433392048,"1":0.2081100345},"val_add_26_jacard":{"0":0.2111534476,"1":0.1167208478},"val_add_26_recall":{"0":0.0007125615,"1":0.0},"val_add_26_precision":{"0":0.0938990712,"1":0.0},"val_add_26_accuracy":{"0":0.6642417908,"1":0.6662928462}}