{"loss":{"0":2.8743684292,"1":2.2013645172,"2":1.7972841263,"3":1.5482017994,"4":1.3809155226,"5":1.2432358265,"6":1.1202529669,"7":1.0235698223,"8":0.9658930302,"9":0.9271203279},"side_6_loss":{"0":0.4793235362,"1":0.247991994,"2":0.1479181498,"3":0.1093696132,"4":0.0900876448,"5":0.0791524574,"6":0.0715037435,"7":0.0656030402,"8":0.0606984086,"9":0.056476973},"side_7_loss":{"0":0.5535422564,"1":0.3570065498,"2":0.2346251607,"3":0.1451191753,"4":0.101109013,"5":0.0808274001,"6":0.0695605129,"7":0.0615736991,"8":0.0550658852,"9":0.0493303314},"side_8_loss":{"0":0.6183643341,"1":0.5307562947,"2":0.4433536828,"3":0.3766087294,"4":0.3131151497,"5":0.2429525405,"6":0.171209842,"7":0.1134731993,"8":0.0842450261,"9":0.0681200996},"activation_64_loss":{"0":0.634236455,"1":0.5777425766,"2":0.5416352749,"3":0.5224691033,"4":0.5085764527,"5":0.4962621033,"6":0.4853061736,"7":0.4765229523,"8":0.469545722,"9":0.4638640583},"add_26_loss":{"0":0.5883070827,"1":0.4872707725,"2":0.4291552007,"3":0.3940373957,"4":0.3674288094,"5":0.3434422016,"6":0.3220730126,"7":0.3057964742,"8":0.2957372367,"9":0.2887277603},"side_6_dice_coef":{"0":0.5226497054,"1":0.7533338666,"2":0.8527159095,"3":0.8910157681,"4":0.9102002382,"5":0.9210845232,"6":0.9286982417,"7":0.9345675707,"8":0.9394459128,"9":0.9436445236},"side_6_jacard":{"0":0.360762924,"1":0.6102624536,"2":0.7459343672,"3":0.8047967553,"4":0.8359453082,"5":0.8541779518,"6":0.8672220707,"7":0.8774178624,"8":0.8859929442,"9":0.893445909},"side_6_recall":{"0":0.9088153839,"1":0.9236002564,"2":0.9054187536,"3":0.9221656322,"4":0.9342285991,"5":0.9406871796,"6":0.9447347522,"7":0.948495388,"8":0.9517433047,"9":0.9544983506},"side_6_precision":{"0":0.4194112718,"1":0.7179840207,"2":0.8593934178,"3":0.8957175612,"4":0.9135540128,"5":0.9230915904,"6":0.9302216172,"7":0.9368641973,"8":0.9421280026,"9":0.946745038},"side_6_accuracy":{"0":0.6509888172,"1":0.886038959,"2":0.9368385673,"3":0.9516955018,"4":0.9597111344,"5":0.9639647603,"6":0.9669498205,"7":0.9697220922,"8":0.9719709754,"9":0.9739165306},"side_7_dice_coef":{"0":0.4481739104,"1":0.644266665,"2":0.7665423751,"3":0.8555679917,"4":0.8992942572,"5":0.9194514751,"6":0.9306563735,"7":0.9386059046,"8":0.9450932145,"9":0.9508167505},"side_7_jacard":{"0":0.2929626107,"1":0.4795433581,"2":0.6264986992,"3":0.7508259416,"4":0.8186842799,"5":0.851903677,"6":0.8709555864,"7":0.8847857118,"8":0.8962552547,"9":0.90650177},"side_7_recall":{"0":0.7962950468,"1":0.9342644811,"2":0.914560616,"3":0.9147924185,"4":0.9283359051,"5":0.9408392906,"6":0.9501293302,"7":0.9564563632,"8":0.9607085586,"9":0.9637956619},"side_7_precision":{"0":0.3841691315,"1":0.5861119628,"2":0.7662489414,"3":0.8878158331,"4":0.9244315028,"5":0.9341803789,"6":0.9377797842,"7":0.9418555498,"8":0.9475165009,"9":0.9538711309},"side_7_accuracy":{"0":0.6172946692,"1":0.8120710254,"2":0.9053882957,"3":0.947684288,"4":0.9614459872,"5":0.9671402574,"6":0.9703516364,"7":0.9730063677,"8":0.9756063223,"9":0.9781209826},"side_8_dice_coef":{"0":0.3822208047,"1":0.4701234996,"2":0.5574709773,"3":0.6242383122,"4":0.6877763271,"5":0.7579387426,"6":0.8295773268,"7":0.8870298862,"8":0.9160879254,"9":0.9321312904},"side_8_jacard":{"0":0.2371997833,"1":0.309147507,"2":0.3887837827,"3":0.4565730691,"4":0.5274819136,"5":0.6139695048,"6":0.712238133,"7":0.7992636561,"8":0.8465004563,"9":0.8737365007},"side_8_recall":{"0":0.7671663165,"1":0.9108730555,"2":0.928581655,"3":0.9226650596,"4":0.9200143218,"5":0.9213067889,"6":0.9259946346,"7":0.9334873557,"8":0.9425455928,"9":0.9505105615},"side_8_precision":{"0":0.3145371079,"1":0.4053329229,"2":0.4888040125,"3":0.5656756163,"4":0.6444323659,"5":0.7493931651,"6":0.8583471179,"7":0.9378627539,"8":0.9574149847,"9":0.9631928205},"side_8_accuracy":{"0":0.5076708794,"1":0.6313347816,"2":0.7302415967,"3":0.7966135144,"4":0.8478314877,"5":0.8997355103,"6":0.9410736561,"7":0.9664920568,"8":0.9739534259,"9":0.9774314165},"activation_64_dice_coef":{"0":0.3660569489,"1":0.4225636423,"2":0.4586362243,"3":0.4778290987,"4":0.4917593598,"5":0.5040901303,"6":0.5150303841,"7":0.52379632,"8":0.530761838,"9":0.5364360213},"activation_64_jacard":{"0":0.2247295976,"1":0.2688053846,"2":0.2985935211,"3":0.3150410354,"4":0.3272182345,"5":0.3381508589,"6":0.3479828238,"7":0.3559611142,"8":0.3623711169,"9":0.3676427305},"activation_64_recall":{"0":0.6104972363,"1":0.774392724,"2":0.8423764706,"3":0.8699164391,"4":0.8881597519,"5":0.9042318463,"6":0.9197579026,"7":0.931632936,"8":0.9408917427,"9":0.9483678937},"activation_64_precision":{"0":0.3051251173,"1":0.4224963784,"2":0.4966763556,"3":0.5324325562,"4":0.5562993884,"5":0.5780880451,"6":0.6011223197,"7":0.6256444454,"8":0.6512536407,"9":0.677455008},"activation_64_accuracy":{"0":0.5400640965,"1":0.6680061221,"2":0.7384544015,"3":0.7687247396,"4":0.787774086,"5":0.804430306,"6":0.8212422729,"7":0.837951839,"8":0.8541719317,"9":0.8695989251},"add_26_dice_coef":{"0":0.4125038981,"1":0.5134055614,"2":0.5713852644,"3":0.6064622402,"4":0.6330675483,"5":0.6570401788,"6":0.6783644557,"7":0.6945756078,"8":0.7045956254,"9":0.7115832567},"add_26_jacard":{"0":0.2613258362,"1":0.3470300734,"2":0.4016181827,"3":0.4368798137,"4":0.4648336172,"5":0.4909256101,"6":0.5148505569,"7":0.5334963202,"8":0.5452383757,"9":0.5535519719},"add_26_recall":{"0":0.8658223748,"1":0.9350602031,"2":0.9224432111,"3":0.9331327081,"4":0.940828681,"5":0.9430045485,"6":0.9446935654,"7":0.9480238557,"8":0.9530371428,"9":0.9580717087},"add_26_precision":{"0":0.4052512646,"1":0.6045569777,"2":0.7159253359,"3":0.7610084414,"4":0.8070348501,"5":0.864489913,"6":0.9120069742,"7":0.9430043697,"8":0.9533759356,"9":0.958756268},"add_26_accuracy":{"0":0.6366702318,"1":0.8247125149,"2":0.8849508166,"3":0.9065604806,"4":0.9261481762,"5":0.9466460347,"6":0.9617379904,"7":0.9713426232,"8":0.9753877521,"9":0.9780752063},"val_loss":{"0":3.3236486912,"1":3.5540268421,"2":3.772094965,"3":3.9234793186,"4":4.044230938,"5":4.1606440544,"6":4.224594593,"7":4.2280459404,"8":4.063305378,"9":3.2149596214},"val_side_6_loss":{"0":0.7034990788,"1":0.8973896503,"2":0.9821233749,"3":0.9961047769,"4":0.9987952709,"5":0.9993439317,"6":0.9974661469,"7":0.9791751504,"8":0.9216729999,"9":0.6630248427},"val_side_7_loss":{"0":0.6528051496,"1":0.6843046546,"2":0.8137866855,"3":0.9398676157,"4":0.9837355018,"5":0.9938187003,"6":0.991550684,"7":0.9683018327,"8":0.9033504128,"9":0.6367968321},"val_side_8_loss":{"0":0.656629622,"1":0.6715070605,"2":0.696623981,"3":0.7321547866,"4":0.8015450835,"5":0.8848161101,"6":0.9260345101,"7":0.9367519021,"8":0.8951854706,"9":0.6743099093},"val_activation_64_loss":{"0":0.6465488672,"1":0.6230888367,"2":0.6035678387,"3":0.5851855278,"4":0.5818889141,"5":0.5876629353,"6":0.5998785496,"7":0.6212798357,"8":0.628654182,"9":0.6107626557},"val_add_26_loss":{"0":0.6635711193,"1":0.6771406531,"2":0.6753957272,"3":0.6695683599,"4":0.6776673794,"5":0.6944034696,"6":0.7090656757,"7":0.7219365239,"8":0.7138411999,"9":0.6294641495},"val_side_6_dice_coef":{"0":0.2965008616,"1":0.1026103273,"2":0.0178766139,"3":0.0038952166,"4":0.001204825,"5":0.0006560501,"6":0.0025338111,"7":0.0208248459,"8":0.0783269629,"9":0.3369751573},"val_side_6_jacard":{"0":0.1742404699,"1":0.054083515,"2":0.0090189613,"3":0.0019514128,"4":0.0006027772,"5":0.0003281355,"6":0.0012702113,"7":0.010585567,"8":0.0413948447,"9":0.2099545151},"val_side_6_recall":{"0":0.0,"1":0.0,"2":0.0,"3":0.0,"4":0.0,"5":0.0,"6":0.0,"7":0.0085631842,"8":0.0363165736,"9":0.1980400234},"val_side_6_precision":{"0":0.0,"1":0.0,"2":0.0,"3":0.0,"4":0.0,"5":0.0,"6":0.0,"7":1.0,"8":0.9794253707,"9":0.9828492999},"val_side_6_accuracy":{"0":0.7402801514,"1":0.7408946753,"2":0.7408946753,"3":0.7408946753,"4":0.7408946753,"5":0.7408946753,"6":0.7408946753,"7":0.7431134582,"8":0.7500963807,"9":0.7912743092},"val_side_7_dice_coef":{"0":0.3471948802,"1":0.3156953752,"2":0.1862132698,"3":0.0601324067,"4":0.0162644796,"5":0.0061812745,"6":0.0084493766,"7":0.0316981003,"8":0.0966496468,