,loss,dice_coef,jacard,recall,precision,accuracy
0,0.5825756788253784,0.27387335896492004,0.15990042686462402,0.0576665997505188,0.24845895171165466,0.013124755583703518
