{"loss":{"0":0.5825756788},"dice_coef":{"0":0.273873359},"jacard":{"0":0.1599004269},"recall":{"0":0.0576665998},"precision":{"0":0.2484589517},"accuracy":{"0":0.0131247556}}