{"loss":{"0":0.4003009498,"1":0.3443763852,"2":0.3307500482,"3":0.3091926277,"4":0.3008342981,"5":0.2877641022,"6":0.2757374644,"7":0.2617981434,"8":0.2518923879,"9":0.234337002},"dice_coef":{"0":0.2317283303,"1":0.2917307913,"2":0.3114092052,"3":0.3551127315,"4":0.3730587661,"5":0.400529772,"6":0.4291728139,"7":0.4583120644,"8":0.4848629236,"9":0.5231255293},"jacard":{"0":0.1341737658,"1":0.1738433838,"2":0.1886382252,"3":0.2207620293,"4":0.2349366546,"5":0.2572674155,"6":0.2818127573,"7":0.3066009581,"8":0.3310354948,"9":0.36631459},"recall":{"0":0.0850709975,"1":0.1480942219,"2":0.2258336991,"3":0.3214507103,"4":0.3543391824,"5":0.4021069407,"6":0.4262737334,"7":0.4670349061,"8":0.5026314855,"9":0.5513867736},"precision":{"0":0.4537985325,"1":0.5622784495,"2":0.5870520473,"3":0.6299420595,"4":0.6500686407,"5":0.6763621569,"6":0.6976997256,"7":0.7280612588,"8":0.7591254115,"9":0.7637325525},"accuracy":{"0":0.0146386717,"1":0.0023014322,"2":0.001710612,"3":0.0017041016,"4":0.0016373697,"5":0.0016471354,"6":0.0018196615,"7":0.0015152994,"8":0.0015559896,"9":0.0017919922}}