{"loss":{"0":2.6767280102,"1":2.1009802818},"side_6_loss":{"0":0.4117498696,"1":0.2690672576},"side_7_loss":{"0":0.498865217,"1":0.3811950088},"side_8_loss":{"0":0.5950682759,"1":0.4286386073},"activation_116_loss":{"0":0.6086186171,"1":0.5693864822},"add_35_loss":{"0":0.5624257922,"1":0.4526931047},"side_6_dice_coef":{"0":0.5882501602,"1":0.7309328318},"side_6_jacard":{"0":0.4260477424,"1":0.5851110816},"side_6_recall":{"0":0.6830551624,"1":0.7593377829},"side_6_precision":{"0":0.6152547598,"1":0.7708848119},"side_6_accuracy":{"0":0.7554764748,"1":0.8467488289},"side_7_dice_coef":{"0":0.5011347532,"1":0.618804872},"side_7_jacard":{"0":0.3487388194,"1":0.4644150734},"side_7_recall":{"0":0.9377022982,"1":0.8844299316},"side_7_precision":{"0":0.3788045049,"1":0.5400817394},"side_7_accuracy":{"0":0.4741986692,"1":0.7145180702},"side_8_dice_coef":{"0":0.4049318731,"1":0.5713614225},"side_8_jacard":{"0":0.2589018047,"1":0.4069295824},"side_8_recall":{"0":0.4256907403,"1":0.7162308693},"side_8_precision":{"0":0.4977128208,"1":0.7009915113},"side_8_accuracy":{"0":0.6700927615,"1":0.8063505292},"activation_116_dice_coef":{"0":0.3913812339,"1":0.4306137264},"activation_116_jacard":{"0":0.2502909303,"1":0.2817823589},"activation_116_recall":{"0":0.5706275105,"1":0.6617933512},"activation_116_precision":{"0":0.3613494337,"1":0.4250498116},"activation_116_accuracy":{"0":0.5274744034,"1":0.5946809649},"add_35_dice_coef":{"0":0.4375742078,"1":0.5473068953},"add_35_jacard":{"0":0.2870628834,"1":0.3847423494},"add_35_recall":{"0":0.7050904036,"1":0.8221250176},"add_35_precision":{"0":0.494286716,"1":0.6841562986},"add_35_accuracy":{"0":0.6660220027,"1":0.8168222308},"val_loss":{"0":2.9150011539,"1":2.9036159515},"val_side_6_loss":{"0":0.491810441,"1":0.583506763},"val_side_7_loss":{"0":0.545902729,"1":0.5359002948},"val_side_8_loss":{"0":0.6372466087,"1":0.5884279609},"val_activation_116_loss":{"0":0.635469079,"1":0.6071965098},"val_add_35_loss":{"0":0.6045722961,"1":0.5885841846},"val_side_6_dice_coef":{"0":0.508189559,"1":0.416493237},"val_side_6_jacard":{"0":0.3539118171,"1":0.264736712},"val_side_6_recall":{"0":0.772857666,"1":0.2506701946},"val_side_6_precision":{"0":0.5373011231,"1":0.9963494539},"val_side_6_accuracy":{"0":0.7336597443,"1":0.7761586308},"val_side_7_dice_coef":{"0":0.4540972412,"1":0.4640997052},"val_side_7_jacard":{"0":0.3115536571,"1":0.3121000528},"val_side_7_recall":{"0":0.9404526949,"1":0.5844815373},"val_side_7_precision":{"0":0.3844157159,"1":0.9710781574},"val_side_7_accuracy":{"0":0.532910645,"1":0.8708336949},"val_side_8_dice_coef":{"0":0.3627534211,"1":0.4115720391},"val_side_8_jacard":{"0":0.2308101952,"1":0.2714329064},"val_side_8_recall":{"0":0.955640018,"1":0.9512076378},"val_side_8_precision":{"0":0.3598595858,"1":0.3954046071},"val_side_8_accuracy":{"0":0.4795735776,"1":0.5514984131},"val_activation_116_dice_coef":{"0":0.3645308912,"1":0.3928034902},"val_activation_116_jacard":{"0":0.2325489521,"1":0.2564516068},"val_activation_116_recall":{"0":0.9983442426,"1":0.9994949698},"val_activation_116_precision":{"0":0.3033206761,"1":0.3026621342},"val_activation_116_accuracy":{"0":0.3153635561,"1":0.3127790987},"val_add_35_dice_coef":{"0":0.3954277039,"1":0.4114157856},"val_add_35_jacard":{"0":0.2575151622,"1":0.2696986794},"val_add_35_recall":{"0":0.9415181875,"1":0.866024971},"val_add_35_precision":{"0":0.396186173,"1":0.6769490838},"val_add_35_accuracy":{"0":0.5544293523,"1":0.836722672}}