{"loss":{"0":2.7510502338,"1":2.0765244961,"2":1.7292011976,"3":1.5371894836,"4":1.417797327,"5":1.332249999,"6":1.2601253986,"7":1.194026351,"8":1.1286324263,"9":1.072843194},"side_6_loss":{"0":0.4549365044,"1":0.3284431696,"2":0.2522783875,"3":0.2093847841,"4":0.183966741,"5":0.1648034304,"6":0.1473567188,"7":0.1313947141,"8":0.1181928292,"9":0.1075004786},"side_7_loss":{"0":0.515776813,"1":0.35596174,"2":0.2879974842,"3":0.245790109,"4":0.2180389911,"5":0.1987570524,"6":0.1826145798,"7":0.1670057476,"8":0.1502750516,"9":0.1362278312},"side_8_loss":{"0":0.6342451572,"1":0.4412079155,"2":0.3369433284,"3":0.2841272354,"4":0.2517094314,"5":0.2284149677,"6":0.209312886,"7":0.1922831982,"8":0.1745894998,"9":0.159083128},"activation_818_loss":{"0":0.5766291618,"1":0.5295422673,"2":0.5034066439,"3":0.4885204434,"4":0.4789339304,"5":0.4722171724,"6":0.4669879377,"7":0.4625730217,"8":0.458356142,"9":0.454425633},"add_272_loss":{"0":0.5694627762,"1":0.4213693142,"2":0.348575294,"3":0.3093670905,"4":0.285147965,"5":0.2680571079,"6":0.2538534403,"7":0.2407696843,"8":0.2272189856,"9":0.2156059146},"side_6_dice_coef":{"0":0.5450635552,"1":0.67155689,"2":0.7477217317,"3":0.7906152606,"4":0.8160334229,"5":0.8351964355,"6":0.852643311,"7":0.8686052561,"8":0.8818072081,"9":0.8924993873},"side_6_jacard":{"0":0.3871400654,"1":0.5175120831,"2":0.6085039973,"3":0.6630243659,"4":0.6974743605,"5":0.7244170904,"6":0.7497943044,"7":0.7736833692,"8":0.794041276,"9":0.8105506897},"side_6_recall_6":{"0":0.8440583348,"1":0.7887013555,"2":0.7856727839,"3":0.7724746466,"4":0.7804974318,"5":0.7970206738,"6":0.8151873946,"7":0.8323357701,"8":0.8456217051,"9":0.8580179811},"side_6_precision_6":{"0":0.4667621553,"1":0.6426048279,"2":0.763857305,"3":0.8392089605,"4":0.8734782338,"5":0.8909965754,"6":0.9057893753,"7":0.9200367928,"8":0.9301257133,"9":0.9378234744},"side_6_accuracy":{"0":0.6373813748,"1":0.7896080017,"2":0.8519970775,"3":0.8784386516,"4":0.8923495412,"5":0.9027309418,"6":0.9127289653,"7":0.9223089218,"8":0.9294630885,"9":0.9356253743},"side_7_dice_coef":{"0":0.4842230976,"1":0.6440382004,"2":0.7120027542,"3":0.7542098165,"4":0.7819610834,"5":0.8012427688,"6":0.8173854351,"7":0.832994163,"8":0.8497248888,"9":0.863771975},"side_7_jacard":{"0":0.3295830786,"1":0.4876411259,"2":0.5656374693,"3":0.6164598465,"4":0.6516513824,"5":0.6773459315,"6":0.6995999217,"7":0.7217010856,"8":0.7459540367,"9":0.7665576935},"side_7_recall_6":{"0":0.7495706081,"1":0.8298290968,"2":0.8048052788,"3":0.7834489346,"4":0.7703824639,"5":0.7658724189,"6":0.7701330185,"7":0.7801787257,"8":0.7939395308,"9":0.8053572178},"side_7_precision_6":{"0":0.4553253353,"1":0.628608644,"2":0.7249253988,"3":0.7929353714,"4":0.8379533887,"5":0.8664506674,"6":0.8865575194,"7":0.9033716917,"8":0.9202335477,"9":0.9342793822},"side_7_accuracy":{"0":0.6286802292,"1":0.7862095833,"2":0.8379592896,"3":0.8636749387,"4":0.8774458766,"5":0.8859990239,"6":0.8936910629,"7":0.9018289447,"8":0.9110198021,"9":0.9186544418},"side_8_dice_coef":{"0":0.3657548726,"1":0.5587921143,"2":0.6630565524,"3":0.7158728838,"4":0.7482904196,"5":0.7715848684,"6":0.7906870246,"7":0.8077167869,"8":0.8254105449,"9":0.8409169316},"side_8_jacard":{"0":0.2270242423,"1":0.391693145,"2":0.5020036697,"3":0.5654254556,"4":0.6066765785,"5":0.6372070312,"6":0.6627944112,"7":0.6860836148,"8":0.7107496858,"9":0.7329687476},"side_8_recall_6":{"0":0.2533651888,"1":0.5897091031,"2":0.7128178477,"3":0.7533205152,"4":0.767468214,"5":0.7740036845,"6":0.7791584134,"7":0.7838270068,"8":0.7930827141,"9":0.8038665056},"side_8_precision_6":{"0":0.5617575049,"1":0.7980133891,"2":0.8054533005,"3":0.811258316,"4":0.8264338374,"5":0.84300071,"6":0.8593505621,"7":0.8768494129,"8":0.8944637775,"9":0.9089884162},"side_8_accuracy":{"0":0.6943270564,"1":0.8188692927,"2":0.8513043523,"3":0.8634149432,"4":0.8725523949,"5":0.8801816106,"6":0.8872318268,"7":0.89438802,"8":0.9027290344,"9":0.9104564786},"activation_818_dice_coef":{"0":0.4233709276,"1":0.4704576433,"2":0.4965933859,"3":0.511479497,"4":0.5210660696,"5":0.5277827382,"6":0.5330120325,"7":0.5374270082,"8":0.541643858,"9":0.5455743074},"activation_818_jacard":{"0":0.2755399644,"1":0.3143748045,"2":0.3370720446,"3":0.3504940569,"4":0.3593347669,"5":0.365621537,"6":0.370559901,"7":0.3747437596,"8":0.3787942827,"9":0.3826318085},"activation_818_recall_6":{"0":0.6305496097,"1":0.7252774239,"2":0.7623493671,"3":0.7849519253,"4":0.7997099757,"5":0.8101323843,"6":0.8184890151,"7":0.8255557418,"8":0.834820807,"9":0.845584929},"activation_818_precision_6":{"0":0.4279109836,"1":0.5130388141,"2":0.5723913908,"3":0.6139855981,"4":0.644323945,"5":0.6681191921,"6":0.6888281107,"7":0.7080266476,"8":0.7270702124,"9":0.7446069121},"activation_818_accuracy":{"0":0.6075213552,"1":0.6882276535,"2":0.738714695,"3":0.7706382871,"4":0.7922644615,"5":0.8082715869,"6":0.8215551376,"7":0.8333290219,"8":0.8450883031,"9":0.8561312556},"add_272_dice_coef":{"0":0.4305374026,"1":0.5786307454,"2":0.6514246464,"3":0.6906329989,"4":0.7148520947,"5":0.7319427133,"6":0.7461465597,"7":0.7592303157,"8":0.772781074,"9":0.7843942046},"add_272_jacard":{"0":0.2800969481,"1":0.4134886265,"2":0.4904806018,"3":0.5350766182,"4":0.563614428,"5":0.5842396021,"6":0.601739943,"7":0.6181656718,"8":0.6354937553,"9":0.6505833864},"add_272_recall_6":{"0":0.5353597403,"1":0.7620596886,"2":0.7762039304,"3":0.7743110657,"4":0.7729229927,"5":0.7744937539,"6":0.7798659801,"7":0.7883738279,"8":0.8004784584,"9":0.8120129704},"add_272_precision_6":{"0":0.6062812209,"1":0.7445958853,"2":0.7841000557,"3":0.8185941577,"4":0.8444515467,"5":0.8638598919,"6":0.8802165389,"7":0.895383358,"8":0.9107038379,"9":0.9231067896},"add_272_accuracy":{"0":0.7370527387,"1":0.8383623958,"2":0.8583715558,"3":0.8713976741,"4":0.8804068565,"5":0.8874918818,"6":0.8943872452,"7":0.9016776085,"8":0.9100065231,"9":0.9172522426},"val_loss":{"0":2.9764838219,"1":2.8956701756,"2":3.1515610218,"3":3.2440972328,"4":2.9960412979,"5":2.3542337418,"6":1.768512249,"7":1.2924501896,"8":1.3802654743,"9":1.0939949751},"val_side_6_loss":{"0":0.4702223837,"1":0.4996442199,"2":0.7017635107,"3":0.6910974979,"4":0.6142209172,"5":0.4673854411,"6":0.3195781112,"7":0.1874378771,"8":0.2050647885,"9":0.146113649},"val_side_7_loss":{"0":0.5827085972,"1":0.5298041701,"2":0.56488657,"3":0.6137083769,"4":0.5319799185,"5":0.3867001235,"6":0.2725218832,"7":0.1792555898,"8":0.2089759111,"9":0.1369518638},"val_side_8_loss":{"0":0.6631590724,"1":0.6395162344,"2":0.6515067816,"3":0.7036929727,"4":0.6909233332,"5":0.5125476718,"6":0.3353767991,"7":0.204057321,"8":0.22177127,"9":0.1438427418},"val_activation_818_loss":{"0":0.6406710148,"1":0.6273519397,"2":0.611012876,"3":0.5874156952,"4":0.5543042421,"5":0.5126439333,"6":0.4836545289,"7":0.4591977596,"8":0.4623030424,"9":0.4485568404},"val_add_272_loss":{"0":0.6197227836,"1":0.5993534923,"2":0.6223917603,"3":0.6481826305,"4":0.6046125889,"5":0.4749568105,"6":0.3573811054,"7":0.2625016868,"8":0.2821503878,"9":0.2185299098},"val_side_6_dice_coef":{"0":0.5297775865,"1":0.5003557801,"2":0.2982364595,"3":0.3089025617,"4":0.385779053,"5":0.5326145291,"6":0.6804218888,"7":0.812562108,"8":0.7949352264,"9":0.8538863659},"val_side_6_jacard":{"0":0.3716529608,"1":0.3355157375,"2":0.1831466854,"3":0.2032394558,"4":0.2657985985,"5":0.3925843537,"6":0.5424297452,"7":0.6993409991,"8":0.673250854,"9":0.7515058517},"val_side_6_recall_6":{"0":0.8229107261,"1":0.4515781701,"2":0.1731212437,"3":0.2641524374,"4":0.3532279432,"5":0.4959240556,"6":0.6379246712,"7":0.7828838825,"8":0.7699834704,"9":0.8688133359},"val_side_6_precision_6":{"0":0.5049661398,"1":0.9733636379,"2":0.9997608066,"3":0.9988705516,"4":0.9975309968,"5":0.9937004447,"6":0.9823403955,"7":0.9471186996,"8":0.9239523411,"9":0.8797636628},"val_side_6_accuracy":{"0":0.7131074071,"1":0.8364696503,"2":0.7588596344,"3":0.7853304744,"4":0.8111381531,"5":0.8520882726,"6":0.8910700679,"7":0.9239394069,"8":0.9144433141,"9":0.9271183014},