{"loss":{"0":2.6549115181,"1":2.0479969978},"side_6_loss":{"0":0.4115254879,"1":0.2700714469},"side_7_loss":{"0":0.4994378388,"1":0.3820561469},"side_8_loss":{"0":0.5950158834,"1":0.423995316},"activation_233_loss":{"0":0.6088238955,"1":0.5699189901},"add_71_loss":{"0":0.5401080251,"1":0.4019552171},"side_6_dice_coef":{"0":0.5884744525,"1":0.7299286723},"side_6_jacard":{"0":0.4262812138,"1":0.584051311},"side_6_recall_1":{"0":0.684666276,"1":0.7646751404},"side_6_precision_1":{"0":0.6148256063,"1":0.7656338811},"side_6_accuracy":{"0":0.7554195523,"1":0.8457458615},"side_7_dice_coef":{"0":0.5005621314,"1":0.6179438829},"side_7_jacard":{"0":0.3481719494,"1":0.4633316696},"side_7_recall_1":{"0":0.9371721745,"1":0.8830350637},"side_7_precision_1":{"0":0.3786218464,"1":0.538636148},"side_7_accuracy":{"0":0.4739179611,"1":0.7130081058},"side_8_dice_coef":{"0":0.4049841464,"1":0.576004684},"side_8_jacard":{"0":0.2589497566,"1":0.4116087556},"side_8_recall_1":{"0":0.4250174463,"1":0.7178646922},"side_8_precision_1":{"0":0.4985288978,"1":0.7069724202},"side_8_accuracy":{"0":0.6705541611,"1":0.8095054626},"activation_233_dice_coef":{"0":0.3911760151,"1":0.4300808609},"activation_233_jacard":{"0":0.2501330674,"1":0.2813596129},"activation_233_recall_1":{"0":0.5701598525,"1":0.661062479},"activation_233_precision_1":{"0":0.3610291481,"1":0.4242267311},"activation_233_accuracy":{"0":0.5271323323,"1":0.5937740207},"add_71_dice_coef":{"0":0.4598919749,"1":0.5980448127},"add_71_jacard":{"0":0.3044349253,"1":0.4336831272},"add_71_recall_1":{"0":0.6090815663,"1":0.7806842923},"add_71_precision_1":{"0":0.6270804405,"1":0.7685748339},"add_71_accuracy":{"0":0.7525038719,"1":0.8506786227},"val_loss":{"0":2.9026331902,"1":2.9076871872},"val_side_6_loss":{"0":0.49348557,"1":0.5831761956},"val_side_7_loss":{"0":0.5463466048,"1":0.5367597342},"val_side_8_loss":{"0":0.6368809938,"1":0.5882937312},"val_activation_233_loss":{"0":0.6354532242,"1":0.6072468758},"val_add_71_loss":{"0":0.5904669762,"1":0.5922105312},"val_side_6_dice_coef":{"0":0.50651443,"1":0.4168237746},"val_side_6_jacard":{"0":0.3524948955,"1":0.2650017142},"val_side_6_recall_1":{"0":0.7792462111,"1":0.2614613175},"val_side_6_precision_1":{"0":0.5351863503,"1":0.9944723248},"val_side_6_accuracy":{"0":0.7322146297,"1":0.7792186737},"val_side_7_dice_coef":{"0":0.4536533952,"1":0.4632402956},"val_side_7_jacard":{"0":0.3111511469,"1":0.3115248978},"val_side_7_recall_1":{"0":0.9400222301,"1":0.5800662041},"val_side_7_precision_1":{"0":0.3853157759,"1":0.9708921313},"val_side_7_accuracy":{"0":0.5346921086,"1":0.8695214391},"val_side_8_dice_coef":{"0":0.363119036,"1":0.4117062092},"val_side_8_jacard":{"0":0.2311044633,"1":0.2714681327},"val_side_8_recall_1":{"0":0.9557593465,"1":0.9495902061},"val_side_8_precision_1":{"0":0.3595231175,"1":0.4027712047},"val_side_8_accuracy":{"0":0.4788042605,"1":0.5648587346},"val_activation_233_dice_coef":{"0":0.3645468056,"1":0.392753154},"val_activation_233_jacard":{"0":0.2325613946,"1":0.256408602},"val_activation_233_recall_1":{"0":0.9983442426,"1":0.9994928241},"val_activation_233_precision_1":{"0":0.3033181429,"1":0.3026505411},"val_activation_233_accuracy":{"0":0.3153553009,"1":0.3127422333},"val_add_71_dice_coef":{"0":0.4095329642,"1":0.4077894092},"val_add_71_jacard":{"0":0.2679236829,"1":0.2648223042},"val_add_71_recall_1":{"0":0.8244842291,"1":0.6967656612},"val_add_71_precision_1":{"0":0.5075687766,"1":0.8579067588},"val_add_71_accuracy":{"0":0.7089799047,"1":0.8750966191}}