{"loss":{"0":3.0738430023},"side_6_loss":{"0":0.5713939071},"side_7_loss":{"0":0.602768898},"side_8_loss":{"0":0.6619797349},"activation_92_loss":{"0":0.6200482845},"add_23_loss":{"0":0.6176526546},"side_6_dice_coef":{"0":0.4286061227},"side_6_jaccard":{"0":0.2771798968},"side_6_recall":{"0":0.9529982805},"side_6_precision":{"0":0.2846474946},"side_6_accuracy":{"0":0.3972214162},"side_7_dice_coef":{"0":0.3972310722},"side_7_jaccard":{"0":0.2498149872},"side_7_recall":{"0":0.9991934896},"side_7_precision":{"0":0.250213325},"side_7_accuracy":{"0":0.2611211836},"side_8_dice_coef":{"0":0.3380202055},"side_8_jaccard":{"0":0.2044801265},"side_8_recall":{"0":0.6925435662},"side_8_precision":{"0":0.2691411972},"side_8_accuracy":{"0":0.4609270394},"activation_92_dice_coef":{"0":0.3799518645},"activation_92_jaccard":{"0":0.2359331995},"activation_92_recall":{"0":0.9999288917},"activation_92_precision":{"0":0.2450903058},"activation_92_accuracy":{"0":0.2402837873},"add_23_dice_coef":{"0":0.382347405},"add_23_jaccard":{"0":0.2378447503},"add_23_recall":{"0":0.9998527169},"add_23_precision":{"0":0.2468153536},"add_23_accuracy":{"0":0.2472987473},"val_loss":{"0":2.8326191902},"val_side_6_loss":{"0":0.4173761606},"val_side_7_loss":{"0":0.5621920228},"val_side_8_loss":{"0":0.6346815228},"val_activation_92_loss":{"0":0.6175551414},"val_add_23_loss":{"0":0.6008144021},"val_side_6_dice_coef":{"0":0.5826237798},"val_side_6_jaccard":{"0":0.4139722586},"val_side_6_recall":{"0":0.9055409431},"val_side_6_precision":{"0":0.5243103504},"val_side_6_accuracy":{"0":0.7811766267},"val_side_7_dice_coef":{"0":0.4378079474},"val_side_7_jaccard":{"0":0.28176561},"val_side_7_recall":{"0":0.9673274755},"val_side_7_precision":{"0":0.3408301175},"val_side_7_accuracy":{"0":0.5471307635},"val_side_8_dice_coef":{"0":0.3653184175},"val_side_8_jaccard":{"0":0.2243301123},"val_side_8_recall":{"0":0.999340117},"val_side_8_precision":{"0":0.2454830706},"val_side_8_accuracy":{"0":0.2697397768},"val_activation_92_dice_coef":{"0":0.3824448884},"val_activation_92_jaccard":{"0":0.2374853641},"val_activation_92_recall":{"0":0.9999537468},"val_activation_92_precision":{"0":0.2359093577},"val_activation_92_accuracy":{"0":0.230444774},"val_add_23_dice_coef":{"0":0.3991856277},"val_add_23_jaccard":{"0":0.2505066693},"val_add_23_recall":{"0":0.9993570447},"val_add_23_precision":{"0":0.2498308867},"val_add_23_accuracy":{"0":0.2864143848}}