,loss,side_6_loss,side_7_loss,side_8_loss,activation_92_loss,add_23_loss,side_6_dice_coef,side_6_jaccard,side_6_recall,side_6_precision,side_6_accuracy,side_7_dice_coef,side_7_jaccard,side_7_recall,side_7_precision,side_7_accuracy,side_8_dice_coef,side_8_jaccard,side_8_recall,side_8_precision,side_8_accuracy,activation_92_dice_coef,activation_92_jaccard,activation_92_recall,activation_92_precision,activation_92_accuracy,add_23_dice_coef,add_23_jaccard,add_23_recall,add_23_precision,add_23_accuracy,val_loss,val_side_6_loss,val_side_7_loss,val_side_8_loss,val_activation_92_loss,val_add_23_loss,val_side_6_dice_coef,val_side_6_jaccard,val_side_6_recall,val_side_6_precision,val_side_6_accuracy,val_side_7_dice_coef,val_side_7_jaccard,val_side_7_recall,val_side_7_precision,val_side_7_accuracy,val_side_8_dice_coef,val_side_8_jaccard,val_side_8_recall,val_side_8_precision,val_side_8_accuracy,val_activation_92_dice_coef,val_activation_92_jaccard,val_activation_92_recall,val_activation_92_precision,val_activation_92_accuracy,val_add_23_dice_coef,val_add_23_jaccard,val_add_23_recall,val_add_23_precision,val_add_23_accuracy
0,3.073843002319336,0.5713939070701599,0.6027688980102539,0.6619797348976135,0.6200482845306396,0.6176526546478271,0.4286061227321625,0.27717989683151245,0.9529982805252075,0.28464749455451965,0.3972214162349701,0.3972310721874237,0.2498149871826172,0.9991934895515442,0.2502133250236511,0.2611211836338043,0.3380202054977417,0.2044801265001297,0.6925435662269592,0.26914119720458984,0.4609270393848419,0.3799518644809723,0.23593319952487946,0.999928891658783,0.2450903058052063,0.2402837872505188,0.3823474049568176,0.23784475028514862,0.99985271692276,0.24681535363197327,0.24729874730110168,2.8326191902160645,0.41737616062164307,0.5621920228004456,0.6346815228462219,0.6175551414489746,0.6008144021034241,0.5826237797737122,0.41397225856781006,0.905540943145752,0.5243103504180908,0.7811766266822815,0.43780794739723206,0.2817656099796295,0.9673274755477905,0.34083011746406555,0.5471307635307312,0.3653184175491333,0.2243301123380661,0.9993401169776917,0.24548307061195374,0.2697397768497467,0.3824448883533478,0.2374853640794754,0.9999537467956543,0.2359093576669693,0.2304447740316391,0.3991856276988983,0.2505066692829132,0.9993570446968079,0.24983088672161102,0.28641438484191895
