,loss,side_6_loss,side_7_loss,side_8_loss,activation_64_loss,add_26_loss,side_6_dice_coef,side_6_jaccard,side_6_recall,side_6_precision,side_6_accuracy,side_7_dice_coef,side_7_jaccard,side_7_recall,side_7_precision,side_7_accuracy,side_8_dice_coef,side_8_jaccard,side_8_recall,side_8_precision,side_8_accuracy,activation_64_dice_coef,activation_64_jaccard,activation_64_recall,activation_64_precision,activation_64_accuracy,add_26_dice_coef,add_26_jaccard,add_26_recall,add_26_precision,add_26_accuracy,val_loss,val_side_6_loss,val_side_7_loss,val_side_8_loss,val_activation_64_loss,val_add_26_loss,val_side_6_dice_coef,val_side_6_jaccard,val_side_6_recall,val_side_6_precision,val_side_6_accuracy,val_side_7_dice_coef,val_side_7_jaccard,val_side_7_recall,val_side_7_precision,val_side_7_accuracy,val_side_8_dice_coef,val_side_8_jaccard,val_side_8_recall,val_side_8_precision,val_side_8_accuracy,val_activation_64_dice_coef,val_activation_64_jaccard,val_activation_64_recall,val_activation_64_precision,val_activation_64_accuracy,val_add_26_dice_coef,val_add_26_jaccard,val_add_26_recall,val_add_26_precision,val_add_26_accuracy
0,4.046022891998291,0.700151264667511,0.7098199725151062,0.7517961859703064,0.9619272351264954,0.9217528104782104,0.2997658848762512,0.21870194375514984,0.630277693271637,0.10405303537845612,0.9277695417404175,0.29009953141212463,0.21235032379627228,0.6413534283638,0.08482329547405243,0.9093673229217529,0.24813522398471832,0.17781177163124084,0.7065048813819885,0.06511139124631882,0.8700910806655884,0.03806235268712044,0.019713999703526497,0.8395645618438721,0.027286162599921227,0.6260684728622437,0.0782250314950943,0.04234425723552704,0.7173998951911926,0.07106015831232071,0.8797221183776855,3.8119795322418213,0.6445152163505554,0.6532055735588074,0.6577839851379395,0.9566053748130798,0.8992564678192139,0.3550906777381897,0.2589104175567627,0.727114737033844,0.3523162603378296,0.9796952605247498,0.34641018509864807,0.2505996525287628,0.7582172155380249,0.32827088236808777,0.9773772358894348,0.3418365716934204,0.24627694487571716,0.7585045695304871,0.3248990476131439,0.9770644903182983,0.0433463379740715,0.022533651441335678,0.9193628430366516,0.03812714293599129,0.7112954258918762,0.10063166171312332,0.05529804527759552,0.765682578086853,0.3184860348701477,0.9763736128807068
