{"loss":{"0":4.046022892},"side_6_loss":{"0":0.7001512647},"side_7_loss":{"0":0.7098199725},"side_8_loss":{"0":0.751796186},"activation_64_loss":{"0":0.9619272351},"add_26_loss":{"0":0.9217528105},"side_6_dice_coef":{"0":0.2997658849},"side_6_jaccard":{"0":0.2187019438},"side_6_recall":{"0":0.6302776933},"side_6_precision":{"0":0.1040530354},"side_6_accuracy":{"0":0.9277695417},"side_7_dice_coef":{"0":0.2900995314},"side_7_jaccard":{"0":0.2123503238},"side_7_recall":{"0":0.6413534284},"side_7_precision":{"0":0.0848232955},"side_7_accuracy":{"0":0.9093673229},"side_8_dice_coef":{"0":0.248135224},"side_8_jaccard":{"0":0.1778117716},"side_8_recall":{"0":0.7065048814},"side_8_precision":{"0":0.0651113912},"side_8_accuracy":{"0":0.8700910807},"activation_64_dice_coef":{"0":0.0380623527},"activation_64_jaccard":{"0":0.0197139997},"activation_64_recall":{"0":0.8395645618},"activation_64_precision":{"0":0.0272861626},"activation_64_accuracy":{"0":0.6260684729},"add_26_dice_coef":{"0":0.0782250315},"add_26_jaccard":{"0":0.0423442572},"add_26_recall":{"0":0.7173998952},"add_26_precision":{"0":0.0710601583},"add_26_accuracy":{"0":0.8797221184},"val_loss":{"0":3.8119795322},"val_side_6_loss":{"0":0.6445152164},"val_side_7_loss":{"0":0.6532055736},"val_side_8_loss":{"0":0.6577839851},"val_activation_64_loss":{"0":0.9566053748},"val_add_26_loss":{"0":0.8992564678},"val_side_6_dice_coef":{"0":0.3550906777},"val_side_6_jaccard":{"0":0.2589104176},"val_side_6_recall":{"0":0.727114737},"val_side_6_precision":{"0":0.3523162603},"val_side_6_accuracy":{"0":0.9796952605},"val_side_7_dice_coef":{"0":0.3464101851},"val_side_7_jaccard":{"0":0.2505996525},"val_side_7_recall":{"0":0.7582172155},"val_side_7_precision":{"0":0.3282708824},"val_side_7_accuracy":{"0":0.9773772359},"val_side_8_dice_coef":{"0":0.3418365717},"val_side_8_jaccard":{"0":0.2462769449},"val_side_8_recall":{"0":0.7585045695},"val_side_8_precision":{"0":0.3248990476},"val_side_8_accuracy":{"0":0.9770644903},"val_activation_64_dice_coef":{"0":0.043346338},"val_activation_64_jaccard":{"0":0.0225336514},"val_activation_64_recall":{"0":0.919362843},"val_activation_64_precision":{"0":0.0381271429},"val_activation_64_accuracy":{"0":0.7112954259},"val_add_26_dice_coef":{"0":0.1006316617},"val_add_26_jaccard":{"0":0.0552980453},"val_add_26_recall":{"0":0.7656825781},"val_add_26_precision":{"0":0.3184860349},"val_add_26_accuracy":{"0":0.9763736129}}