{"loss":{"0":4.0154261589,"1":3.5327112675},"side_6_loss":{"0":0.6988730431,"1":0.5690513253},"side_7_loss":{"0":0.7030317783,"1":0.5606721044},"side_8_loss":{"0":0.733164072,"1":0.5615189075},"activation_129_loss":{"0":0.9642550945,"1":0.9564967155},"add_53_loss":{"0":0.9155010581,"1":0.8843525648},"side_6_dice_coef":{"0":0.3010436594,"1":0.4308291972},"side_6_jaccard":{"0":0.220477581,"1":0.3407625258},"side_6_recall_1":{"0":0.6166664362,"1":0.6821272373},"side_6_precision_1":{"0":0.1119230837,"1":0.4732062817},"side_6_accuracy":{"0":0.9351243973,"1":0.9865312576},"side_7_dice_coef":{"0":0.2968856692,"1":0.4392058849},"side_7_jaccard":{"0":0.2196449041,"1":0.3513160944},"side_7_recall_1":{"0":0.6190362573,"1":0.6842146516},"side_7_precision_1":{"0":0.0913645253,"1":0.454918921},"side_7_accuracy":{"0":0.9196833372,"1":0.9858195782},"side_8_dice_coef":{"0":0.2667624354,"1":0.4383596778},"side_8_jaccard":{"0":0.1954096109,"1":0.3501519561},"side_8_recall_1":{"0":0.6787956357,"1":0.702457726},"side_8_precision_1":{"0":0.0559882931,"1":0.4270647466},"side_8_accuracy":{"0":0.8556151986,"1":0.984516263},"activation_129_dice_coef":{"0":0.0357345901,"1":0.0434906222},"activation_129_jaccard":{"0":0.0184662249,"1":0.022615578},"activation_129_recall_1":{"0":0.8069938421,"1":0.9207159877},"activation_129_precision_1":{"0":0.0236192606,"1":0.0395581275},"activation_129_accuracy":{"0":0.5887696743,"1":0.7247934937},"add_53_dice_coef":{"0":0.0844756961,"1":0.1156149209},"add_53_jaccard":{"0":0.046117872,"1":0.064209789},"add_53_recall_1":{"0":0.6816782951,"1":0.7125246525},"add_53_precision_1":{"0":0.0646898225,"1":0.4235327244},"add_53_accuracy":{"0":0.8751032352,"1":0.9842916131},"val_loss":{"0":3.7212691307,"1":3.6839892864},"val_side_6_loss":{"0":0.6247891784,"1":0.615560472},"val_side_7_loss":{"0":0.6222569942,"1":0.6121736169},"val_side_8_loss":{"0":0.6311307549,"1":0.6124885678},"val_activation_129_loss":{"0":0.9565429091,"1":0.9549159408},"val_add_53_loss":{"0":0.8859310746,"1":0.8882277012},"val_side_6_dice_coef":{"0":0.374794811,"1":0.3840132058},"val_side_6_jaccard":{"0":0.276722759,"1":0.2928135693},"val_side_6_recall_1":{"0":0.716911912,"1":0.624890089},"val_side_6_precision_1":{"0":0.3903432488,"1":0.5061632991},"val_side_6_accuracy":{"0":0.9818285704,"1":0.9872301221},"val_side_7_dice_coef":{"0":0.3773241043,"1":0.3873963356},"val_side_7_jaccard":{"0":0.2802574039,"1":0.2984156013},"val_side_7_recall_1":{"0":0.7240505219,"1":0.6393286586},"val_side_7_precision_1":{"0":0.3951557875,"1":0.5133327842},"val_side_7_accuracy":{"0":0.982047379,"1":0.9874420166},"val_side_8_dice_coef":{"0":0.3684604466,"1":0.3870818913},"val_side_8_jaccard":{"0":0.2709281445,"1":0.2970925272},"val_side_8_recall_1":{"0":0.7455609441,"1":0.664926827},"val_side_8_precision_1":{"0":0.3699982464,"1":0.4907225668},"val_side_8_accuracy":{"0":0.9802412987,"1":0.9866675138},"val_activation_129_dice_coef":{"0":0.043408379,"1":0.0450340137},"val_activation_129_jaccard":{"0":0.0225800332,"1":0.0234613679},"val_activation_129_recall_1":{"0":0.9137567878,"1":0.9175189137},"val_activation_129_precision_1":{"0":0.0339684859,"1":0.0482694618},"val_activation_129_accuracy":{"0":0.668509841,"1":0.7687547803},"val_add_53_dice_coef":{"0":0.1139425561,"1":0.1116483733},"val_add_53_jaccard":{"0":0.0634603128,"1":0.0622401834},"val_add_53_recall_1":{"0":0.7505935431,"1":0.6720533967},"val_add_53_precision_1":{"0":0.3666928411,"1":0.4852421284},"val_add_53_accuracy":{"0":0.9799593091,"1":0.9864602685}}