{"loss":{"0":1.4545720816,"1":1.2523525953,"2":1.2147580385,"3":1.1851634979,"4":1.1614973545,"5":1.14052701,"6":1.1200296879,"7":1.1024297476,"8":1.0851584673,"9":1.0681835413},"side_6_loss":{"0":0.041068878,"1":0.0187806226,"2":0.0144489808,"3":0.0123243527,"4":0.0113200312,"5":0.0105702551,"6":0.0096208388,"7":0.009468263,"8":0.0090048797,"9":0.0087544005},"side_7_loss":{"0":0.0585827865,"1":0.0191542674,"2":0.0143890698,"3":0.0118753295,"4":0.0107600912,"5":0.0099473,"6":0.0089086285,"7":0.0087448079,"8":0.0082310913,"9":0.0079028113},"side_8_loss":{"0":0.1491525471,"1":0.0221223887,"2":0.0154745728,"3":0.0123348255,"4":0.0108910799,"5":0.0098832445,"6":0.0087320777,"7":0.008489483,"8":0.0079594031,"9":0.0076226173},"activation_64_loss":{"0":0.7423319817,"1":0.6973435283,"2":0.6797068715,"3":0.6630904675,"4":0.649697721,"5":0.6384395957,"6":0.6282366514,"7":0.6188957095,"8":0.6104450226,"9":0.6015213728},"out_10_loss":{"0":0.4623797834,"1":0.4938822687,"2":0.4896580577,"3":0.4844473898,"4":0.477727443,"5":0.470576942,"6":0.4634121656,"7":0.4557019174,"8":0.4483827055,"9":0.4412410557},"side_6_dice_coef":{"0":0.1734926254,"1":0.2516283691,"2":0.2906678319,"3":0.3087458909,"4":0.3222793639,"5":0.3292216063,"6":0.3374928832,"7":0.3455526829,"8":0.3400813341,"9":0.3529901803},"side_6_jacard":{"0":0.1157087684,"1":0.1775676161,"2":0.2101714313,"3":0.2272752523,"4":0.239532277,"5":0.2467348725,"6":0.2539527714,"7":0.2595650554,"8":0.2567539215,"9":0.2660987079},"side_6_recall":{"0":0.3571844101,"1":0.5328953266,"2":0.6152817011,"3":0.667372942,"4":0.6977046728,"5":0.7190347314,"6":0.7364298701,"7":0.7394682765,"8":0.7475752831,"9":0.7526195645},"side_6_precision":{"0":0.4510375559,"1":0.7998992205,"2":0.8373035789,"3":0.8546984196,"4":0.8695175648,"5":0.884010911,"6":0.8922848701,"7":0.8989923596,"8":0.9047306776,"9":0.9088611007},"side_6_accuracy":{"0":0.9888435602,"1":0.9937843084,"2":0.9947785139,"3":0.9953809977,"4":0.9957849979,"5":0.9961147904,"6":0.9963504076,"7":0.996442318,"8":0.9965717793,"9":0.996657908},"side_7_dice_coef":{"0":0.1638523787,"1":0.256267935,"2":0.3001402318,"3":0.3239790797,"4":0.3381662965,"5":0.3464617133,"6":0.3565361798,"7":0.3653842211,"8":0.3597019911,"9":0.3747433126},"side_7_jacard":{"0":0.1081677824,"1":0.1810339689,"2":0.2186996043,"3":0.2415132821,"4":0.255087167,"5":0.2643634081,"6":0.2736904323,"7":0.2802273929,"8":0.2774501741,"9":0.2895573974},"side_7_recall":{"0":0.3556746244,"1":0.535130024,"2":0.6266240478,"3":0.6908655167,"4":0.7225640416,"5":0.7480816841,"6":0.7683647275,"7":0.7719380856,"8":0.7828551531,"9":0.7878707647},"side_7_precision":{"0":0.2902438343,"1":0.8164961338,"2":0.839048028,"3":0.8624133468,"4":0.878754437,"5":0.8921490312,"6":0.9016159773,"7":0.9087590575,"8":0.9145586491,"9":0.9215528965},"side_7_accuracy":{"0":0.9843227267,"1":0.9939424992,"2":0.9948889613,"3":0.9956588149,"4":0.9960953593,"5":0.9964555502,"6":0.9967337251,"7":0.996835649,"8":0.9969944358,"9":0.9971097112},"side_8_dice_coef":{"0":0.1064380631,"1":0.2382484823,"2":0.2975602746,"3":0.3262673616,"4":0.341897279,"5":0.3524420261,"6":0.3617597222,"7":0.373154968,"8":0.366032809,"9":0.38201195},"side_8_jacard":{"0":0.0654244199,"1":0.1653932929,"2":0.2165492177,"3":0.2446695417,"4":0.2604090869,"5":0.2718953788,"6":0.280859679,"7":0.2897464931,"8":0.2856822014,"9":0.2990383208},"side_8_recall":{"0":0.3443857431,"1":0.5159179568,"2":0.6289487481,"3":0.692227602,"4":0.7240489721,"5":0.7527962923,"6":0.7730591893,"7":0.7812327743,"8":0.7932770252,"9":0.8000407219},"side_8_precision":{"0":0.0599687435,"1":0.822991848,"2":0.8388953209,"3":0.8642133474,"4":0.8844899535,"5":0.9000672102,"6":0.9070143104,"7":0.9168276787,"8":0.9195055962,"9":0.9280945659},"side_8_accuracy":{"0":0.9373165965,"1":0.9938399196,"2":0.9949086905,"3":0.9956883788,"4":0.9961640239,"5":0.9965758324,"6":0.9968298078,"7":0.9970009327,"8":0.997140348,"9":0.9972875118},"activation_64_dice_coef":{"0":0.026287334,"1":0.0288107954,"2":0.0313434415,"3":0.0346948989,"4":0.0363096185,"5":0.0372606926,"6":0.0380497947,"7":0.0385050587,"8":0.0390539356,"9":0.0396416821},"activation_64_jacard":{"0":0.013641974,"1":0.0150081944,"2":0.016378114,"3":0.0182024557,"4":0.0190795679,"5":0.0196183566,"6":0.020071812,"7":0.020322917,"8":0.0206410475,"9":0.0209518299},"activation_64_recall":{"0":0.8729274869,"1":0.8910508156,"2":0.9214687943,"3":0.9562253356,"4":0.9516227841,"5":0.9431294203,"6":0.9447765946,"7":0.9358574748,"8":0.9335102439,"9":0.9323619008},"activation_64_precision":{"0":0.0148810912,"1":0.0186636783,"2":0.0243138913,"3":0.0321864262,"4":0.0392392352,"5":0.0479161702,"6":0.0582512058,"7":0.0727344155,"8":0.0874666274,"9":0.1111670285},"activation_64_accuracy":{"0":0.4003531337,"1":0.5137712359,"2":0.6163216829,"3":0.7018404603,"4":0.7582482696,"5":0.8053789139,"6":0.8412772417,"7":0.875803113,"8":0.8984714746,"9":0.9221137762},"out_10_dice_coef":{"0":0.0107835233,"1":0.0075506778,"2":0.0058610504,"3":0.0047253701,"4":0.0041558533,"5":0.0037451664,"6":0.0032716074,"7":0.0030843313,"8":0.002803178,"9":0.0026072918},"out_10_jacard":{"0":0.0054830923,"1":0.0038251027,"2":0.0029600014,"3":0.0023812447,"4":0.0020922415,"5":0.0018837276,"6":0.0016442626,"7":0.0015497189,"8":0.0014075687,"9":0.0013089484},"out_10_recall":{"0":0.0000070333,"1":0.0000004689,"2":0.0,"3":0.0,"4":0.0,"5":0.0,"6":0.0,"7":0.0,"8":0.0,"9":0.0},"out_10_precision":{"0":0.0001938285,"1":0.0001666111,"2":0.0,"3":0.0,"4":0.0,"5":0.0,"6":0.0,"7":0.0,"8":0.0,"9":0.0},"out_10_accuracy":{"0":0.9892714024,"1":0.9896203279,"2":0.9896395206,"3":0.989644587,"4":0.9896450639,"5":0.9896460176,"6":0.9896458387,"7":0.9896457195,"8":0.9896454215,"9":0.9896458387}}