{"loss":{"0":0.4544425011,"1":0.280990243,"2":0.2446009219,"3":0.2105532885,"4":0.185601756,"5":0.1754981577,"6":0.1510744542,"7":0.1310106963,"8":0.1281338334,"9":0.1083809137,"10":0.1172320694,"11":0.1181455106,"12":0.0996965468,"13":0.0882600993,"14":0.0887779966,"15":0.0899771526,"16":0.0854797214,"17":0.0759291127,"18":0.0736604482,"19":0.0636027977,"20":0.0794963166,"21":0.1264561266,"22":0.0877475888,"23":0.0684408545,"24":0.05864764,"25":0.0532723181,"26":0.0526706688,"27":0.0502460003,"28":0.0522670336,"29":0.0552196093},"dice_coef":{"0":0.5226476192,"1":0.6990161538,"2":0.7476044297,"3":0.7675431967,"4":0.8095326424,"5":0.813352108,"6":0.833914876,"7":0.8567904234,"8":0.8643166423,"9":0.8752413988,"10":0.8706973791,"11":0.8713909984,"12":0.8899086118,"13":0.900893569,"14":0.8983678818,"15":0.8949536085,"16":0.9002721906,"17":0.9117485285,"18":0.9133456945,"19":0.9223430753,"20":0.9084498286,"21":0.8629366755,"22":0.8978155851,"23":0.9180275202,"24":0.9281155467,"25":0.9329391718,"26":0.9338482618,"27":0.935790658,"28":0.9351978302,"29":0.9309800863},"jacard":{"0":0.3691999614,"1":0.5485895872,"2":0.6098626852,"3":0.6308988333,"4":0.6886526942,"5":0.6946128607,"6":0.7208933234,"7":0.7536300421,"8":0.7641387582,"9":0.7810508013,"10":0.7751270533,"11":0.7770360708,"12":0.8041762114,"13":0.8218557239,"14":0.8178083301,"15":0.8122199178,"16":0.8208327293,"17":0.8390847445,"18":0.8421260715,"19":0.8570261002,"20":0.8350874782,"21":0.7664111257,"22":0.8170115352,"23":0.8500697017,"24":0.8668282628,"25":0.8749963641,"26":0.876696229,"27":0.8801763654,"28":0.8790743947,"29":0.871848464},"recall_2":{"0":0.5332901478,"1":0.7215732336,"2":0.7715904117,"3":0.7778348327,"4":0.8265363574,"5":0.8265855908,"6":0.8612239361,"7":0.8755255938,"8":0.8867993355,"9":0.9053241611,"10":0.9058063626,"11":0.8939774036,"12":0.9094773531,"13":0.9259768724,"14":0.9282428622,"15":0.9229230881,"16":0.9321412444,"17":0.9387231469,"18":0.9425858855,"19":0.9491817355,"20":0.9378736615,"21":0.8942837715,"22":0.9246590734,"23":0.948264122,"24":0.9542940259,"25":0.9585364461,"26":0.9593459368,"27":0.9614579082,"28":0.9593714476,"29":0.9575106502},"precision_2":{"0":0.7039582133,"1":0.8481406569,"2":0.8739596009,"3":0.9148045778,"4":0.9141927361,"5":0.9137889743,"6":0.9239294529,"7":0.9300597906,"8":0.929474175,"9":0.9364584088,"10":0.9270367026,"11":0.9293347597,"12":0.9428694248,"13":0.941511333,"14":0.9401734471,"15":0.9430687428,"16":0.9423242807,"17":0.9458786845,"18":0.9466853142,"19":0.9548074007,"20":0.9409880042,"21":0.9249465466,"22":0.9415564537,"23":0.9471060038,"24":0.9563965797,"25":0.95861727,"26":0.9591139555,"27":0.9605815411,"28":0.9610027075,"29":0.9578353763},"accuracy":{"0":0.0756401941,"1":0.1114691868,"2":0.1176215261,"3":0.1104600728,"4":0.0966796875,"5":0.1045789942,"6":0.097081162,"7":0.110753037,"8":0.1006184891,"9":0.0660373271,"10":0.0618923604,"11":0.0866644979,"12":0.0986002609,"13":0.1071506068,"14":0.1039170995,"15":0.1051432267,"16":0.0830512121,"17":0.0885525197,"18":0.1106336787,"19":0.133572042,"20":0.1323784739,"21":0.1000542566,"22":0.1405490488,"23":0.0926540792,"24":0.116232641,"25":0.1477647573,"26":0.1498263925,"27":0.1389973909,"28":0.142578125,"29":0.1378363669}}