{"loss":{"0":0.4641088545,"1":0.3736580908,"2":0.3067305088,"3":0.254965663,"4":0.2244132757,"5":0.2203549892,"6":0.2412738353,"7":0.217988342,"8":0.1877618581,"9":0.1662792265,"10":0.1759285629,"11":0.1691691577,"12":0.1486653984,"13":0.1618763357,"14":0.131918177,"15":0.1312223375,"16":0.1287071258,"17":0.1509160697,"18":0.1147042662,"19":0.0951735675,"20":0.0958253294,"21":0.0888176933,"22":0.0949554741,"23":0.0928210169,"24":0.0755552277,"25":0.0910712555,"26":0.0960379317,"27":0.0723952204,"28":0.0710675865,"29":0.0761522576},"dice_coef":{"0":0.53404212,"1":0.636380434,"2":0.7192277908,"3":0.7555507421,"4":0.7830107808,"5":0.7969769239,"6":0.7759977579,"7":0.7995939851,"8":0.8204457164,"9":0.8431105614,"10":0.8372172117,"11":0.8398737907,"12":0.8538781404,"13":0.8472075462,"14":0.869918704,"15":0.8750466108,"16":0.8702749014,"17":0.8594249487,"18":0.8904975653,"19":0.9037668109,"20":0.9024022818,"21":0.9100058675,"22":0.9059921503,"23":0.9078122377,"24":0.9221367836,"25":0.9140977859,"26":0.9036787152,"27":0.925573051,"28":0.9263468981,"29":0.9238597751},"jacard":{"0":0.3788667619,"1":0.4770254195,"2":0.5729012489,"3":0.6174892187,"4":0.6525496244,"5":0.6696251631,"6":0.6428688765,"7":0.6741150618,"8":0.7024971247,"9":0.7362260818,"10":0.7260645628,"11":0.7306409478,"12":0.7535037398,"13":0.7416257262,"14":0.775415659,"15":0.7845898271,"16":0.7761415243,"17":0.7599782348,"18":0.8061202765,"19":0.8270875812,"20":0.8254127502,"21":0.8377491832,"22":0.8304769397,"23":0.8339834213,"24":0.8568915129,"25":0.8466021419,"26":0.8277505636,"27":0.8635804057,"28":0.8644124866,"29":0.8600330353},"recall_4":{"0":0.561307013,"1":0.6718711257,"2":0.7441954017,"3":0.773290813,"4":0.826782465,"5":0.8218598366,"6":0.8155874014,"7":0.8095390797,"8":0.8571392298,"9":0.8684338927,"10":0.8622483015,"11":0.8692275286,"12":0.895426333,"13":0.8721490502,"14":0.9071678519,"15":0.9095252156,"16":0.9036332965,"17":0.8944668174,"18":0.9243516326,"19":0.9330618382,"20":0.9339090586,"21":0.9402275681,"22":0.937397778,"23":0.9361688495,"24":0.9505465627,"25":0.9353685379,"26":0.9418936968,"27":0.9548931718,"28":0.955167532,"29":0.9509801269},"precision_4":{"0":0.7444592118,"1":0.8241987824,"2":0.8728377819,"3":0.9045128226,"4":0.8948087096,"5":0.9061507583,"6":0.8916851878,"7":0.9075175524,"8":0.9099741578,"9":0.9222691059,"10":0.9141021371,"11":0.9183670282,"12":0.9280627966,"13":0.9255628586,"14":0.9308172464,"15":0.9261841774,"16":0.9378391504,"17":0.9228557944,"18":0.9360544086,"19":0.9482274055,"20":0.9444704056,"21":0.9477894306,"22":0.9440091848,"23":0.9461797476,"24":0.9550095201,"25":0.9493134022,"26":0.9428178072,"27":0.954849422,"28":0.9560509324,"29":0.9532928467},"accuracy":{"0":0.094335936,"1":0.0948133692,"2":0.0728298575,"3":0.0248263888,"4":0.0433376729,"5":0.0395507812,"6":0.0160156246,"7":0.0170898438,"8":0.0176106766,"9":0.0263780374,"10":0.0341688357,"11":0.0182834193,"12":0.03690321,"13":0.0359157994,"14":0.0233289935,"15":0.0324652791,"16":0.0145182293,"17":0.0313910581,"18":0.0282335076,"19":0.021918403,"20":0.026985677,"21":0.0310980901,"22":0.0364257805,"23":0.0412651896,"24":0.0333767347,"25":0.0264648441,"26":0.0707790777,"27":0.0488606766,"28":0.0583116338,"29":0.0346137136}}