{"loss":{"0":0.4712357521,"1":0.3126944304,"2":0.2819283903,"3":0.2570148408,"4":0.2043846846,"5":0.2130884677,"6":0.1887776703,"7":0.1812758148,"8":0.1977417767,"9":0.1936621964,"10":0.161712423,"11":0.1607381999,"12":0.2099016458,"13":0.1664892137,"14":0.1405151784,"15":0.1922987401,"16":0.1384894997,"17":0.1145394593,"18":0.1104639024,"19":0.1432231367,"20":0.1278653294,"21":0.1284181178,"22":0.1017700806,"23":0.0891951621,"24":0.0842408091,"25":0.0795391053,"26":0.0773817152,"27":0.0876981393,"28":0.0781835169,"29":0.0667573214},"dice_coef":{"0":0.5593973994,"1":0.7037657499,"2":0.7532666922,"3":0.7651284933,"4":0.8020103574,"5":0.8153451681,"6":0.8238011599,"7":0.8346063495,"8":0.8263834715,"9":0.8298613429,"10":0.8541623354,"11":0.8589456677,"12":0.8154479861,"13":0.8500962257,"14":0.8711261749,"15":0.8340791464,"16":0.8708086014,"17":0.8957821727,"18":0.897040844,"19":0.864611268,"20":0.8851510882,"21":0.8855093122,"22":0.9049252272,"23":0.9128912091,"24":0.9154321551,"25":0.9223227501,"26":0.9254775047,"27":0.9177802205,"28":0.9218012691,"29":0.9343385696},"jacard":{"0":0.40245682,"1":0.556137383,"2":0.6133631468,"3":0.6299325824,"4":0.6795132756,"5":0.695150435,"6":0.7066984177,"7":0.7229460478,"8":0.713665843,"9":0.7177819014,"10":0.7524453402,"11":0.7612921,"12":0.6977251768,"13":0.7448058724,"14":0.7766727209,"15":0.723544836,"16":0.776231885,"17":0.8142557144,"18":0.8167687654,"19":0.7701637745,"20":0.7975756526,"21":0.7974191308,"22":0.8297798038,"23":0.8415411711,"24":0.8463877439,"25":0.8570833206,"26":0.8624755144,"27":0.8497082591,"28":0.8568832278,"29":0.8776279688},"recall":{"0":0.5973937511,"1":0.7496051192,"2":0.7729274035,"3":0.8160368204,"4":0.844958365,"5":0.8406433463,"6":0.8625907302,"7":0.8620516658,"8":0.8494077921,"9":0.8615972996,"10":0.8797845244,"11":0.8881191015,"12":0.8418214917,"13":0.8728424907,"14":0.903581202,"15":0.8631772995,"16":0.8955395222,"17":0.9195343852,"18":0.9272320867,"19":0.9011647701,"20":0.9138653874,"21":0.9138862491,"22":0.934433341,"23":0.9387078881,"24":0.9466302991,"25":0.9503208995,"26":0.9502490163,"27":0.9424580932,"28":0.94744277,"29":0.9596101046},"precision":{"0":0.7726437449,"1":0.8663010001,"2":0.8731360435,"3":0.8842839003,"4":0.908139348,"5":0.9116824269,"6":0.9215967059,"7":0.9226820469,"8":0.9186797142,"9":0.9220911264,"10":0.9321436286,"11":0.9385818839,"12":0.9085552692,"13":0.9236427546,"14":0.9304475784,"15":0.9149541855,"16":0.9384973645,"17":0.9420228601,"18":0.9415092468,"19":0.9265921116,"20":0.9363816977,"21":0.9341967106,"22":0.9437167645,"23":0.9495980144,"24":0.9516785145,"25":0.9516789913,"26":0.9530233741,"27":0.9485715628,"28":0.9578642249,"29":0.957230866},"accuracy":{"0":0.0062391493,"1":0.0216688365,"2":0.0324218757,"3":0.0296332464,"4":0.0333875865,"5":0.0227539055,"6":0.0253472216,"7":0.0310980901,"8":0.0263237841,"9":0.0328667536,"10":0.0392144099,"11":0.0420030393,"12":0.0208875872,"13":0.0234049484,"14":0.0219292529,"15":0.0126953125,"16":0.021050347,"17":0.0362521708,"18":0.0331163183,"19":0.0409613699,"20":0.0555881076,"21":0.0648871511,"22":0.0198459197,"23":0.0740559921,"24":0.090429686,"25":0.0859700516,"26":0.0637044236,"27":0.0501085073,"28":0.0567816831,"29":0.0652560741}}