{"loss":{"0":0.4880027175,"1":0.3056960702,"2":0.2829912901,"3":0.2389195412,"4":0.2546019554,"5":0.207428813,"6":0.25253883,"7":0.1953018904,"8":0.1868428886,"9":0.2411624491,"10":0.2151984423,"11":0.2188113183,"12":0.1674162,"13":0.1436249316,"14":0.1526523829,"15":0.1333272457,"16":0.1478995532,"17":0.1269634962,"18":0.1373609602,"19":0.1748476923,"20":0.1358479559,"21":0.1069375426,"22":0.1056317911,"23":0.1001113057,"24":0.091141142,"25":0.0802248642,"26":0.0993680507,"27":0.0901679844,"28":0.0825981796,"29":0.0673042014},"dice_coef":{"0":0.5788710713,"1":0.699993372,"2":0.7353127599,"3":0.7723839283,"4":0.7601941824,"5":0.8037112355,"6":0.7718031406,"7":0.8174751401,"8":0.8255164027,"9":0.7929715514,"10":0.8038469553,"11":0.8028408289,"12":0.8442079425,"13":0.8665757179,"14":0.8514825106,"15":0.8734093904,"16":0.8568121195,"17":0.8805549741,"18":0.8676401973,"19":0.8452013731,"20":0.8734045029,"21":0.8966242075,"22":0.8981545568,"23":0.9011083841,"24":0.904316783,"25":0.9145118594,"26":0.9037426114,"27":0.9049966931,"28":0.9168519974,"29":0.9282263517},"jacard":{"0":0.4230240285,"1":0.5499714613,"2":0.5904150009,"3":0.6396664381,"4":0.6251103282,"5":0.6810853481,"6":0.64125669,"7":0.6999764442,"8":0.7108622789,"9":0.6677920818,"10":0.6835842133,"11":0.6799307466,"12":0.7395799756,"13":0.769831419,"14":0.7487502694,"15":0.7820582986,"16":0.7539440393,"17":0.7915288806,"18":0.7727816701,"19":0.7397648096,"20":0.7808583379,"21":0.8160152435,"22":0.8178663254,"23":0.8225286603,"24":0.828400135,"25":0.8447297215,"26":0.82831496,"27":0.8302916288,"28":0.8482851982,"29":0.8674446344},"recall_1":{"0":0.5883920789,"1":0.735023737,"2":0.7582786679,"3":0.7977833748,"4":0.8081531525,"5":0.8275220394,"6":0.7944788337,"7":0.8476002216,"8":0.852078259,"9":0.8196902871,"10":0.8146432638,"11":0.8241173625,"12":0.8629127741,"13":0.8930437565,"14":0.8829726577,"15":0.9043047428,"16":0.8895153403,"17":0.9052172899,"18":0.9042904973,"19":0.8745273352,"20":0.9035933614,"21":0.9247564077,"22":0.9271527529,"23":0.9302778244,"24":0.9356142282,"25":0.9470947981,"26":0.9314664006,"27":0.9388421178,"28":0.9426490068,"29":0.9580073357},"precision_1":{"0":0.740430057,"1":0.8814894557,"2":0.8901416659,"3":0.9024270773,"4":0.8939754963,"5":0.9168019295,"6":0.8797110319,"7":0.9178565145,"8":0.9231960773,"9":0.8969742656,"10":0.9160818458,"11":0.9042354822,"12":0.9350374937,"13":0.9303252101,"14":0.9319827557,"15":0.930824399,"16":0.9339407086,"17":0.9375295043,"18":0.9329253435,"19":0.9168086052,"20":0.9355511069,"21":0.9429739714,"22":0.9417466521,"23":0.943069756,"24":0.9492884278,"25":0.9516363144,"26":0.9424819946,"27":0.9486389756,"28":0.952041626,"29":0.9561504126},"accuracy":{"0":0.0808159709,"1":0.0262478292,"2":0.0178276915,"3":0.0254231766,"4":0.0341688357,"5":0.0461263023,"6":0.0588975698,"7":0.0393771715,"8":0.0450954847,"9":0.0560980886,"10":0.0312825516,"11":0.0154947918,"12":0.0278537329,"13":0.0290364586,"14":0.0193684902,"15":0.0454101562,"16":0.0264105909,"17":0.0641927049,"18":0.0298719611,"19":0.0333550349,"20":0.0221896693,"21":0.0490234382,"22":0.0311197918,"23":0.0460286476,"24":0.0725368932,"25":0.044335939,"26":0.0593424477,"27":0.0582465269,"28":0.0501410589,"29":0.0721679702}}