{"loss":{"0":0.433003664,"1":0.3281337917,"2":0.2968302369,"3":0.2646558881,"4":0.2406503856,"5":0.2191270143,"6":0.2058159858,"7":0.2141366303,"8":0.1992153525,"9":0.1771470904,"10":0.1595849097,"11":0.1658535749,"12":0.1439209729,"13":0.1335719526,"14":0.1270282269,"15":0.1501872241,"16":0.114899233,"17":0.1159775406,"18":0.1201849431,"19":0.1107338443,"20":0.0962031633,"21":0.100234665,"22":0.103344515,"23":0.0852493793,"24":0.0835654661,"25":0.0895439684,"26":0.0768116415,"27":0.0691751987,"28":0.0615495145,"29":0.0620703101},"dice_coef":{"0":0.5522412062,"1":0.6798885465,"2":0.7231663465,"3":0.7503498793,"4":0.7772197127,"5":0.7932392359,"6":0.8022316098,"7":0.8041164279,"8":0.8158399463,"9":0.8264123201,"10":0.8504074812,"11":0.848631382,"12":0.8626996875,"13":0.869284451,"14":0.8837254643,"15":0.8545553088,"16":0.8888764381,"17":0.8962506056,"18":0.8857522011,"19":0.8913256526,"20":0.9089779854,"21":0.902240634,"22":0.9008673429,"23":0.9179621935,"24":0.9190657735,"25":0.9120233655,"26":0.9237837791,"27":0.9299086332,"28":0.9346164465,"29":0.9370678663},"jacard":{"0":0.4012485445,"1":0.5292696953,"2":0.5780889988,"3":0.6100561023,"4":0.6462978125,"5":0.6660805941,"6":0.6785460114,"7":0.67992419,"8":0.6957919598,"9":0.7136209607,"10":0.7457214594,"11":0.7448700666,"12":0.7656837106,"13":0.7739058733,"14":0.7965993285,"15":0.7537096143,"16":0.8046019673,"17":0.816344738,"18":0.7996740341,"19":0.8071280718,"20":0.8350781202,"21":0.8261573911,"22":0.8224958181,"23":0.8496772647,"24":0.8522621393,"25":0.8414640427,"26":0.8601757288,"27":0.8700369596,"28":0.8781954646,"29":0.882273972},"recall_3":{"0":0.5775711536,"1":0.7278104424,"2":0.7541598678,"3":0.7875555158,"4":0.802334249,"5":0.821056664,"6":0.8336074948,"7":0.8273988962,"8":0.8336782455,"9":0.8640646338,"10":0.8730918169,"11":0.8789659739,"12":0.8815476298,"13":0.9020968676,"14":0.9094427228,"15":0.8855450153,"16":0.9136996269,"17":0.9245218635,"18":0.9140444994,"19":0.9201670885,"20":0.9365050197,"21":0.9308798313,"22":0.9315002561,"23":0.9380003214,"24":0.9452603459,"25":0.9360131025,"26":0.9484841228,"27":0.9538783431,"28":0.9606810808,"29":0.9617679715},"precision_3":{"0":0.7852320075,"1":0.8522514105,"2":0.8837352991,"3":0.8860499859,"4":0.8957607746,"5":0.90091151,"6":0.9136032462,"7":0.9067922235,"8":0.9230980277,"9":0.9227122664,"10":0.9286695719,"11":0.9201016426,"12":0.937264204,"13":0.9313403964,"14":0.9305870533,"15":0.9274820089,"16":0.942314446,"17":0.931235671,"18":0.93767488,"19":0.9428847432,"20":0.9474859238,"21":0.9437188506,"22":0.9448883533,"23":0.9520799518,"24":0.9492086172,"25":0.9505273104,"26":0.9564647675,"27":0.9585497379,"28":0.9622804523,"29":0.9604814649},"accuracy":{"0":0.0309353303,"1":0.0622504354,"2":0.0533528663,"3":0.065039061,"4":0.0666449666,"5":0.0592122413,"6":0.048036024,"7":0.0653537363,"8":0.0415256061,"9":0.0658745691,"10":0.0761935785,"11":0.0872612819,"12":0.0685872361,"13":0.0601019971,"14":0.1051323786,"15":0.0528862849,"16":0.0763563365,"17":0.0832139775,"18":0.0727322027,"19":0.058799915,"20":0.0565104149,"21":0.0544704869,"22":0.0698242188,"23":0.0896918401,"24":0.0894965306,"25":0.054394532,"26":0.0691623241,"27":0.0822157115,"28":0.0987955704,"29":0.0681966171}}