,loss,side_6_loss,side_7_loss,side_8_loss,activation_116_loss,add_38_loss,side_6_dice_coef,side_6_jacard,side_6_recall,side_6_precision,side_6_accuracy,side_7_dice_coef,side_7_jacard,side_7_recall,side_7_precision,side_7_accuracy,side_8_dice_coef,side_8_jacard,side_8_recall,side_8_precision,side_8_accuracy,activation_116_dice_coef,activation_116_jacard,activation_116_recall,activation_116_precision,activation_116_accuracy,add_38_dice_coef,add_38_jacard,add_38_recall,add_38_precision,add_38_accuracy
0,3.1074724197387695,0.5487912893295288,0.5375957489013672,0.7125255465507507,0.7353765964508057,0.5731827616691589,0.5499764084815979,0.38739013671875,0.9244598746299744,0.4676540791988373,0.7117297053337097,0.4774874746799469,0.31974801421165466,0.8102842569351196,0.4920652210712433,0.7377356886863708,0.39803335070610046,0.2503516674041748,0.803892970085144,0.34494125843048096,0.5596941709518433,0.3628148138523102,0.22237631678581238,0.6174103021621704,0.30383995175361633,0.5406610369682312,0.4453538656234741,0.28951597213745117,0.9250975847244263,0.46267837285995483,0.7062699794769287
1,2.074979066848755,0.21401405334472656,0.28750884532928467,0.5328652262687683,0.6674883961677551,0.37310296297073364,0.7434378862380981,0.5952496528625488,0.8563379049301147,0.8484050631523132,0.9241743683815002,0.6662869453430176,0.5034235715866089,0.8830748796463013,0.7674024701118469,0.901706337928772,0.47742828726768494,0.3149208128452301,0.8531020879745483,0.4948965907096863,0.7399178147315979,0.4063159227371216,0.2555876672267914,0.7657817602157593,0.3835369050502777,0.6255502700805664,0.5572080612182617,0.38789114356040955,0.896355152130127,0.7862998843193054,0.9112465381622314
