{"loss":{"0":3.1074724197,"1":2.0749790668},"side_6_loss":{"0":0.5487912893,"1":0.2140140533},"side_7_loss":{"0":0.5375957489,"1":0.2875088453},"side_8_loss":{"0":0.7125255466,"1":0.5328652263},"activation_116_loss":{"0":0.7353765965,"1":0.6674883962},"add_38_loss":{"0":0.5731827617,"1":0.373102963},"side_6_dice_coef":{"0":0.5499764085,"1":0.7434378862},"side_6_jacard":{"0":0.3873901367,"1":0.5952496529},"side_6_recall":{"0":0.9244598746,"1":0.8563379049},"side_6_precision":{"0":0.4676540792,"1":0.8484050632},"side_6_accuracy":{"0":0.7117297053,"1":0.9241743684},"side_7_dice_coef":{"0":0.4774874747,"1":0.6662869453},"side_7_jacard":{"0":0.3197480142,"1":0.5034235716},"side_7_recall":{"0":0.8102842569,"1":0.8830748796},"side_7_precision":{"0":0.4920652211,"1":0.7674024701},"side_7_accuracy":{"0":0.7377356887,"1":0.9017063379},"side_8_dice_coef":{"0":0.3980333507,"1":0.4774282873},"side_8_jacard":{"0":0.2503516674,"1":0.3149208128},"side_8_recall":{"0":0.8038929701,"1":0.853102088},"side_8_precision":{"0":0.3449412584,"1":0.4948965907},"side_8_accuracy":{"0":0.559694171,"1":0.7399178147},"activation_116_dice_coef":{"0":0.3628148139,"1":0.4063159227},"activation_116_jacard":{"0":0.2223763168,"1":0.2555876672},"activation_116_recall":{"0":0.6174103022,"1":0.7657817602},"activation_116_precision":{"0":0.3038399518,"1":0.3835369051},"activation_116_accuracy":{"0":0.540661037,"1":0.6255502701},"add_38_dice_coef":{"0":0.4453538656,"1":0.5572080612},"add_38_jacard":{"0":0.2895159721,"1":0.3878911436},"add_38_recall":{"0":0.9250975847,"1":0.8963551521},"add_38_precision":{"0":0.4626783729,"1":0.7862998843},"add_38_accuracy":{"0":0.7062699795,"1":0.9112465382}}