{"loss":{"0":2.0821621418,"1":1.5274629593,"2":1.3771826029,"3":1.2784234285,"4":1.2058882713,"5":1.1693536043,"6":1.1195086241,"7":1.0931721926,"8":1.0718244314,"9":1.0465897322},"side_6_loss":{"0":0.3052880168,"1":0.2199541926,"2":0.192200467,"3":0.1719311923,"4":0.1592496336,"5":0.1503779292,"6":0.1413107365,"7":0.1348783076,"8":0.1319777817,"9":0.1262747496},"side_7_loss":{"0":0.3383257985,"1":0.2352102846,"2":0.2038097978,"3":0.1807649434,"4":0.1647677273,"5":0.1558299661,"6":0.1455451995,"7":0.1394295543,"8":0.1350265741,"9":0.1300005019},"side_8_loss":{"0":0.4209886491,"1":0.2601198554,"2":0.221077919,"3":0.1970332712,"4":0.1768243462,"5":0.167281583,"6":0.1541247219,"7":0.1473497897,"8":0.1413986236,"9":0.1355321258},"activation_64_loss":{"0":0.6498247385,"1":0.5440114737,"2":0.5173103809,"3":0.5034056902,"4":0.4925188422,"5":0.4891809523,"6":0.4808192849,"7":0.4781558216,"8":0.4736964107,"9":0.4695182741},"add_26_loss":{"0":0.3671534061,"1":0.2675834,"2":0.2422011942,"3":0.2247045338,"4":0.2119441479,"5":0.2061000019,"6":0.1971250325,"7":0.1927748322,"8":0.1891424805,"9":0.1846813262},"side_6_dice_coef":{"0":0.5542786717,"1":0.6630079746,"2":0.6988675594,"3":0.7251333594,"4":0.7455964684,"5":0.7514130473,"6":0.7676522136,"7":0.7787238359,"8":0.7857310772,"9":0.7944597006},"side_6_jacard":{"0":0.4027662575,"1":0.5143297315,"2":0.5558039546,"3":0.5871485472,"4":0.6126543283,"5":0.6215036511,"6":0.6406849623,"7":0.6534289718,"8":0.6633543372,"9":0.6733920574},"side_6_recall":{"0":0.6196112633,"1":0.7176586986,"2":0.7511731982,"3":0.7789863348,"4":0.7951501012,"5":0.8077102304,"6":0.8195499182,"7":0.829118073,"8":0.8298761249,"9":0.8383181095},"side_6_precision":{"0":0.7312511206,"1":0.8384813666,"2":0.8624274731,"3":0.8765412569,"4":0.8861026764,"5":0.8924803734,"6":0.89817518,"7":0.9016641974,"8":0.9015316963,"9":0.9050435424},"side_6_accuracy":{"0":0.8812593818,"1":0.9178755283,"2":0.9280164838,"3":0.9354212284,"4":0.9400427938,"5":0.9434527755,"6":0.9466233253,"7":0.9489770532,"8":0.9490818977,"9":0.9512547851},"side_7_dice_coef":{"0":0.516087234,"1":0.6477041841,"2":0.6857225299,"3":0.7140499949,"4":0.7377986908,"5":0.7452387214,"6":0.7633718848,"7":0.7728403211,"8":0.7828780413,"9":0.7910530567},"side_7_jacard":{"0":0.3657440245,"1":0.4969123006,"2":0.540717423,"3":0.5742375255,"4":0.603545785,"5":0.614459753,"6":0.6359860301,"7":0.6468529701,"8":0.6603717208,"9":0.6698587537},"side_7_recall":{"0":0.5839432478,"1":0.699840188,"2":0.7423375249,"3":0.7718601823,"4":0.7918738127,"5":0.8037736416,"6":0.8167164326,"7":0.8248835206,"8":0.8275864124,"9":0.8360458016},"side_7_precision":{"0":0.6942847371,"1":0.8336660266,"2":0.8565789461,"3":0.8746505976,"4":0.8830524087,"5":0.8911718726,"6":0.8975760341,"7":0.8999059796,"8":0.9035375714,"9":0.9047634006},"side_7_accuracy":{"0":0.8685529232,"1":0.9141259193,"2":0.9254186153,"3":0.9338536859,"4":0.9388828874,"5":0.9425190091,"6":0.9460136294,"7":0.9478908777,"8":0.9490829706,"9":0.9508023262},"side_8_dice_coef":{"0":0.4391769767,"1":0.6027154326,"2":0.6605089307,"3":0.6883100271,"4":0.7152897716,"5":0.7235223651,"6":0.7449425459,"7":0.7537716031,"8":0.7677692175,"9":0.7776525021},"side_8_jacard":{"0":0.296158433,"1":0.4484812915,"2":0.5127053261,"3":0.544948101,"4":0.5772808194,"5":0.588711977,"6":0.6136257648,"7":0.6237291694,"8":0.6415424347,"9":0.6528304219},"side_8_recall":{"0":0.5908896923,"1":0.6638482809,"2":0.724875927,"3":0.7551337481,"4":0.7829629779,"5":0.7934443355,"6":0.8075655103,"7":0.816426456,"8":0.8213337064,"9":0.830886066},"side_8_precision":{"0":0.5207543373,"1":0.8270930648,"2":0.8498286605,"3":0.8667747378,"4":0.8766035438,"5":0.886193037,"6":0.8940514326,"7":0.896612823,"8":0.9013969898,"9":0.9033415318},"side_8_accuracy":{"0":0.8139348626,"1":0.9072645307,"2":0.9212667346,"3":0.9295242429,"4":0.9361009002,"5":0.9397712946,"6":0.9437386394,"7":0.9457730055,"8":0.9475703239,"9":0.949618578},"activation_64_dice_coef":{"0":0.3348765969,"1":0.3824390471,"2":0.3982773125,"3":0.4058308303,"4":0.4135404825,"5":0.4126578271,"6":0.4198203385,"7":0.41935426,"8":0.4229451716,"9":0.4236024916},"activation_64_jacard":{"0":0.2113780081,"1":0.2469943017,"2":0.2597063184,"3":0.2668496072,"4":0.2734124064,"5":0.2737232447,"6":0.2791879177,"7":0.2792651951,"8":0.2816506922,"9":0.2827152312},"activation_64_recall":{"0":0.7439255118,"1":0.7938180566,"2":0.8154491782,"3":0.8420171142,"4":0.8652841449,"5":0.8686993718,"6":0.8826459646,"7":0.8825331926,"8":0.8850260377,"9":0.8882492781},"activation_64_precision":{"0":0.3155154884,"1":0.478260994,"2":0.5768700838,"3":0.6244068146,"4":0.654284358,"5":0.6679586172,"6":0.6898534894,"7":0.7023134232,"8":0.7226272225,"9":0.7369897962},"activation_64_accuracy":{"0":0.6348692179,"1":0.7906477451,"2":0.8471729159,"3":0.8702543378,"4":0.8844201565,"5":0.8900423646,"6":0.8996008039,"7":0.9040203691,"8":0.9112177491,"9":0.9162835479},"add_26_dice_coef":{"0":0.4382904172,"1":0.5370019078,"2":0.5680529475,"3":0.58490628,"4":0.6002557278,"5":0.60214293,"6":0.6152352095,"7":0.617632091,"8":0.62548244,"9":0.628724277},"add_26_jacard":{"0":0.2936370373,"1":0.3811382055,"2":0.4124445021,"3":0.430808574,"4":0.4471979141,"5":0.4508404434,"6":0.4639433026,"7":0.466715306,"8":0.4742597342,"9":0.4776284099},"add_26_recall":{"0":0.6209277511,"1":0.7125046253,"2":0.7555450797,"3":0.7861819863,"4":0.8073694706,"5":0.8179894686,"6":0.8313400149,"7":0.8389139175,"8":0.8412368298,"9":0.8499326706},"add_26_precision":{"0":0.7152096033,"1":0.8493808508,"2":0.8630443215,"3":0.8751232624,"4":0.8813761473,"5":0.8878451586,"6":0.8941271901,"7":0.8967924714,"8":0.8990626931,"9":0.9012944698},"add_26_accuracy":{"0":0.8777037859,"1":0.9191920757,"2":0.9288559556,"3":0.9363437891,"4":0.9411691427,"5":0.9442843795,"6":0.9478461742,"7":0.9496953487,"8":0.9505577683,"9":0.9525216818}}