{"loss":{"0":0.4944948256,"1":0.2470578998,"2":0.1703331769,"3":0.1445414573,"4":0.1346809268,"5":0.1292720884,"6":0.1251871735,"7":0.1229536012,"8":0.1202176064,"9":0.1174485534},"dice_coef":{"0":0.4508116543,"1":0.6514428258,"2":0.7403998971,"3":0.7743666172,"4":0.7864328623,"5":0.7943879366,"6":0.8001440763,"7":0.8020558357,"8":0.8058402538,"9":0.8087579608},"jacard":{"0":0.2954783142,"1":0.4862343371,"2":0.5900002718,"3":0.6335656643,"4":0.6502739191,"5":0.661226213,"6":0.6687014103,"7":0.6718252301,"8":0.6765489578,"9":0.6805735826},"recall":{"0":0.8025255203,"1":0.9133086205,"2":0.9366977811,"3":0.9463596344,"4":0.9523370266,"5":0.9546296597,"6":0.9567018747,"7":0.9580120444,"8":0.9603285789,"9":0.9625530243},"precision":{"0":0.5960303545,"1":0.9411619306,"2":0.9514331818,"3":0.9597263336,"4":0.9617336392,"5":0.9644825459,"6":0.9678330421,"7":0.9692861438,"8":0.9703226089,"9":0.9720596671},"accuracy":{"0":0.8241474032,"1":0.9658948779,"2":0.973644197,"3":0.9778575897,"4":0.9797071218,"5":0.9809002876,"6":0.9821881652,"7":0.9828405976,"8":0.9836236835,"9":0.9845556021}}