,loss,dice_coef,jacard,recall,precision,accuracy
0,0.25898516178131104,0.5846484899520874,0.4384321868419647,0.6489893794059753,0.820833683013916,0.007962239906191826
