{"loss":{"0":0.2451580763},"dice_coef":{"0":0.6068694592},"jacard":{"0":0.4607765675},"recall":{"0":0.6788743138},"precision":{"0":0.8321841359},"accuracy":{"0":0.0135603845}}