{"loss":{"0":0.2589851618},"dice_coef":{"0":0.58464849},"jacard":{"0":0.4384321868},"recall":{"0":0.6489893794},"precision":{"0":0.820833683},"accuracy":{"0":0.0079622399}}