,loss,dice_coef,jacard,recall,precision,accuracy
0,0.24515807628631592,0.6068694591522217,0.46077656745910645,0.6788743138313293,0.8321841359138489,0.013560384511947632
