,loss,side_6_loss,side_7_loss,side_8_loss,activation_92_loss,add_23_loss,side_6_dice_coef,side_6_jaccard,side_6_recall,side_6_precision,side_6_accuracy,side_7_dice_coef,side_7_jaccard,side_7_recall,side_7_precision,side_7_accuracy,side_8_dice_coef,side_8_jaccard,side_8_recall,side_8_precision,side_8_accuracy,activation_92_dice_coef,activation_92_jaccard,activation_92_recall,activation_92_precision,activation_92_accuracy,add_23_dice_coef,add_23_jaccard,add_23_recall,add_23_precision,add_23_accuracy,val_loss,val_side_6_loss,val_side_7_loss,val_side_8_loss,val_activation_92_loss,val_add_23_loss,val_side_6_dice_coef,val_side_6_jaccard,val_side_6_recall,val_side_6_precision,val_side_6_accuracy,val_side_7_dice_coef,val_side_7_jaccard,val_side_7_recall,val_side_7_precision,val_side_7_accuracy,val_side_8_dice_coef,val_side_8_jaccard,val_side_8_recall,val_side_8_precision,val_side_8_accuracy,val_activation_92_dice_coef,val_activation_92_jaccard,val_activation_92_recall,val_activation_92_precision,val_activation_92_accuracy,val_add_23_dice_coef,val_add_23_jaccard,val_add_23_recall,val_add_23_precision,val_add_23_accuracy
0,2.4149365425109863,0.430990070104599,0.4372497498989105,0.4817590117454529,0.5472025275230408,0.5177355408668518,0.5690098404884338,0.4339618682861328,0.753425657749176,0.44219520688056946,0.7597940564155579,0.5627497434616089,0.43211111426353455,0.788794755935669,0.3987344205379486,0.7189474105834961,0.5182409286499023,0.39048072695732117,0.7179388403892517,0.42600566148757935,0.7493149042129517,0.4527973532676697,0.32506492733955383,0.8696426749229431,0.2856971025466919,0.5376864075660706,0.48226433992385864,0.35101214051246643,0.82455974817276,0.3580458462238312,0.6681712865829468,1.561504602432251,0.32318946719169617,0.3051218092441559,0.30379316210746765,0.31710338592529297,0.31229740381240845,0.6768108010292053,0.5416558384895325,0.602083146572113,0.7934847474098206,0.8981313705444336,0.6948781609535217,0.5664613246917725,0.6825824975967407,0.7108336091041565,0.8906245231628418,0.6962064504623413,0.5686062574386597,0.6906534433364868,0.7047604322433472,0.8899614214897156,0.6828965544700623,0.5504211187362671,0.6805394291877747,0.7151758074760437,0.8914780616760254,0.6877025961875916,0.556723952293396,0.6827067732810974,0.7123392224311829,0.8910150527954102
