{"loss":{"0":2.4144501686},"side_6_loss":{"0":0.4306089282},"side_7_loss":{"0":0.437196821},"side_8_loss":{"0":0.4817214012},"activation_92_loss":{"0":0.5472109914},"add_23_loss":{"0":0.5177100301},"side_6_dice_coef":{"0":0.569390893},"side_6_jaccard":{"0":0.4342457652},"side_6_recall":{"0":0.7533961535},"side_6_precision":{"0":0.4424962997},"side_6_accuracy":{"0":0.7600281239},"side_7_dice_coef":{"0":0.5628030896},"side_7_jaccard":{"0":0.4321795106},"side_7_recall":{"0":0.7890266776},"side_7_precision":{"0":0.3987703621},"side_7_accuracy":{"0":0.7189588547},"side_8_dice_coef":{"0":0.5182786584},"side_8_jaccard":{"0":0.3905511498},"side_8_recall":{"0":0.7181566358},"side_8_precision":{"0":0.4260031581},"side_8_accuracy":{"0":0.7492976785},"activation_92_dice_coef":{"0":0.452789247},"activation_92_jaccard":{"0":0.3250641227},"activation_92_recall":{"0":0.869721055},"activation_92_precision":{"0":0.285728097},"activation_92_accuracy":{"0":0.5377288461},"add_23_dice_coef":{"0":0.4822897017},"add_23_jaccard":{"0":0.3510511518},"add_23_recall":{"0":0.8247110844},"add_23_precision":{"0":0.3580744565},"add_23_accuracy":{"0":0.6681841612},"val_loss":{"0":1.5519888401},"val_side_6_loss":{"0":0.3207828999},"val_side_7_loss":{"0":0.3034636974},"val_side_8_loss":{"0":0.3021240532},"val_activation_92_loss":{"0":0.3151467741},"val_add_23_loss":{"0":0.3104717433},"val_side_6_dice_coef":{"0":0.6792170405},"val_side_6_jaccard":{"0":0.5439570546},"val_side_6_recall":{"0":0.6028167009},"val_side_6_precision":{"0":0.7974502444},"val_side_6_accuracy":{"0":0.8989246488},"val_side_7_dice_coef":{"0":0.6965361834},"val_side_7_jaccard":{"0":0.5679664612},"val_side_7_recall":{"0":0.6859104037},"val_side_7_precision":{"0":0.7101824284},"val_side_7_accuracy":{"0":0.8908211589},"val_side_8_dice_coef":{"0":0.697875917},"val_side_8_jaccard":{"0":0.5701349378},"val_side_8_recall":{"0":0.6953816414},"val_side_8_precision":{"0":0.7025811076},"val_side_8_accuracy":{"0":0.889898479},"val_activation_92_dice_coef":{"0":0.6848529577},"val_activation_92_jaccard":{"0":0.5523297787},"val_activation_92_recall":{"0":0.6854561567},"val_activation_92_precision":{"0":0.7131570578},"val_activation_92_accuracy":{"0":0.891517818},"val_add_23_dice_coef":{"0":0.6895282269},"val_add_23_jaccard":{"0":0.5584465265},"val_add_23_recall":{"0":0.6870197058},"val_add_23_precision":{"0":0.7108381391},"val_add_23_accuracy":{"0":0.8911081553}}