,loss,side_6_loss,side_7_loss,side_8_loss,activation_92_loss,add_23_loss,side_6_dice_coef,side_6_jaccard,side_6_recall,side_6_precision,side_6_accuracy,side_7_dice_coef,side_7_jaccard,side_7_recall,side_7_precision,side_7_accuracy,side_8_dice_coef,side_8_jaccard,side_8_recall,side_8_precision,side_8_accuracy,activation_92_dice_coef,activation_92_jaccard,activation_92_recall,activation_92_precision,activation_92_accuracy,add_23_dice_coef,add_23_jaccard,add_23_recall,add_23_precision,add_23_accuracy,val_loss,val_side_6_loss,val_side_7_loss,val_side_8_loss,val_activation_92_loss,val_add_23_loss,val_side_6_dice_coef,val_side_6_jaccard,val_side_6_recall,val_side_6_precision,val_side_6_accuracy,val_side_7_dice_coef,val_side_7_jaccard,val_side_7_recall,val_side_7_precision,val_side_7_accuracy,val_side_8_dice_coef,val_side_8_jaccard,val_side_8_recall,val_side_8_precision,val_side_8_accuracy,val_activation_92_dice_coef,val_activation_92_jaccard,val_activation_92_recall,val_activation_92_precision,val_activation_92_accuracy,val_add_23_dice_coef,val_add_23_jaccard,val_add_23_recall,val_add_23_precision,val_add_23_accuracy
0,2.414450168609619,0.43060892820358276,0.43719682097435,0.4817214012145996,0.5472109913825989,0.5177100300788879,0.5693908929824829,0.434245765209198,0.7533961534500122,0.44249629974365234,0.7600281238555908,0.5628030896186829,0.4321795105934143,0.78902667760849,0.39877036213874817,0.718958854675293,0.5182786583900452,0.3905511498451233,0.718156635761261,0.4260031580924988,0.7492976784706116,0.4527892470359802,0.32506412267684937,0.8697210550308228,0.2857280969619751,0.5377288460731506,0.48228970170021057,0.3510511517524719,0.8247110843658447,0.35807445645332336,0.6681841611862183,1.5519888401031494,0.3207828998565674,0.3034636974334717,0.3021240532398224,0.3151467740535736,0.3104717433452606,0.6792170405387878,0.5439570546150208,0.6028167009353638,0.7974502444267273,0.8989246487617493,0.6965361833572388,0.5679664611816406,0.6859104037284851,0.7101824283599854,0.8908211588859558,0.6978759169578552,0.5701349377632141,0.6953816413879395,0.7025811076164246,0.8898984789848328,0.6848529577255249,0.5523297786712646,0.6854561567306519,0.713157057762146,0.8915178179740906,0.689528226852417,0.5584465265274048,0.6870197057723999,0.7108381390571594,0.8911081552505493
