{"loss":{"0":2.4141759872},"side_6_loss":{"0":0.4307333529},"side_7_loss":{"0":0.4371419549},"side_8_loss":{"0":0.4816732407},"activation_92_loss":{"0":0.5470366478},"add_23_loss":{"0":0.5175909996},"side_6_dice_coef":{"0":0.5692669153},"side_6_jaccard":{"0":0.4341562688},"side_6_recall":{"0":0.7535487413},"side_6_precision":{"0":0.4424413145},"side_6_accuracy":{"0":0.7599776983},"side_7_dice_coef":{"0":0.5628579855},"side_7_jaccard":{"0":0.4322861731},"side_7_recall":{"0":0.7894048095},"side_7_precision":{"0":0.3987674117},"side_7_accuracy":{"0":0.7189165354},"side_8_dice_coef":{"0":0.5183267593},"side_8_jaccard":{"0":0.3906427026},"side_8_recall":{"0":0.7185124159},"side_8_precision":{"0":0.426027596},"side_8_accuracy":{"0":0.7492917776},"activation_92_dice_coef":{"0":0.4529634118},"activation_92_jaccard":{"0":0.3253012598},"activation_92_recall":{"0":0.8701930642},"activation_92_precision":{"0":0.2857752442},"activation_92_accuracy":{"0":0.5376871824},"add_23_dice_coef":{"0":0.4824090004},"add_23_jaccard":{"0":0.3512271941},"add_23_recall":{"0":0.8251399398},"add_23_precision":{"0":0.3580985367},"add_23_accuracy":{"0":0.6681461334},"val_loss":{"0":1.5546712875},"val_side_6_loss":{"0":0.3230135143},"val_side_7_loss":{"0":0.3034310937},"val_side_8_loss":{"0":0.3022444248},"val_activation_92_loss":{"0":0.3153383136},"val_add_23_loss":{"0":0.310643822},"val_side_6_dice_coef":{"0":0.6769864559},"val_side_6_jaccard":{"0":0.5415997505},"val_side_6_recall":{"0":0.5980497599},"val_side_6_precision":{"0":0.8008573651},"val_side_6_accuracy":{"0":0.8988618851},"val_side_7_dice_coef":{"0":0.6965687871},"val_side_7_jaccard":{"0":0.5681368709},"val_side_7_recall":{"0":0.684856236},"val_side_7_precision":{"0":0.7116199732},"val_side_7_accuracy":{"0":0.8910633922},"val_side_8_dice_coef":{"0":0.6977558136},"val_side_8_jaccard":{"0":0.5700934529},"val_side_8_recall":{"0":0.6938242912},"val_side_8_precision":{"0":0.7043612003},"val_side_8_accuracy":{"0":0.8901920319},"val_activation_92_dice_coef":{"0":0.684662044},"val_activation_92_jaccard":{"0":0.5522174835},"val_activation_92_recall":{"0":0.6839154363},"val_activation_92_precision":{"0":0.7145642638},"val_activation_92_accuracy":{"0":0.8916957974},"val_add_23_dice_coef":{"0":0.6893562675},"val_add_23_jaccard":{"0":0.5583554506},"val_add_23_recall":{"0":0.6855864525},"val_add_23_precision":{"0":0.7123390436},"val_add_23_accuracy":{"0":0.8913251162}}