,loss,side_6_loss,side_7_loss,side_8_loss,activation_92_loss,add_23_loss,side_6_dice_coef,side_6_jaccard,side_6_recall,side_6_precision,side_6_accuracy,side_7_dice_coef,side_7_jaccard,side_7_recall,side_7_precision,side_7_accuracy,side_8_dice_coef,side_8_jaccard,side_8_recall,side_8_precision,side_8_accuracy,activation_92_dice_coef,activation_92_jaccard,activation_92_recall,activation_92_precision,activation_92_accuracy,add_23_dice_coef,add_23_jaccard,add_23_recall,add_23_precision,add_23_accuracy,val_loss,val_side_6_loss,val_side_7_loss,val_side_8_loss,val_activation_92_loss,val_add_23_loss,val_side_6_dice_coef,val_side_6_jaccard,val_side_6_recall,val_side_6_precision,val_side_6_accuracy,val_side_7_dice_coef,val_side_7_jaccard,val_side_7_recall,val_side_7_precision,val_side_7_accuracy,val_side_8_dice_coef,val_side_8_jaccard,val_side_8_recall,val_side_8_precision,val_side_8_accuracy,val_activation_92_dice_coef,val_activation_92_jaccard,val_activation_92_recall,val_activation_92_precision,val_activation_92_accuracy,val_add_23_dice_coef,val_add_23_jaccard,val_add_23_recall,val_add_23_precision,val_add_23_accuracy
0,2.414897918701172,0.43053069710731506,0.43736523389816284,0.48186546564102173,0.5473183393478394,0.5178188681602478,0.5694689750671387,0.4343969225883484,0.7536128163337708,0.4422285854816437,0.7598115801811218,0.5626348853111267,0.43204861879348755,0.7893943786621094,0.39850687980651855,0.7186585664749146,0.5181345343589783,0.39044326543807983,0.7185100317001343,0.4256773591041565,0.7490144371986389,0.4526815414428711,0.32499274611473083,0.870283842086792,0.28567564487457275,0.5374468564987183,0.4821811318397522,0.35097736120224,0.8251715898513794,0.357909619808197,0.6678977608680725,1.5447347164154053,0.3200995922088623,0.30161210894584656,0.3006531000137329,0.3135222792625427,0.30884742736816406,0.6799004077911377,0.5446388125419617,0.6004841923713684,0.8017796874046326,0.8993533849716187,0.698387861251831,0.5697035789489746,0.6918607950210571,0.7069259881973267,0.8906372785568237,0.6993469595909119,0.5714694857597351,0.7005740404129028,0.6996099948883057,0.8896659016609192,0.6864778995513916,0.5538878440856934,0.69144606590271,0.7095212936401367,0.8912561535835266,0.6911523938179016,0.5599586963653564,0.6928156614303589,0.7075773477554321,0.8909075856208801
