{"loss":{"0":2.3241991997,"1":1.6521078348,"2":1.4611829519,"3":1.3162392378,"4":1.2055226564,"5":1.1151800156,"6":1.0459154844,"7":0.9862005115,"8":0.9425045252,"9":0.914986968},"side_6_loss":{"0":0.369338721,"1":0.2512943149,"2":0.2098454982,"3":0.1768552661,"4":0.1525057852,"5":0.1324459612,"6":0.1173601002,"7":0.1041928902,"8":0.0946415737,"9":0.0890196711},"side_7_loss":{"0":0.3969227672,"1":0.2527585626,"2":0.2107535899,"3":0.1760537326,"4":0.1495768577,"5":0.1279191822,"6":0.1112887263,"7":0.0971380025,"8":0.0867554694,"9":0.0803573877},"side_8_loss":{"0":0.491995424,"1":0.2766034603,"2":0.2231836617,"3":0.186114803,"4":0.1566618383,"5":0.1327253729,"6":0.1142215356,"7":0.0984849632,"8":0.0873955935,"9":0.080238983},"activation_64_loss":{"0":0.6498754025,"1":0.6005316377,"2":0.5879721045,"3":0.5797180533,"4":0.5735048652,"5":0.5686570406,"6":0.5647181273,"7":0.5611983538,"8":0.5582219362,"9":0.5558487773},"add_26_loss":{"0":0.4154675901,"1":0.2703176439,"2":0.2288213074,"3":0.196885556,"4":0.1726579964,"5":0.1528137028,"6":0.1377038658,"7":0.1245584264,"8":0.1148594767,"9":0.1088870168},"side_6_dice_coef":{"0":0.6306609511,"1":0.7487055659,"2":0.7901541591,"3":0.8231450915,"4":0.8474941254,"5":0.8675538301,"6":0.8826402426,"7":0.8958069086,"8":0.9053584337,"9":0.9109805226},"side_6_jacard":{"0":0.4951165617,"1":0.6228509545,"2":0.6739143133,"3":0.7160500288,"4":0.7485132813,"5":0.776162982,"6":0.7977580428,"7":0.817495048,"8":0.8321515322,"9":0.8411591649},"side_6_recall":{"0":0.7308292389,"1":0.7109088898,"2":0.7364282012,"3":0.7669206262,"4":0.7947335243,"5":0.8159213662,"6":0.8325557113,"7":0.8495451808,"8":0.8631185293,"9":0.8724046946},"side_6_precision":{"0":0.5706255436,"1":0.8227190971,"2":0.8738252521,"3":0.9004588127,"4":0.9137247205,"5":0.9254030585,"6":0.9333641529,"7":0.9394901395,"8":0.9443758726,"9":0.947147429},"side_6_accuracy":{"0":0.8354636431,"1":0.9110450745,"2":0.9255594015,"3":0.9359548688,"4":0.9434415698,"5":0.9495217204,"6":0.9541088939,"7":0.9584454298,"8":0.9619320035,"9":0.9642211199},"side_7_dice_coef":{"0":0.6030768156,"1":0.747240901,"2":0.7892463207,"3":0.8239463568,"4":0.8504232168,"5":0.8720809221,"6":0.8887116313,"7":0.902862072,"8":0.9132443666,"9":0.9196427464},"side_7_jacard":{"0":0.466183126,"1":0.6220008135,"2":0.6740447283,"3":0.7183190584,"4":0.7536088228,"5":0.7837775946,"6":0.8078195453,"7":0.8291492462,"8":0.8452968597,"9":0.8557614088},"side_7_recall":{"0":0.7224136591,"1":0.7085171938,"2":0.740264535,"3":0.7693189979,"4":0.7972776294,"5":0.8209371567,"6":0.8400113583,"7":0.8578203321,"8":0.87223804,"9":0.8838114738},"side_7_precision":{"0":0.548912704,"1":0.8226147294,"2":0.8690882325,"3":0.8993871808,"4":0.915092051,"5":0.9268033504,"6":0.934817493,"7":0.9412882924,"8":0.9467699528,"9":0.9491469264},"side_7_accuracy":{"0":0.8250488043,"1":0.9106252789,"2":0.9252555966,"3":0.9361609221,"4":0.9441604614,"5":0.9507098198,"6":0.955765903,"7":0.9603372812,"8":0.9641116858,"9":0.9667600393},"side_8_dice_coef":{"0":0.5080046058,"1":0.7233964801,"2":0.7768163085,"3":0.8138848543,"4":0.8433374166,"5":0.8672745824,"6":0.8857787848,"7":0.901514709,"8":0.9126046896,"9":0.9197610021},"side_8_jacard":{"0":0.368666172,"1":0.5934513807,"2":0.6585310102,"3":0.7055413127,"4":0.7442681789,"5":0.7771495581,"6":0.8035257459,"7":0.827085793,"8":0.8443225026,"9":0.855992496},"side_8_recall":{"0":0.7569256425,"1":0.6938694715,"2":0.7226615548,"3":0.7542766333,"4":0.784568429,"5":0.8113384843,"6":0.8340728879,"7":0.8555217385,"8":0.8717545867,"9":0.8849459291},"side_8_precision":{"0":0.4422356784,"1":0.8133318424,"2":0.8678123355,"3":0.8985590339,"4":0.9159885645,"5":0.9280154109,"6":0.9353675842,"7":0.9408695102,"8":0.9456838965,"9":0.9477512836},"side_8_accuracy":{"0":0.7596443892,"1":0.9064512253,"2":0.922047317,"3":0.933349967,"4":0.9420343637,"5":0.9491783381,"6":0.954769969,"7":0.9598242044,"8":0.963804245,"9":0.9666932821},"activation_64_dice_coef":{"0":0.3501250446,"1":0.3994681239,"2":0.4120277762,"3":0.4202817976,"4":0.4264952242,"5":0.4313432276,"6":0.4352816641,"7":0.438801527,"8":0.4417781234,"9":0.4441511631},"activation_64_jacard":{"0":0.2223819494,"1":0.2608848214,"2":0.2715060711,"3":0.2786147296,"4":0.2840331495,"5":0.2882989347,"6":0.2917724252,"7":0.2948880494,"8":0.297532171,"9":0.2996802926},"activation_64_recall":{"0":0.7420870066,"1":0.8195143342,"2":0.8312802315,"3":0.8440418243,"4":0.85866642,"5":0.8735928535,"6":0.8866947293,"7":0.8987314701,"8":0.9084733725,"9":0.9176671505},"activation_64_precision":{"0":0.338447392,"1":0.4540178776,"2":0.5130855441,"3":0.5615075827,"4":0.5997710228,"5":0.6308107376,"6":0.6592810154,"7":0.6884655356,"8":0.7175711393,"9":0.7428840995},"activation_64_accuracy":{"0":0.6572505832,"1":0.7659353614,"2":0.8076660037,"3":0.8361762762,"4":0.8563212156,"5":0.8716329336,"6":0.8848531842,"7":0.8975687027,"8":0.9093409777,"9":0.9191726446},"add_26_dice_coef":{"0":0.5845327973,"1":0.7296823263,"2":0.7711791396,"3":0.803114593,"4":0.8273419142,"5":0.8471862674,"6":0.8622961044,"7":0.8754416704,"8":0.885140419,"9":0.8911126852},"add_26_jacard":{"0":0.4430841804,"1":0.5981749296,"2":0.6481913924,"3":0.6876882911,"4":0.7188340425,"5":0.7452886701,"6":0.7661320567,"7":0.7850815654,"8":0.7995289564,"9":0.8088256121},"add_26_recall":{"0":0.7380083799,"1":0.7085125446,"2":0.7378439903,"3":0.7680588961,"4":0.7962135077,"5":0.819478631,"6":0.8385344744,"7":0.8570638895,"8":0.8716598153,"9":0.8832149506},"add_26_precision":{"0":0.5627780557,"1":0.8258108497,"2":0.8738760352,"3":0.9025475383,"4":0.9173621535,"5":0.9286962748,"6":0.9364336133,"7":0.9424968958,"8":0.9476057887,"9":0.9502219558},"add_26_accuracy":{"0":0.8322166204,"1":0.911310792,"2":0.9257958531,"3":0.9365460277,"4":0.9444004893,"5":0.9508012533,"6":0.9558008313,"7":0.9604283571,"8":0.9641624689,"9":0.9668557048},"val_loss":{"0":1.9449857473,"1":1.8250926733,"2":1.7975924015,"3":1.7810125351,"4":1.7590430975,"5":1.7287458181,"6":1.7510583401,"7":1.7503665686,"8":1.7399117947,"9":1.7271388769},"val_side_6_loss":{"0":0.3124236763,"1":0.3007782698,"2":0.2911869287,"3":0.2865154743,"4":0.2815925181,"5":0.2748382688,"6":0.2813489735,"7":0.2828133106,"8":0.2797745466,"9":0.2770012319},"val_side_7_loss":{"0":0.3117720485,"1":0.2959221601,"2":0.2930318713,"3":0.2907502055,"4":0.2841647267,"5":0.2769452929,"6":0.283095181,"7":0.282212913,"8":0.2808049023,"9":0.2774507403},"val_side_8_loss":{"0":0.3603731692,"1":0.2972184718,"2":0.290579319,"3":0.2872784138,"4":0.2826630473,"5":0.2757624686,"6":0.2813926637,"7":0.2801780105,"8":0.2789142728,"9":0.275252074},"val_activation_64_loss":{"0":0.6240035295,"1":0.6160153151,"2":0.6134346724,"3":0.6107721329,"4":0.6095812917,"5":0.6073487997,"6":0.6059685946,"7":0.6055804491,"8":0.6036038399,"9":0.6032571197},"val_add_26_loss":{"0":0.3358120322,"1":0.3145538568,"2":0.3087502122,"3":0.3050834835,"4":0.3004241586,"5":0.2932295799,"6":0.2986268997,"7":0.2989526391,"8":0.2961809635,"9":0.2935410738},"val_side_6_dice_coef":{"0":0.6875760555,"1":0.6992218494,"2":0.7088131905,"3":0.7134842873,"4":0.7184076309,"5":0.7251618505,"6":0.7186509371,"7":0.717186749,"8":0.7202255726,"9":0.7229989767},"val_side_6_jacard":{"0":0.5628647804,"1":0.5737835765,"2":0.5838364363,"3":0.5901893377,"4":0.5953371525,"5":0.6032522321,"6":0.5996031761,"7":0.5971839428,"8":0.6004210711,"9":0.6016181707},"val_side_6_recall":{"0":0.7621039152,"1":0.7213954926,"2":0.7160778046,"3":0.7338925004,"4":0.7163183093,"5":0.7330492139,"6":0.7546913624,"7":0.7317006588,"8":0.7483636737,"9":0.742742002},"val_side_6_precision":{"0":0.6298397183,"1":0.6783134937,"2":0.7058560848,"3":0.702444315,"4":0.732968688,"5":0.7257502675,"6":0.6925049424,"7":0.7121160626,"8":0.7060311437,"9":0.7158113122},"val_side_6_accuracy":{"0":0.8738052249,"1":0.8858693838,"2":0.8929353952,"3":0.8938810229,"4":0.8998262286,"5":0.8999355435,"6":0.8932253718,"7":0.8962504268,"8":0.896373868,"9":0.8984375},"val_side_7_dice_coef":{"0":0.6882282495,