,loss,side_6_loss,side_7_loss,side_8_loss,activation_92_loss,add_23_loss,side_6_dice_coef,side_6_jaccard,side_6_recall,side_6_precision,side_6_accuracy,side_7_dice_coef,side_7_jaccard,side_7_recall,side_7_precision,side_7_accuracy,side_8_dice_coef,side_8_jaccard,side_8_recall,side_8_precision,side_8_accuracy,activation_92_dice_coef,activation_92_jaccard,activation_92_recall,activation_92_precision,activation_92_accuracy,add_23_dice_coef,add_23_jaccard,add_23_recall,add_23_precision,add_23_accuracy,val_loss,val_side_6_loss,val_side_7_loss,val_side_8_loss,val_activation_92_loss,val_add_23_loss,val_side_6_dice_coef,val_side_6_jaccard,val_side_6_recall,val_side_6_precision,val_side_6_accuracy,val_side_7_dice_coef,val_side_7_jaccard,val_side_7_recall,val_side_7_precision,val_side_7_accuracy,val_side_8_dice_coef,val_side_8_jaccard,val_side_8_recall,val_side_8_precision,val_side_8_accuracy,val_activation_92_dice_coef,val_activation_92_jaccard,val_activation_92_recall,val_activation_92_precision,val_activation_92_accuracy,val_add_23_dice_coef,val_add_23_jaccard,val_add_23_recall,val_add_23_precision,val_add_23_accuracy
0,2.4141759872436523,0.4307333528995514,0.43714195489883423,0.4816732406616211,0.5470366477966309,0.5175909996032715,0.5692669153213501,0.43415626883506775,0.7535487413406372,0.44244131445884705,0.7599776983261108,0.562857985496521,0.43228617310523987,0.7894048094749451,0.3987674117088318,0.7189165353775024,0.5183267593383789,0.3906427025794983,0.7185124158859253,0.4260275959968567,0.7492917776107788,0.4529634118080139,0.32530125975608826,0.8701930642127991,0.28577524423599243,0.5376871824264526,0.4824090003967285,0.35122719407081604,0.8251399397850037,0.3580985367298126,0.6681461334228516,1.554671287536621,0.3230135142803192,0.30343109369277954,0.3022444248199463,0.3153383135795593,0.3106438219547272,0.6769864559173584,0.5415997505187988,0.5980497598648071,0.8008573651313782,0.8988618850708008,0.6965687870979309,0.5681368708610535,0.6848562359809875,0.7116199731826782,0.891063392162323,0.6977558135986328,0.5700934529304504,0.693824291229248,0.7043612003326416,0.8901920318603516,0.6846620440483093,0.5522174835205078,0.6839154362678528,0.7145642638206482,0.8916957974433899,0.68935626745224,0.558355450630188,0.6855864524841309,0.7123390436172485,0.8913251161575317
