{"loss":{"0":2.4148979187},"side_6_loss":{"0":0.4305306971},"side_7_loss":{"0":0.4373652339},"side_8_loss":{"0":0.4818654656},"activation_92_loss":{"0":0.5473183393},"add_23_loss":{"0":0.5178188682},"side_6_dice_coef":{"0":0.5694689751},"side_6_jaccard":{"0":0.4343969226},"side_6_recall":{"0":0.7536128163},"side_6_precision":{"0":0.4422285855},"side_6_accuracy":{"0":0.7598115802},"side_7_dice_coef":{"0":0.5626348853},"side_7_jaccard":{"0":0.4320486188},"side_7_recall":{"0":0.7893943787},"side_7_precision":{"0":0.3985068798},"side_7_accuracy":{"0":0.7186585665},"side_8_dice_coef":{"0":0.5181345344},"side_8_jaccard":{"0":0.3904432654},"side_8_recall":{"0":0.7185100317},"side_8_precision":{"0":0.4256773591},"side_8_accuracy":{"0":0.7490144372},"activation_92_dice_coef":{"0":0.4526815414},"activation_92_jaccard":{"0":0.3249927461},"activation_92_recall":{"0":0.8702838421},"activation_92_precision":{"0":0.2856756449},"activation_92_accuracy":{"0":0.5374468565},"add_23_dice_coef":{"0":0.4821811318},"add_23_jaccard":{"0":0.3509773612},"add_23_recall":{"0":0.8251715899},"add_23_precision":{"0":0.3579096198},"add_23_accuracy":{"0":0.6678977609},"val_loss":{"0":1.5447347164},"val_side_6_loss":{"0":0.3200995922},"val_side_7_loss":{"0":0.3016121089},"val_side_8_loss":{"0":0.3006531},"val_activation_92_loss":{"0":0.3135222793},"val_add_23_loss":{"0":0.3088474274},"val_side_6_dice_coef":{"0":0.6799004078},"val_side_6_jaccard":{"0":0.5446388125},"val_side_6_recall":{"0":0.6004841924},"val_side_6_precision":{"0":0.8017796874},"val_side_6_accuracy":{"0":0.899353385},"val_side_7_dice_coef":{"0":0.6983878613},"val_side_7_jaccard":{"0":0.5697035789},"val_side_7_recall":{"0":0.691860795},"val_side_7_precision":{"0":0.7069259882},"val_side_7_accuracy":{"0":0.8906372786},"val_side_8_dice_coef":{"0":0.6993469596},"val_side_8_jaccard":{"0":0.5714694858},"val_side_8_recall":{"0":0.7005740404},"val_side_8_precision":{"0":0.6996099949},"val_side_8_accuracy":{"0":0.8896659017},"val_activation_92_dice_coef":{"0":0.6864778996},"val_activation_92_jaccard":{"0":0.5538878441},"val_activation_92_recall":{"0":0.6914460659},"val_activation_92_precision":{"0":0.7095212936},"val_activation_92_accuracy":{"0":0.8912561536},"val_add_23_dice_coef":{"0":0.6911523938},"val_add_23_jaccard":{"0":0.5599586964},"val_add_23_recall":{"0":0.6928156614},"val_add_23_precision":{"0":0.7075773478},"val_add_23_accuracy":{"0":0.8909075856}}