{"loss":{"0":2.4149365425},"side_6_loss":{"0":0.4309900701},"side_7_loss":{"0":0.4372497499},"side_8_loss":{"0":0.4817590117},"activation_92_loss":{"0":0.5472025275},"add_23_loss":{"0":0.5177355409},"side_6_dice_coef":{"0":0.5690098405},"side_6_jaccard":{"0":0.4339618683},"side_6_recall":{"0":0.7534256577},"side_6_precision":{"0":0.4421952069},"side_6_accuracy":{"0":0.7597940564},"side_7_dice_coef":{"0":0.5627497435},"side_7_jaccard":{"0":0.4321111143},"side_7_recall":{"0":0.7887947559},"side_7_precision":{"0":0.3987344205},"side_7_accuracy":{"0":0.7189474106},"side_8_dice_coef":{"0":0.5182409286},"side_8_jaccard":{"0":0.390480727},"side_8_recall":{"0":0.7179388404},"side_8_precision":{"0":0.4260056615},"side_8_accuracy":{"0":0.7493149042},"activation_92_dice_coef":{"0":0.4527973533},"activation_92_jaccard":{"0":0.3250649273},"activation_92_recall":{"0":0.8696426749},"activation_92_precision":{"0":0.2856971025},"activation_92_accuracy":{"0":0.5376864076},"add_23_dice_coef":{"0":0.4822643399},"add_23_jaccard":{"0":0.3510121405},"add_23_recall":{"0":0.8245597482},"add_23_precision":{"0":0.3580458462},"add_23_accuracy":{"0":0.6681712866},"val_loss":{"0":1.5615046024},"val_side_6_loss":{"0":0.3231894672},"val_side_7_loss":{"0":0.3051218092},"val_side_8_loss":{"0":0.3037931621},"val_activation_92_loss":{"0":0.3171033859},"val_add_23_loss":{"0":0.3122974038},"val_side_6_dice_coef":{"0":0.676810801},"val_side_6_jaccard":{"0":0.5416558385},"val_side_6_recall":{"0":0.6020831466},"val_side_6_precision":{"0":0.7934847474},"val_side_6_accuracy":{"0":0.8981313705},"val_side_7_dice_coef":{"0":0.694878161},"val_side_7_jaccard":{"0":0.5664613247},"val_side_7_recall":{"0":0.6825824976},"val_side_7_precision":{"0":0.7108336091},"val_side_7_accuracy":{"0":0.8906245232},"val_side_8_dice_coef":{"0":0.6962064505},"val_side_8_jaccard":{"0":0.5686062574},"val_side_8_recall":{"0":0.6906534433},"val_side_8_precision":{"0":0.7047604322},"val_side_8_accuracy":{"0":0.8899614215},"val_activation_92_dice_coef":{"0":0.6828965545},"val_activation_92_jaccard":{"0":0.5504211187},"val_activation_92_recall":{"0":0.6805394292},"val_activation_92_precision":{"0":0.7151758075},"val_activation_92_accuracy":{"0":0.8914780617},"val_add_23_dice_coef":{"0":0.6877025962},"val_add_23_jaccard":{"0":0.5567239523},"val_add_23_recall":{"0":0.6827067733},"val_add_23_precision":{"0":0.7123392224},"val_add_23_accuracy":{"0":0.8910150528}}