,loss,dice_coef,jacard,recall,precision,accuracy
0,0.06825913488864899,0.04647020995616913,0.02517765760421753,0.008722824044525623,0.015399404801428318,0.12979364395141602
