{"loss":{"0":0.0682591349},"dice_coef":{"0":0.04647021},"jacard":{"0":0.0251776576},"recall":{"0":0.008722824},"precision":{"0":0.0153994048},"accuracy":{"0":0.129793644}}