,loss,dice_coef,jacard,recall,precision,accuracy
0,0.3272443115711212,0.47570839524269104,0.32635781168937683,0.61976557970047,0.7843427658081055,0.8924814462661743
