{"loss":{"0":0.3272443116},"dice_coef":{"0":0.4757083952},"jacard":{"0":0.3263578117},"recall":{"0":0.6197655797},"precision":{"0":0.7843427658},"accuracy":{"0":0.8924814463}}