,loss,side_6_loss,side_7_loss,side_8_loss,activation_116_loss,add_35_loss,side_6_dice_coef,side_6_jacard,side_6_recall,side_6_precision,side_6_accuracy,side_7_dice_coef,side_7_jacard,side_7_recall,side_7_precision,side_7_accuracy,side_8_dice_coef,side_8_jacard,side_8_recall,side_8_precision,side_8_accuracy,activation_116_dice_coef,activation_116_jacard,activation_116_recall,activation_116_precision,activation_116_accuracy,add_35_dice_coef,add_35_jacard,add_35_recall,add_35_precision,add_35_accuracy,val_loss,val_side_6_loss,val_side_7_loss,val_side_8_loss,val_activation_116_loss,val_add_35_loss,val_side_6_dice_coef,val_side_6_jacard,val_side_6_recall,val_side_6_precision,val_side_6_accuracy,val_side_7_dice_coef,val_side_7_jacard,val_side_7_recall,val_side_7_precision,val_side_7_accuracy,val_side_8_dice_coef,val_side_8_jacard,val_side_8_recall,val_side_8_precision,val_side_8_accuracy,val_activation_116_dice_coef,val_activation_116_jacard,val_activation_116_recall,val_activation_116_precision,val_activation_116_accuracy,val_add_35_dice_coef,val_add_35_jacard,val_add_35_recall,val_add_35_precision,val_add_35_accuracy
0,4.005793571472168,0.6887330412864685,0.7139062881469727,0.7289383411407471,0.9593313932418823,0.9148856997489929,0.3111805021762848,0.22198309004306793,0.5852005481719971,0.16276229918003082,0.9567204117774963,0.2860148251056671,0.20646320283412933,0.6946580410003662,0.07538723945617676,0.8887782096862793,0.27098652720451355,0.19369368255138397,0.67745041847229,0.10328927636146545,0.9217032194137573,0.04065735265612602,0.02109840326011181,0.879875659942627,0.03409577161073685,0.6848587989807129,0.08509081602096558,0.04617806896567345,0.7225039005279541,0.09553103148937225,0.9101875424385071,4.1510820388793945,0.6859279274940491,0.7890675663948059,0.8047501444816589,0.9599220156669617,0.9114136695861816,0.31374067068099976,0.2192579209804535,0.7050225734710693,0.29521822929382324,0.9755101203918457,0.21070411801338196,0.1304892748594284,0.8901901245117188,0.14637991786003113,0.934766411781311,0.19503353536128998,0.11880175769329071,0.9125490188598633,0.13038675487041473,0.9240974187850952,0.04007307067513466,0.020766163244843483,0.9830030798912048,0.03567257151007652,0.6750530004501343,0.08852516859769821,0.047993022948503494,0.9137849807739258,0.12795941531658173,0.9223897457122803
