{"loss":{"0":4.0057935715},"side_6_loss":{"0":0.6887330413},"side_7_loss":{"0":0.7139062881},"side_8_loss":{"0":0.7289383411},"activation_116_loss":{"0":0.9593313932},"add_35_loss":{"0":0.9148856997},"side_6_dice_coef":{"0":0.3111805022},"side_6_jacard":{"0":0.22198309},"side_6_recall":{"0":0.5852005482},"side_6_precision":{"0":0.1627622992},"side_6_accuracy":{"0":0.9567204118},"side_7_dice_coef":{"0":0.2860148251},"side_7_jacard":{"0":0.2064632028},"side_7_recall":{"0":0.694658041},"side_7_precision":{"0":0.0753872395},"side_7_accuracy":{"0":0.8887782097},"side_8_dice_coef":{"0":0.2709865272},"side_8_jacard":{"0":0.1936936826},"side_8_recall":{"0":0.6774504185},"side_8_precision":{"0":0.1032892764},"side_8_accuracy":{"0":0.9217032194},"activation_116_dice_coef":{"0":0.0406573527},"activation_116_jacard":{"0":0.0210984033},"activation_116_recall":{"0":0.8798756599},"activation_116_precision":{"0":0.0340957716},"activation_116_accuracy":{"0":0.684858799},"add_35_dice_coef":{"0":0.085090816},"add_35_jacard":{"0":0.046178069},"add_35_recall":{"0":0.7225039005},"add_35_precision":{"0":0.0955310315},"add_35_accuracy":{"0":0.9101875424},"val_loss":{"0":4.1510820389},"val_side_6_loss":{"0":0.6859279275},"val_side_7_loss":{"0":0.7890675664},"val_side_8_loss":{"0":0.8047501445},"val_activation_116_loss":{"0":0.9599220157},"val_add_35_loss":{"0":0.9114136696},"val_side_6_dice_coef":{"0":0.3137406707},"val_side_6_jacard":{"0":0.219257921},"val_side_6_recall":{"0":0.7050225735},"val_side_6_precision":{"0":0.2952182293},"val_side_6_accuracy":{"0":0.9755101204},"val_side_7_dice_coef":{"0":0.210704118},"val_side_7_jacard":{"0":0.1304892749},"val_side_7_recall":{"0":0.8901901245},"val_side_7_precision":{"0":0.1463799179},"val_side_7_accuracy":{"0":0.9347664118},"val_side_8_dice_coef":{"0":0.1950335354},"val_side_8_jacard":{"0":0.1188017577},"val_side_8_recall":{"0":0.9125490189},"val_side_8_precision":{"0":0.1303867549},"val_side_8_accuracy":{"0":0.9240974188},"val_activation_116_dice_coef":{"0":0.0400730707},"val_activation_116_jacard":{"0":0.0207661632},"val_activation_116_recall":{"0":0.9830030799},"val_activation_116_precision":{"0":0.0356725715},"val_activation_116_accuracy":{"0":0.6750530005},"val_add_35_dice_coef":{"0":0.0885251686},"val_add_35_jacard":{"0":0.0479930229},"val_add_35_recall":{"0":0.9137849808},"val_add_35_precision":{"0":0.1279594153},"val_add_35_accuracy":{"0":0.9223897457}}