{"loss":{"0":4.0545506477,"1":3.6030614376},"side_6_loss":{"0":0.7007989287,"1":0.5975701809},"side_7_loss":{"0":0.7296267748,"1":0.5820983648},"side_8_loss":{"0":0.7465199232,"1":0.5756012201},"activation_116_loss":{"0":0.9602721334,"1":0.9535579085},"add_35_loss":{"0":0.9173333645,"1":0.8942302465},"side_6_dice_coef":{"0":0.2991188169,"1":0.402318418},"side_6_jacard":{"0":0.2132419497,"1":0.306828171},"side_6_recall":{"0":0.5961741209,"1":0.6350288987},"side_6_precision":{"0":0.1570171863,"1":0.4575617909},"side_6_accuracy":{"0":0.9549948573,"1":0.985866487},"side_7_dice_coef":{"0":0.2702977359,"1":0.4177855551},"side_7_jacard":{"0":0.1940043271,"1":0.3248949647},"side_7_recall":{"0":0.700928688,"1":0.6691931486},"side_7_precision":{"0":0.070641607,"1":0.4355095029},"side_7_accuracy":{"0":0.8814662695,"1":0.9848268032},"side_8_dice_coef":{"0":0.2534091175,"1":0.4242812395},"side_8_jacard":{"0":0.1790366471,"1":0.3327278793},"side_8_recall":{"0":0.6795651913,"1":0.6844281554},"side_8_precision":{"0":0.0957866907,"1":0.4259410799},"side_8_accuracy":{"0":0.9160285592,"1":0.9843223691},"activation_116_dice_coef":{"0":0.0397168249,"1":0.0464288928},"activation_116_jacard":{"0":0.0206171907,"1":0.0242222156},"activation_116_recall":{"0":0.8753622174,"1":0.949423492},"activation_116_precision":{"0":0.0326830298,"1":0.0722521767},"activation_116_accuracy":{"0":0.6763637066,"1":0.84743613},"add_35_dice_coef":{"0":0.0826441646,"1":0.1057398915},"add_35_jacard":{"0":0.0449002795,"1":0.0581865907},"add_35_recall":{"0":0.7286204696,"1":0.7093649507},"add_35_precision":{"0":0.088882111,"1":0.4146504104},"add_35_accuracy":{"0":0.9035218954,"1":0.9836217761},"val_loss":{"0":4.0861468315,"1":3.8584814072},"val_side_6_loss":{"0":0.6519964337,"1":0.6756774187},"val_side_7_loss":{"0":0.753981173,"1":0.6512232423},"val_side_8_loss":{"0":0.7913150191,"1":0.6679159999},"val_activation_116_loss":{"0":0.956792593,"1":0.9558816552},"val_add_35_loss":{"0":0.9320617914,"1":0.9077827334},"val_side_6_dice_coef":{"0":0.3476176262,"1":0.3239629567},"val_side_6_jacard":{"0":0.2524780631,"1":0.2254177481},"val_side_6_recall":{"0":0.6058409214,"1":0.7855938673},"val_side_6_precision":{"0":0.3924953341,"1":0.2757909894},"val_side_6_accuracy":{"0":0.9832420349,"1":0.9713717103},"val_side_7_dice_coef":{"0":0.2457461804,"1":0.3483903408},"val_side_7_jacard":{"0":0.1699102819,"1":0.258620739},"val_side_7_recall":{"0":0.2913502455,"1":0.6335117817},"val_side_7_precision":{"0":0.5662381053,"1":0.3976335824},"val_side_7_accuracy":{"0":0.9883796573,"1":0.9832872152},"val_side_8_dice_coef":{"0":0.2084535658,"1":0.331716001},"val_side_8_jacard":{"0":0.142490983,"1":0.2454515547},"val_side_8_recall":{"0":0.2371087074,"1":0.5483743548},"val_side_8_precision":{"0":0.6015329361,"1":0.4291876554},"val_side_8_accuracy":{"0":0.9885487556,"1":0.9851492047},"val_activation_116_dice_coef":{"0":0.043159496,"1":0.0440692939},"val_activation_116_jacard":{"0":0.0224309172,"1":0.0229206886},"val_activation_116_recall":{"0":0.9202002883,"1":0.9502956867},"val_activation_116_precision":{"0":0.0528621227,"1":0.0660597011},"val_activation_116_accuracy":{"0":0.7942995429,"1":0.8324222565},"val_add_35_dice_coef":{"0":0.0678630173,"1":0.0921150222},"val_add_35_jacard":{"0":0.0362122655,"1":0.0502655841},"val_add_35_recall":{"0":0.3196176589,"1":0.6474969983},"val_add_35_precision":{"0":0.568882525,"1":0.392095089},"val_add_35_accuracy":{"0":0.9884828329,"1":0.982899189}}