{"loss":{"0":2.5746965408,"1":2.0254831314,"2":1.8692376614,"3":1.7505791187,"4":1.656658411,"5":1.5830123425,"6":1.5239930153,"7":1.4722771645,"8":1.4345434904,"9":1.4007102251},"side_6_loss":{"0":0.3689107895,"1":0.2521344423,"2":0.2108588666,"3":0.1780133992,"4":0.1528499573,"5":0.1333571225,"6":0.1178373545,"7":0.1043136939,"8":0.0946586728,"9":0.0860380679},"side_7_loss":{"0":0.3973499835,"1":0.2529161572,"2":0.2114050686,"3":0.1768569648,"4":0.1497543901,"5":0.1284884512,"6":0.1116330028,"7":0.0969667286,"8":0.0865037516,"9":0.0771587789},"side_8_loss":{"0":0.4979228377,"1":0.2790496051,"2":0.2243876159,"3":0.1868179142,"4":0.1564514339,"5":0.1328141242,"6":0.114148654,"7":0.0980276614,"8":0.0867493153,"9":0.0768256187},"activation_389_loss":{"0":0.6494572163,"1":0.5998072028,"2":0.587092936,"3":0.5787960887,"4":0.5725739598,"5":0.5678761005,"6":0.5640144348,"7":0.5605769157,"8":0.5577505827,"9":0.5551043153},"out_10_loss":{"0":0.660235405,"1":0.6407487392,"2":0.6346606016,"3":0.6292536855,"4":0.6241834164,"5":0.6196238995,"6":0.615501523,"7":0.6115261316,"8":0.6080085039,"9":0.6047068834},"side_6_dice_coef":{"0":0.6310892105,"1":0.7478654385,"2":0.7891408205,"3":0.8219867945,"4":0.8471498489,"5":0.8666428328,"6":0.8821627498,"7":0.8956856728,"8":0.9053416252,"9":0.9139623642},"side_6_jacard":{"0":0.4954710007,"1":0.6219869256,"2":0.6729018688,"3":0.7147815824,"4":0.7482170463,"5":0.7749083042,"6":0.7970950007,"7":0.8173435926,"8":0.8320482373,"9":0.8457228541},"side_6_recall_5":{"0":0.7295793891,"1":0.7158562541,"2":0.7412538528,"3":0.7713291049,"4":0.7988311648,"5":0.8199737072,"6":0.8361994624,"7":0.853454411,"8":0.8664530516,"9":0.8784263134},"side_6_precision_5":{"0":0.5721250176,"1":0.8177770376,"2":0.8692132831,"3":0.8960632682,"4":0.9110180736,"5":0.9221386909,"6":0.9310296178,"7":0.9374844432,"8":0.9427033067,"9":0.9466835856},"side_6_accuracy":{"0":0.8360728025,"1":0.9107578397,"2":0.9254733324,"3":0.9358895421,"4":0.9436542392,"5":0.9496275187,"6":0.9543258548,"7":0.9587771297,"8":0.9622260332,"9":0.9652559161},"side_7_dice_coef":{"0":0.6026501656,"1":0.7470837235,"2":0.7885953784,"3":0.8231434822,"4":0.850245595,"5":0.8715116382,"6":0.8883671761,"7":0.9030326605,"8":0.9134958982,"9":0.9228402972},"side_7_jacard":{"0":0.4657448232,"1":0.6218472719,"2":0.6733537316,"3":0.7173910141,"4":0.7534743547,"5":0.7829810381,"6":0.8073678017,"7":0.8294698,"8":0.8456737399,"9":0.8607384562},"side_7_recall_5":{"0":0.7230690122,"1":0.7099477053,"2":0.7424715161,"3":0.7719717026,"4":0.7997719646,"5":0.8230726719,"6":0.8420247436,"7":0.8596595526,"8":0.8749108911,"9":0.8872457147},"side_7_precision_5":{"0":0.54805547,"1":0.8211243749,"2":0.8665693402,"3":0.8966950774,"4":0.9139911532,"5":0.9254384637,"6":0.9343473911,"7":0.9418028593,"8":0.946226716,"9":0.9512935877},"side_7_accuracy":{"0":0.8246570826,"1":0.9105332494,"2":0.925128758,"3":0.936111331,"4":0.9443990588,"5":0.9508373141,"6":0.9560518265,"7":0.960781455,"8":0.9645091295,"9":0.9678352475},"side_8_dice_coef":{"0":0.5020769238,"1":0.7209504247,"2":0.7756122351,"3":0.813182056,"4":0.8435484767,"5":0.8671854138,"6":0.8858510852,"7":0.9019728899,"8":0.9132507443,"9":0.9231742024},"side_8_jacard":{"0":0.3630667925,"1":0.5912733078,"2":0.6574759483,"3":0.7050144076,"4":0.7448230386,"5":0.7770941257,"6":0.8037139177,"7":0.8278628588,"8":0.8452715874,"9":0.8612787127},"side_8_recall_5":{"0":0.7675049901,"1":0.7098092437,"2":0.7356243134,"3":0.7650407553,"4":0.7940334678,"5":0.8196549416,"6":0.8420155644,"7":0.8620051146,"8":0.8790234923,"9":0.8926725388},"side_8_precision_5":{"0":0.4350194633,"1":0.7980836034,"2":0.8572903275,"3":0.890648067,"4":0.9106876254,"5":0.9228736162,"6":0.9311694503,"7":0.9384452105,"8":0.942293644,"9":0.9470503926},"side_8_accuracy":{"0":0.7533068061,"1":0.9055444002,"2":0.9221369624,"3":0.9337232709,"4":0.942723155,"5":0.9497057796,"6":0.9554163814,"7":0.9605458975,"8":0.9644864202,"9":0.9679954648},"activation_389_dice_coef":{"0":0.3505423963,"1":0.4001930654,"2":0.4129070342,"3":0.4212037623,"4":0.427426517,"5":0.432123661,"6":0.435985893,"7":0.4394229949,"8":0.4422498345,"9":0.4448958039},"activation_389_jacard":{"0":0.2227254361,"1":0.2615086436,"2":0.2722985148,"3":0.2794692814,"4":0.2849211395,"5":0.2890545428,"6":0.2924664617,"7":0.2954840064,"8":0.298019141,"9":0.300368011},"activation_389_recall_5":{"0":0.7437348962,"1":0.821944952,"2":0.8351150751,"3":0.8496583104,"4":0.865729928,"5":0.8807267547,"6":0.8935769796,"7":0.9039336443,"8":0.9142028093,"9":0.92233634},"activation_389_precision_5":{"0":0.3391571641,"1":0.4564851522,"2":0.5164026022,"3":0.5640941262,"4":0.6009275913,"5":0.6309002042,"6":0.6586464643,"7":0.688393712,"8":0.7153241038,"9":0.743981421},"activation_389_accuracy":{"0":0.6578544378,"1":0.7677892447,"2":0.8097859621,"3":0.8377941251,"4":0.8573244214,"5":0.8722406626,"6":0.8852324486,"7":0.898088336,"8":0.909214139,"9":0.920130372},"out_10_dice_coef":{"0":0.3397645354,"1":0.3592508137,"2":0.3653398454,"3":0.3707454801,"4":0.3758166432,"5":0.3803757429,"6":0.384498924,"7":0.38847363,"8":0.3919913471,"9":0.3952932358},"out_10_jacard":{"0":0.2157762945,"1":0.2298609316,"2":0.2348524332,"3":0.2395138741,"4":0.2439335585,"5":0.2479042709,"6":0.2515138984,"7":0.2550165355,"8":0.2581569254,"9":0.2610888183},"out_10_recall_5":{"0":0.9998973012,"1":0.9995088577,"2":0.9991596341,"3":0.9990000129,"4":0.9988419414,"5":0.9987026453,"6":0.9985848069,"7":0.9984491467,"8":0.9983235002,"9":0.998228848},"out_10_precision_5":{"0":0.2004011422,"1":0.2003721297,"2":0.2003177851,"3":0.2003193945,"4":0.2003453225,"5":0.2004053742,"6":0.2005187124,"7":0.2006785572,"8":0.2008206844,"9":0.2008981556},"out_10_accuracy":{"0":0.1998248994,"1":0.1999154389,"2":0.1998558044,"3":0.1999614984,"4":0.2001876384,"5":0.200571686,"6":0.2012083232,"7":0.2020864189,"8":0.2028683722,"9":0.2033118308},"val_loss":{"0":2.2877693176,"1":2.1726303101,"2":2.1621768475,"3":2.1467325687,"4":2.1156249046,"5":2.1254286766,"6":2.114783287,"7":2.1209437847,"8":2.1029438972,"9":2.1208279133},"val_side_6_loss":{"0":0.3136894703,"1":0.2987223864,"2":0.2933154702,"3":0.2894137502,"4":0.2798185945,"5":0.2840811908,"6":0.2822037041,"7":0.286382556,"8":0.2834793627,"9":0.2875717878},"val_side_7_loss":{"0":0.3125618696,"1":0.2944611013,"2":0.2975293994,"3":0.29460904,"4":0.2847397625,"5":0.2894767523,"6":0.2877982557,"7":0.2885998189,"8":0.2824319303,"9":0.2901698947},"val_side_8_loss":{"0":0.3674874306,"1":0.2968782783,"2":0.2932861447,"3":0.2894882858,"4":0.2810782492,"5":0.2846716642,"6":0.283177644,"7":0.2855969369,"8":0.2787612975,"9":0.2871981263},"val_activation_389_loss":{"0":0.6234580278,"1":0.6157129407,"2":0.6127771735,"3":0.6105546355,"4":0.6087546945,"5":0.6079143286,"6":0.6054115891,"7":0.6052553058,"8":0.6044608355,"9":0.6044226885},"val_out_10_loss":{"0":0.6697485447,"1":0.666026473,"2":0.6644328833,"3":0.6618228555,"4":0.6603834629,"5":0.658428371,"6":0.6553304195,"7":0.6542408466,"8":0.6529372931,"9":0.6505852342},"val_side_6_dice_coef":{"0":0.6863104105,"1":0.7012777328,"2":0.7066844702,"3":0.7105864286,"4":0.7201814055,"5":0.7159188986,"6":0.7177962065,"7":0.713617444,"8":0.7165204883,"9":0.7124281526},"val_side_6_jacard":{"0":0.5611014962,"1":0.5757713914,"2":0.581870079,"3":0.5879606009,"4":0.5983657241,"5":0.5941497087,"6":0.5982478857,"7":0.5945894718,"8":0.5969625115,"9":0.5922270417},"val_side_6_recall_5":{"0":0.7675307989,"1":0.7245169282,"2":0.7186849117,"3":0.7350103855,"4":0.7217437029,"5":0.7335534096,"6":0.7539684772,"7":0.7565271854,"8":0.7418006659,"9":0.7727762461},"val_side_6_precision_5":{"0":0.6244562268,"1":0.6799594164,"2":0.7009612918,"3":0.6951886415,"4":0.7316151261,"5":0.7090177536,"6":0.6954626441,"7":0.6781927347,"8":0.7059742212,"9":0.6631134152},"val_side_6_accuracy":{"0":0.8722763062,"1":0.8866363764,"2":0.8919084668,"3":0.8919981122,"4":0.9001175761,"5":0.895622611,"6":0.8939931989,"7":0.8891706467,"8":0.8956836462,"9":0.8859626651},