{"loss":{"0":0.3771026134},"dice_coef":{"0":0.3782533407},"jacard":{"0":0.2495794892},"recall":{"0":0.2209766656},"precision":{"0":0.8343221545},"accuracy":{"0":0.0333243832}}