,loss,dice_coef,jacard,recall,precision,accuracy
0,0.3771026134490967,0.37825334072113037,0.24957948923110962,0.22097666561603546,0.8343221545219421,0.033324383199214935
