{"loss":{"0":0.2469135821},"dice_coef":{"0":0.6102930307},"jacard":{"0":0.4653712213},"recall":{"0":0.6730339527},"precision":{"0":0.834762156},"accuracy":{"0":0.0341772474}}