,loss,dice_coef,jacard,recall,precision,accuracy
0,0.2469135820865631,0.6102930307388306,0.4653712213039398,0.6730339527130127,0.8347621560096741,0.03417724743485451
