{"loss":{"0":2.8619134426},"side_6_loss":{"0":0.4646111727},"side_7_loss":{"0":0.532538116},"side_8_loss":{"0":0.6419151425},"activation_1169_loss":{"0":0.6070397496},"add_359_loss":{"0":0.6158092022},"side_6_dice_coef":{"0":0.5353888273},"side_6_jaccard":{"0":0.3721800745},"side_6_recall_9":{"0":0.877649188},"side_6_precision_9":{"0":0.4404334724},"side_6_accuracy":{"0":0.681096673},"side_7_dice_coef":{"0":0.4674618542},"side_7_jaccard":{"0":0.3091712296},"side_7_recall_9":{"0":0.8614206314},"side_7_precision_9":{"0":0.4175450802},"side_7_accuracy":{"0":0.6546205878},"side_8_dice_coef":{"0":0.3580847681},"side_8_jaccard":{"0":0.2194891572},"side_8_recall_9":{"0":0.2166565806},"side_8_precision_9":{"0":0.5810875297},"side_8_accuracy":{"0":0.7582692504},"activation_1169_dice_coef":{"0":0.3929601908},"activation_1169_jaccard":{"0":0.2452688366},"activation_1169_recall_9":{"0":0.6517705917},"activation_1169_precision_9":{"0":0.351228863},"activation_1169_accuracy":{"0":0.6003353596},"add_359_dice_coef":{"0":0.3841908276},"add_359_jaccard":{"0":0.238778159},"add_359_recall_9":{"0":0.4033890665},"add_359_precision_9":{"0":0.6031831503},"add_359_accuracy":{"0":0.7780834436},"val_loss":{"0":3.0927991867},"val_side_6_loss":{"0":0.5428089499},"val_side_7_loss":{"0":0.5672734976},"val_side_8_loss":{"0":0.6536030173},"val_activation_1169_loss":{"0":0.6742143035},"val_add_359_loss":{"0":0.6548996568},"val_side_6_dice_coef":{"0":0.4571909606},"val_side_6_jaccard":{"0":0.2993549407},"val_side_6_recall_9":{"0":0.9254274368},"val_side_6_precision_9":{"0":0.4151565433},"val_side_6_accuracy":{"0":0.6452588439},"val_side_7_dice_coef":{"0":0.432726562},"val_side_7_jaccard":{"0":0.2785983384},"val_side_7_recall_9":{"0":0.9891905189},"val_side_7_precision_9":{"0":0.3302515745},"val_side_7_accuracy":{"0":0.4810707867},"val_side_8_dice_coef":{"0":0.3463970423},"val_side_8_jaccard":{"0":0.2106335312},"val_side_8_recall_9":{"0":0.9931978583},"val_side_8_precision_9":{"0":0.3136252761},"val_side_8_accuracy":{"0":0.4390487671},"val_activation_1169_dice_coef":{"0":0.3257857561},"val_activation_1169_jaccard":{"0":0.1955161542},"val_activation_1169_recall_9":{"0":0.0001782223},"val_activation_1169_precision_9":{"0":0.0102088163},"val_activation_1169_accuracy":{"0":0.7387577295},"val_add_359_dice_coef":{"0":0.345100373},"val_add_359_jaccard":{"0":0.2096585333},"val_add_359_recall_9":{"0":0.8156155348},"val_add_359_precision_9":{"0":0.4368278682},"val_add_359_accuracy":{"0":0.6820075512}}