{"loss":{"0":2.8765325546,"1":2.0060920715,"2":1.5404037237,"3":1.3020290136,"4":1.1399692297,"5":1.0546933413,"6":0.9724525213,"7":0.9143976569,"8":0.8744353652,"9":0.8429593444},"side_6_loss":{"0":0.4672556221,"1":0.2329037338,"2":0.1500224918,"3":0.1215140596,"4":0.1032204255,"5":0.0937481374,"6":0.084026657,"7":0.0770560354,"8":0.0719433948,"9":0.0681362376},"side_7_loss":{"0":0.5219362974,"1":0.3164083362,"2":0.2119637579,"3":0.1545084864,"4":0.1193109602,"5":0.1025101691,"6":0.0867244601,"7":0.0756566301,"8":0.0678716302,"9":0.0622634105},"side_8_loss":{"0":0.6752833724,"1":0.4608772397,"2":0.3159970045,"3":0.2392508686,"4":0.1832155436,"5":0.1494321376,"6":0.1191690564,"7":0.0979112014,"8":0.0834494978,"9":0.0733359605},"activation_116_loss":{"0":0.6227517724,"1":0.5726509094,"2":0.5333048701,"3":0.5083838105,"4":0.4907290041,"5":0.4833271503,"6":0.4742629528,"7":0.4677853286,"8":0.4634508193,"9":0.4582471848},"add_38_loss":{"0":0.5893056393,"1":0.4232519269,"2":0.329115659,"3":0.2783717513,"4":0.2434935272,"5":0.2256757319,"6":0.208269313,"7":0.1959884465,"8":0.1877198964,"9":0.1809763908},"side_6_dice_coef":{"0":0.532744348,"1":0.7663568854,"2":0.8501015306,"3":0.8787452579,"4":0.8969644308,"5":0.9064321518,"6":0.9161447883,"7":0.9231134057,"8":0.9282159209,"9":0.9320183396},"side_6_jacard":{"0":0.3695099056,"1":0.6256042123,"2":0.742015779,"3":0.7857189178,"4":0.8143375516,"5":0.8300946951,"6":0.8462033868,"7":0.8579423428,"8":0.8666084409,"9":0.8731302619},"side_6_recall":{"0":0.9485650659,"1":0.911763072,"2":0.8906938434,"3":0.8982752562,"4":0.9108076692,"5":0.9178928137,"6":0.92438972,"7":0.9312952757,"8":0.9342127442,"9":0.9377082586},"side_6_precision":{"0":0.4080129266,"1":0.7348210812,"2":0.8610004187,"3":0.8941340446,"4":0.9097369909,"5":0.9210161567,"6":0.9307530522,"7":0.9359269738,"8":0.9408411384,"9":0.9437652826},"side_6_accuracy":{"0":0.6309722662,"1":0.8913844228,"2":0.9342619777,"3":0.9456513524,"4":0.9528645277,"5":0.958157599,"6":0.962390244,"7":0.9654698968,"8":0.9676240087,"9":0.9691041112},"side_7_dice_coef":{"0":0.4780637026,"1":0.6826642752,"2":0.7877599597,"3":0.8455987573,"4":0.8809105158,"5":0.8977657557,"6":0.9135305882,"7":0.9245733619,"8":0.9323368073,"9":0.9379119277},"side_7_jacard":{"0":0.3177974224,"1":0.5226069093,"2":0.6539013982,"3":0.7356210351,"4":0.7890503407,"5":0.8164911866,"6":0.8422134519,"7":0.8607187271,"8":0.8740060329,"9":0.8836948276},"side_7_recall":{"0":0.850250423,"1":0.9516794086,"2":0.9347941875,"3":0.923419714,"4":0.9252324104,"5":0.9274839759,"6":0.9328910112,"7":0.9380185604,"8":0.9407430887,"9":0.9435839653},"side_7_precision":{"0":0.4554168284,"1":0.6624043584,"2":0.7767083049,"3":0.8511595726,"4":0.8932828307,"5":0.9147999883,"6":0.9327036142,"7":0.9432935119,"8":0.9512976408,"9":0.9564583898},"side_7_accuracy":{"0":0.6984894276,"1":0.8612425327,"2":0.913276732,"3":0.9378005862,"4":0.9513293505,"5":0.9586369395,"6":0.964951098,"7":0.9691046476,"8":0.9720253944,"9":0.9739711285},"side_8_dice_coef":{"0":0.3247165382,"1":0.5379102826,"2":0.6836685538,"3":0.7608237863,"4":0.8169651628,"5":0.8508549333,"6":0.8810940385,"7":0.9023205042,"8":0.9167434573,"9":0.9268267155},"side_8_jacard":{"0":0.1952778697,"1":0.3716444075,"2":0.5225514174,"3":0.6171157956,"4":0.6927683353,"5":0.743059516,"6":0.7892948389,"7":0.8232758045,"8":0.8471622467,"9":0.864274919},"side_8_recall":{"0":0.2111310512,"1":0.7186974883,"2":0.8847579956,"3":0.9118562341,"4":0.9239894152,"5":0.9290017486,"6":0.9367194176,"7":0.943490684,"8":0.9474360943,"9":0.9496093392},"side_8_precision":{"0":0.4384189546,"1":0.7187389135,"2":0.7546119094,"3":0.7987666726,"4":0.8477200866,"5":0.8812390566,"6":0.9106021523,"7":0.9282540083,"8":0.9399234653,"9":0.9478262663},"side_8_accuracy":{"0":0.7266443372,"1":0.8540337086,"2":0.8955893517,"3":0.9171352983,"4":0.9365528822,"5":0.9489879608,"6":0.9595282674,"7":0.9661991596,"8":0.9704947472,"9":0.9730514288},"activation_116_dice_coef":{"0":0.377248317,"1":0.4274076223,"2":0.4668674767,"3":0.4918423891,"4":0.5094985366,"5":0.5169677734,"6":0.526037991,"7":0.5325180888,"8":0.5368568301,"9":0.5420484543},"activation_116_jacard":{"0":0.2335790098,"1":0.2731050849,"2":0.3058693111,"3":0.3274264932,"4":0.3429285884,"5":0.3499302864,"6":0.3582037389,"7":0.3641701937,"8":0.3681322038,"9":0.3730356991},"activation_116_recall":{"0":0.6332607269,"1":0.7847772837,"2":0.8570480347,"3":0.8916045427,"4":0.9171183109,"5":0.9323909283,"6":0.9457554221,"7":0.9560663104,"8":0.9621670842,"9":0.9670929909},"activation_116_precision":{"0":0.3279758394,"1":0.4433401823,"2":0.5394531488,"3":0.5828837156,"4":0.615357101,"5":0.6378414035,"6":0.6648458242,"7":0.6882460713,"8":0.707970798,"9":0.7293944359},"activation_116_accuracy":{"0":0.5702493787,"1":0.6887203455,"2":0.7739313841,"3":0.8060745001,"4":0.8287699223,"5":0.8456745148,"6":0.8626070619,"7":0.8765563965,"8":0.8877965212,"9":0.898319304},"add_38_dice_coef":{"0":0.4106942415,"1":0.5760365129,"2":0.6707797647,"3":0.7218188047,"4":0.756767869,"5":0.7746614218,"6":0.7920539379,"7":0.8043181896,"8":0.8125724196,"9":0.8192906976},"add_38_jacard":{"0":0.2604211569,"1":0.4073621631,"2":0.5073607564,"3":0.567240119,"4":0.6104853153,"5":0.6343066692,"6":0.6574030519,"7":0.6740911007,"8":0.6854910254,"9":0.6949700713},"add_38_recall":{"0":0.6996793151,"1":0.9333104491,"2":0.9284121394,"3":0.9242978096,"4":0.9303992391,"5":0.9339979887,"6":0.9403884411,"7":0.9467126131,"8":0.9502920508,"9":0.953066349},"add_38_precision":{"0":0.5679818392,"1":0.7180122733,"2":0.7872784138,"3":0.8455415964,"4":0.8856993318,"5":0.9083431363,"6":0.9280489087,"7":0.9395340681,"8":0.9480951428,"9":0.9537483454},"add_38_accuracy":{"0":0.7848210931,"1":0.8872280717,"2":0.9162737727,"3":0.9361202121,"4":0.9501695037,"5":0.9582554698,"6":0.9654006362,"7":0.9701288939,"8":0.9734286666,"9":0.9755152464},"val_loss":{"0":3.0798242092,"1":3.2988510132,"2":3.5245811939,"3":3.8526566029,"4":4.1536808014,"5":4.3657956123,"6":4.4451732635,"7":4.47905159,"8":4.4830932617,"9":4.1873645782},"val_side_6_loss":{"0":0.5207264423,"1":0.7971576452,"2":0.9639646411,"3":0.9901519418,"4":0.9972868562,"5":0.9986835718,"6":0.9990844727,"7":0.9984629154,"8":0.9819860458,"9":0.7121107578},"val_side_7_loss":{"0":0.6222574711,"1":0.5955132842,"2":0.6711469293,"3":0.9067601562,"4":0.9874399304,"5":0.9972877502,"6":0.998421669,"7":0.9987385273,"8":0.9986925721,"9":0.9811524749},"val_side_8_loss":{"0":0.6574792266,"1":0.6394304037,"2":0.6076449156,"3":0.632658124,"4":0.7703875899,"5":0.9125534296,"6":0.9688925147,"7":0.986015141,"8":0.9918615818,"9":0.9934970737},"val_activation_116_loss":{"0":0.6463594437,"1":0.6392842531,"2":0.6394536495,"3":0.6238679886,"4":0.6258240342,"5":0.6363180876,"6":0.6427959204,"7":0.6530368328,"8":0.6629178524,"9":0.665653944},"val_add_38_loss":{"0":0.633001864,"1":0.6274659038,"2":0.6423711777,"3":0.6992183328,"4":0.7727429867,"5":0.8209526539,"6":0.8359786868,"7":0.8427980542,"8":0.8476352692,"9":0.834949851},"val_side_6_dice_coef":{"0":0.4792735875,"1":0.202842325,"2":0.0360353962,"3":0.0098481113,"4":0.0027131615,"5":0.0013164212,"6":0.0009155805,"7":0.0015369947,"8":0.018013997,"9":0.2878892124},"val_side_6_jacard":{"0":0.3160644472,"1":0.1128931344,"2":0.0183485523,"3":0.0049484516,"4":0.00135843,"5":0.0006586459,"6":0.0004580011,"7":0.0007691327,"8":0.0091224788,"9":0.1737476736},"val_side_6_recall":{"0":0.9175134301,"1":0.0,"2":0.0,"3":0.0,"4":0.0,"5":0.0,"6":0.0,"7":0.0,"8":0.0003613723,"9":0.1562627107},"val_side_6_precision":{"0":0.422675401,"1":0.0,"2":0.0,"3":0.0,"4":0.0,"5":0.0,"6":0.0,"7":0.0,"8":1.0,"9":0.9959905148},"val_side_6_accuracy":{"0":0.6531808972,"1":0.7408946753,"2":0.7408946753,"3":0.7408946753,"4":0.7408946753,"5":0.7408946753,"6":0.7408946753,"7":0.7408946753,"8":0.7409883142,"9":0.7812132239},"val_side_7_dice_coef":{"0":0.3777424991,"1":0.404486686,"2":0.3288531005,"3":0.0932398289,"4":0.0125600463,"5":0.0027122463,"6":0.0015783306,"7":0.0012615535,