,loss,side_6_loss,side_7_loss,side_8_loss,activation_1169_loss,add_359_loss,side_6_dice_coef,side_6_jaccard,side_6_recall_9,side_6_precision_9,side_6_accuracy,side_7_dice_coef,side_7_jaccard,side_7_recall_9,side_7_precision_9,side_7_accuracy,side_8_dice_coef,side_8_jaccard,side_8_recall_9,side_8_precision_9,side_8_accuracy,activation_1169_dice_coef,activation_1169_jaccard,activation_1169_recall_9,activation_1169_precision_9,activation_1169_accuracy,add_359_dice_coef,add_359_jaccard,add_359_recall_9,add_359_precision_9,add_359_accuracy,val_loss,val_side_6_loss,val_side_7_loss,val_side_8_loss,val_activation_1169_loss,val_add_359_loss,val_side_6_dice_coef,val_side_6_jaccard,val_side_6_recall_9,val_side_6_precision_9,val_side_6_accuracy,val_side_7_dice_coef,val_side_7_jaccard,val_side_7_recall_9,val_side_7_precision_9,val_side_7_accuracy,val_side_8_dice_coef,val_side_8_jaccard,val_side_8_recall_9,val_side_8_precision_9,val_side_8_accuracy,val_activation_1169_dice_coef,val_activation_1169_jaccard,val_activation_1169_recall_9,val_activation_1169_precision_9,val_activation_1169_accuracy,val_add_359_dice_coef,val_add_359_jaccard,val_add_359_recall_9,val_add_359_precision_9,val_add_359_accuracy
0,2.8619134426116943,0.4646111726760864,0.532538115978241,0.6419151425361633,0.607039749622345,0.6158092021942139,0.5353888273239136,0.3721800744533539,0.877649188041687,0.44043347239494324,0.6810966730117798,0.46746185421943665,0.30917122960090637,0.8614206314086914,0.4175450801849365,0.6546205878257751,0.3580847680568695,0.21948915719985962,0.21665658056735992,0.5810875296592712,0.7582692503929138,0.39296019077301025,0.2452688366174698,0.6517705917358398,0.35122886300086975,0.6003353595733643,0.3841908276081085,0.23877815902233124,0.4033890664577484,0.6031831502914429,0.7780834436416626,3.092799186706543,0.5428089499473572,0.5672734975814819,0.6536030173301697,0.6742143034934998,0.6548996567726135,0.45719096064567566,0.2993549406528473,0.9254274368286133,0.4151565432548523,0.6452588438987732,0.43272656202316284,0.2785983383655548,0.9891905188560486,0.3302515745162964,0.48107078671455383,0.3463970422744751,0.2106335312128067,0.9931978583335876,0.3136252760887146,0.43904876708984375,0.325785756111145,0.19551615417003632,0.0001782223116606474,0.010208816267549992,0.7387577295303345,0.34510037302970886,0.20965853333473206,0.8156155347824097,0.4368278682231903,0.6820075511932373
