,loss,side_6_loss,side_7_loss,side_8_loss,activation_467_loss,add_143_loss,side_6_dice_coef,side_6_jaccard,side_6_recall_3,side_6_precision_3,side_6_accuracy,side_7_dice_coef,side_7_jaccard,side_7_recall_3,side_7_precision_3,side_7_accuracy,side_8_dice_coef,side_8_jaccard,side_8_recall_3,side_8_precision_3,side_8_accuracy,activation_467_dice_coef,activation_467_jaccard,activation_467_recall_3,activation_467_precision_3,activation_467_accuracy,add_143_dice_coef,add_143_jaccard,add_143_recall_3,add_143_precision_3,add_143_accuracy,val_loss,val_side_6_loss,val_side_7_loss,val_side_8_loss,val_activation_467_loss,val_add_143_loss,val_side_6_dice_coef,val_side_6_jaccard,val_side_6_recall_3,val_side_6_precision_3,val_side_6_accuracy,val_side_7_dice_coef,val_side_7_jaccard,val_side_7_recall_3,val_side_7_precision_3,val_side_7_accuracy,val_side_8_dice_coef,val_side_8_jaccard,val_side_8_recall_3,val_side_8_precision_3,val_side_8_accuracy,val_activation_467_dice_coef,val_activation_467_jaccard,val_activation_467_recall_3,val_activation_467_precision_3,val_activation_467_accuracy,val_add_143_dice_coef,val_add_143_jaccard,val_add_143_recall_3,val_add_143_precision_3,val_add_143_accuracy
0,2.745689630508423,0.4417015016078949,0.5401505827903748,0.6003733277320862,0.6461277604103088,0.5173367857933044,0.5582985281944275,0.3948695957660675,0.8993619084358215,0.47313252091407776,0.7158607244491577,0.45984944701194763,0.30271273851394653,0.8516672849655151,0.4134020507335663,0.6503486633300781,0.39962664246559143,0.25110968947410583,0.711805522441864,0.36534473299980164,0.6073009967803955,0.35387229919433594,0.2161177545785904,0.5765804052352905,0.2888981103897095,0.5256384015083313,0.48266324400901794,0.32202908396720886,0.9094820022583008,0.48431965708732605,0.7269571423530579,3.0661611557006836,0.5311976075172424,0.5932573676109314,0.672048807144165,0.6851125359535217,0.5845447182655334,0.46880242228507996,0.3094000220298767,0.9200159907341003,0.4242466390132904,0.6580421924591064,0.4067426025867462,0.2573547661304474,0.9947208166122437,0.319051593542099,0.4524376690387726,0.32795125246047974,0.1971289962530136,0.36860695481300354,0.1431296169757843,0.27024632692337036,0.31488749384880066,0.18768750131130219,0.0012853608932346106,0.005575011018663645,0.6845883727073669,0.41545525193214417,0.2643325924873352,0.9642799496650696,0.38633331656455994,0.5965895056724548
