{"loss":{"0":2.7456896305},"side_6_loss":{"0":0.4417015016},"side_7_loss":{"0":0.5401505828},"side_8_loss":{"0":0.6003733277},"activation_467_loss":{"0":0.6461277604},"add_143_loss":{"0":0.5173367858},"side_6_dice_coef":{"0":0.5582985282},"side_6_jaccard":{"0":0.3948695958},"side_6_recall_3":{"0":0.8993619084},"side_6_precision_3":{"0":0.4731325209},"side_6_accuracy":{"0":0.7158607244},"side_7_dice_coef":{"0":0.459849447},"side_7_jaccard":{"0":0.3027127385},"side_7_recall_3":{"0":0.851667285},"side_7_precision_3":{"0":0.4134020507},"side_7_accuracy":{"0":0.6503486633},"side_8_dice_coef":{"0":0.3996266425},"side_8_jaccard":{"0":0.2511096895},"side_8_recall_3":{"0":0.7118055224},"side_8_precision_3":{"0":0.365344733},"side_8_accuracy":{"0":0.6073009968},"activation_467_dice_coef":{"0":0.3538722992},"activation_467_jaccard":{"0":0.2161177546},"activation_467_recall_3":{"0":0.5765804052},"activation_467_precision_3":{"0":0.2888981104},"activation_467_accuracy":{"0":0.5256384015},"add_143_dice_coef":{"0":0.482663244},"add_143_jaccard":{"0":0.322029084},"add_143_recall_3":{"0":0.9094820023},"add_143_precision_3":{"0":0.4843196571},"add_143_accuracy":{"0":0.7269571424},"val_loss":{"0":3.0661611557},"val_side_6_loss":{"0":0.5311976075},"val_side_7_loss":{"0":0.5932573676},"val_side_8_loss":{"0":0.6720488071},"val_activation_467_loss":{"0":0.685112536},"val_add_143_loss":{"0":0.5845447183},"val_side_6_dice_coef":{"0":0.4688024223},"val_side_6_jaccard":{"0":0.309400022},"val_side_6_recall_3":{"0":0.9200159907},"val_side_6_precision_3":{"0":0.424246639},"val_side_6_accuracy":{"0":0.6580421925},"val_side_7_dice_coef":{"0":0.4067426026},"val_side_7_jaccard":{"0":0.2573547661},"val_side_7_recall_3":{"0":0.9947208166},"val_side_7_precision_3":{"0":0.3190515935},"val_side_7_accuracy":{"0":0.452437669},"val_side_8_dice_coef":{"0":0.3279512525},"val_side_8_jaccard":{"0":0.1971289963},"val_side_8_recall_3":{"0":0.3686069548},"val_side_8_precision_3":{"0":0.143129617},"val_side_8_accuracy":{"0":0.2702463269},"val_activation_467_dice_coef":{"0":0.3148874938},"val_activation_467_jaccard":{"0":0.1876875013},"val_activation_467_recall_3":{"0":0.0012853609},"val_activation_467_precision_3":{"0":0.005575011},"val_activation_467_accuracy":{"0":0.6845883727},"val_add_143_dice_coef":{"0":0.4154552519},"val_add_143_jaccard":{"0":0.2643325925},"val_add_143_recall_3":{"0":0.9642799497},"val_add_143_precision_3":{"0":0.3863333166},"val_add_143_accuracy":{"0":0.5965895057}}