,loss,dice_coef,jacard,recall,precision,accuracy
0,0.24220576882362366,0.0337153896689415,0.01771613396704197,0.15390869975090027,0.0372687429189682,0.9500738382339478
