{"loss":{"0":0.2422057688},"dice_coef":{"0":0.0337153897},"jacard":{"0":0.017716134},"recall":{"0":0.1539086998},"precision":{"0":0.0372687429},"accuracy":{"0":0.9500738382}}