,loss,dice_coef,jacard,recall,precision,accuracy
0,0.7396782636642456,0.4492720663547516,0.30078497529029846,0.7528408765792847,0.39849022030830383,0.5465860962867737
