{"loss":{"0":0.7396782637},"dice_coef":{"0":0.4492720664},"jacard":{"0":0.3007849753},"recall":{"0":0.7528408766},"precision":{"0":0.3984902203},"accuracy":{"0":0.5465860963}}