{"loss":{"0":2.8306641579,"1":1.9090631008,"2":1.4270647764,"3":1.1916646957,"4":1.0385254622,"5":0.930947721,"6":0.853738606,"7":0.7985884547,"8":0.7582648396,"9":0.7284136415},"side_6_loss":{"0":0.4627082944,"1":0.2294760942,"2":0.147043094,"3":0.1195797026,"4":0.1022494137,"5":0.0897757262,"6":0.0809185207,"7":0.0742222741,"8":0.0689648986,"9":0.0649073496},"side_7_loss":{"0":0.5209802389,"1":0.3099993765,"2":0.205067277,"3":0.150259003,"4":0.118754074,"5":0.0985934213,"6":0.084387742,"7":0.0743021518,"8":0.0667888522,"9":0.0611669943},"side_8_loss":{"0":0.6737219095,"1":0.4534260929,"2":0.3064889014,"3":0.2294967026,"4":0.1764691174,"5":0.1382090896,"6":0.1106168255,"7":0.0914680287,"8":0.0781990886,"9":0.0687792897},"activation_233_loss":{"0":0.6223322153,"1":0.5730603933,"2":0.5324564576,"3":0.5089520812,"4":0.4930817783,"5":0.4815266728,"6":0.4728410244,"7":0.4662088156,"8":0.4609407187,"9":0.4567506909},"add_77_loss":{"0":0.5509218574,"1":0.3431014419,"2":0.2360091507,"3":0.183377102,"4":0.147971034,"5":0.1228426397,"6":0.1049742401,"7":0.0923872218,"8":0.0833713263,"9":0.0768092647},"side_6_dice_coef":{"0":0.5391245484,"1":0.7714833617,"2":0.8534836769,"3":0.880777657,"4":0.8980277777,"5":0.9104565978,"6":0.9192906022,"7":0.9259660244,"8":0.931212008,"9":0.9352493882},"side_6_jacard":{"0":0.3758279085,"1":0.6324129105,"2":0.7471542954,"3":0.7889165282,"4":0.8163080215,"5":0.8366321921,"6":0.8514219522,"7":0.8627373576,"8":0.871720314,"9":0.8787080646},"side_6_recall_1":{"0":0.9513474703,"1":0.9163366556,"2":0.8950799704,"3":0.9024332166,"4":0.9126311541,"5":0.9210026264,"6":0.9277766943,"7":0.9333326221,"8":0.9370647073,"9":0.9400495887},"side_6_precision_1":{"0":0.4118945301,"1":0.7370697856,"2":0.8619682193,"3":0.8926751614,"4":0.9117101431,"5":0.9241138697,"6":0.9327988029,"7":0.9387421608,"8":0.9432892203,"9":0.946954906},"side_6_accuracy":{"0":0.6360379457,"1":0.8934204578,"2":0.9354412556,"3":0.9463573098,"4":0.9541893601,"5":0.959641695,"6":0.9636625051,"7":0.9666329622,"8":0.9687760472,"9":0.970495522},"side_7_dice_coef":{"0":0.4804094434,"1":0.6908676624,"2":0.7956444621,"3":0.8503075242,"4":0.8816853166,"5":0.9017747045,"6":0.9159169793,"7":0.9259627461,"8":0.9334334731,"9":0.9390227199},"side_7_jacard":{"0":0.3199820817,"1":0.5320000052,"2":0.6645722985,"3":0.7425493598,"4":0.7905783057,"5":0.8227033615,"6":0.8460114598,"7":0.8629887104,"8":0.8758288622,"9":0.885584414},"side_7_recall_1":{"0":0.8481203914,"1":0.9501100779,"2":0.9298708439,"3":0.9196522832,"4":0.9209375381,"5":0.92468822,"6":0.9298608899,"7":0.9342896938,"8":0.9377800226,"9":0.9413128495},"side_7_precision_1":{"0":0.4578455985,"1":0.6705712676,"2":0.7896894217,"3":0.860016942,"4":0.8988704681,"5":0.9225227833,"6":0.9384872317,"7":0.9487171173,"8":0.9561000466,"9":0.960634768},"side_7_accuracy":{"0":0.7009184957,"1":0.8659458756,"2":0.9173883796,"3":0.9401109815,"4":0.9523767829,"5":0.9600795507,"6":0.9657483101,"7":0.9695993662,"8":0.9724314809,"9":0.9745001793},"side_8_dice_coef":{"0":0.3274739981,"1":0.5478300452,"2":0.6944007277,"3":0.7712620497,"4":0.8241679072,"5":0.8623083234,"6":0.8897742629,"7":0.9088229537,"8":0.9220331907,"9":0.9314059615},"side_8_jacard":{"0":0.1973493546,"1":0.3811540902,"2":0.5350865126,"3":0.6307428479,"4":0.7035193443,"5":0.7598822117,"6":0.8027929664,"7":0.8338066936,"8":0.8559907079,"9":0.8720997572},"side_8_recall_1":{"0":0.214160651,"1":0.7281996608,"2":0.8844276667,"3":0.910377562,"4":0.9204938412,"5":0.928275466,"6":0.9353431463,"7":0.9413294792,"8":0.9456732869,"9":0.949131012},"side_8_precision_1":{"0":0.4440978169,"1":0.723179698,"2":0.7660127282,"3":0.8133711815,"4":0.8597865701,"5":0.8960351348,"6":0.9214442968,"7":0.9370394349,"8":0.9467460513,"9":0.9534117579},"side_8_accuracy":{"0":0.7278270721,"1":0.857536912,"2":0.8999431729,"3":0.9224385619,"4":0.9402291179,"5":0.9531990886,"6":0.9622530341,"7":0.9680565,"8":0.9717757106,"9":0.9744284749},"activation_233_dice_coef":{"0":0.3782698214,"1":0.4275359213,"2":0.468023628,"3":0.4914650023,"4":0.5073041916,"5":0.5188375115,"6":0.5275041461,"7":0.5341188908,"8":0.5393772721,"9":0.5435590744},"activation_233_jacard":{"0":0.2343549281,"1":0.2731987536,"2":0.3068329096,"3":0.3270910084,"4":0.3411386609,"5":0.3515614569,"6":0.359498471,"7":0.3656139374,"8":0.3705110252,"9":0.3744260967},"activation_233_recall_1":{"0":0.6340852976,"1":0.7855836153,"2":0.8579670191,"3":0.8927884698,"4":0.9170964956,"5":0.9349831343,"6":0.947863102,"7":0.9568967223,"8":0.9637691379,"9":0.9684775472},"activation_233_precision_1":{"0":0.3277455866,"1":0.4398557842,"2":0.5398586392,"3":0.5825744867,"4":0.6125023365,"5":0.640322566,"6":0.6665288806,"7":0.6911241412,"8":0.7137256861,"9":0.7333247066},"activation_233_accuracy":{"0":0.5693515539,"1":0.6859170198,"2":0.7740615606,"3":0.8066473007,"4":0.8282383084,"5":0.8470186591,"6":0.8634744883,"7":0.877805233,"8":0.8901680708,"9":0.9002406001},"add_77_dice_coef":{"0":0.4505187273,"1":0.6579397321,"2":0.7647108436,"3":0.817196548,"4":0.852494657,"5":0.877537787,"6":0.8953312635,"7":0.9078594446,"8":0.9168401361,"9":0.9233692884},"add_77_jacard":{"0":0.2941842675,"1":0.4939246178,"2":0.6219358444,"3":0.6933182478,"4":0.7448045611,"5":0.7831846476,"6":0.8115126491,"7":0.8320013881,"8":0.8469864726,"9":0.8580557108},"add_77_recall_1":{"0":0.8292049766,"1":0.9151511192,"2":0.904232502,"3":0.9126657248,"4":0.9221762419,"5":0.9297619462,"6":0.9362816215,"7":0.941108942,"8":0.9449081421,"9":0.9482284188},"add_77_precision_1":{"0":0.5162743926,"1":0.758012414,"2":0.8559831977,"3":0.8884928823,"4":0.910748899,"5":0.9279991388,"6":0.940096736,"7":0.9480702877,"8":0.9541217685,"9":0.9587842226},"add_77_accuracy":{"0":0.7547636628,"1":0.9020980597,"2":0.935526967,"3":0.9474183917,"4":0.9561181068,"5":0.9627896547,"6":0.9676981568,"7":0.9710472226,"8":0.9736112356,"9":0.9756761193},"val_loss":{"0":3.031509161,"1":3.3752372265,"2":3.6268019676,"3":3.9600336552,"4":4.2970738411,"5":4.5221381187,"6":4.5939083099,"7":4.6176433563,"8":4.5252285004,"9":3.8439333439},"val_side_6_loss":{"0":0.5199893713,"1":0.8102384806,"2":0.9658184648,"3":0.9916818142,"4":0.9970819354,"5":0.9984823465,"6":0.9987594485,"7":0.9960407615,"8":0.9213036895,"9":0.5538551211},"val_side_7_loss":{"0":0.6224178672,"1":0.6023902297,"2":0.7151626945,"3":0.9390578866,"4":0.9910541773,"5":0.9974313974,"6":0.9981476068,"7":0.9982488751,"8":0.9977054596,"9":0.8998813629},"val_side_8_loss":{"0":0.6572800279,"1":0.6368216872,"2":0.6037041545,"3":0.644825995,"4":0.7988523245,"5":0.931409061,"6":0.9749651551,"7":0.987384975,"8":0.991743505,"9":0.9785370231},"val_activation_233_loss":{"0":0.646089077,"1":0.6390436888,"2":0.6388190985,"3":0.6229980588,"4":0.6276657581,"5":0.6374211907,"6":0.6438059211,"7":0.653182447,"8":0.6639080644,"9":0.6649249792},"val_add_77_loss":{"0":0.5857328176,"1":0.6867431998,"2":0.7032976747,"3":0.7614697814,"4":0.8824198246,"5":0.9573940635,"6":0.9782306552,"7":0.9827859998,"8":0.9505670667,"9":0.7467353344},"val_side_6_dice_coef":{"0":0.4800106287,"1":0.1897614598,"2":0.0341815092,"3":0.0083182268,"4":0.0029180108,"5":0.0015176889,"6":0.0012405728,"7":0.0039591952,"8":0.0786962882,"9":0.4461448789},"val_side_6_jacard":{"0":0.3167060018,"1":0.1048473567,"2":0.0173881613,"3":0.00417651,"4":0.0014611441,"5":0.000759423,"6":0.0006206741,"7":0.0019839497,"8":0.041682452,"9":0.2952241004},"val_side_6_recall_1":{"0":0.916921854,"1":0.0,"2":0.0,"3":0.0,"4":0.0,"5":0.0,"6":0.0,"7":0.0,"8":0.0226085186,"9":0.2863192558},"val_side_6_precision_1":{"0":0.4232750535,"1":0.0,"2":0.0,"3":0.0,"4":0.0,"5":0.0,"6":0.0,"7":0.0,"8":0.9995266199,"9":0.9810237288},"val_side_6_accuracy":{"0":0.6540333033,"1":0.7408946753,"2":0.7408946753,"3":0.7408946753,"4":0.7408946753,"5":0.7408946753,"6":0.7408946753,"7":0.7408946753,"8":0.7467498779,"9":0.8136069775},"val_side_7_dice_coef":{"0":0.3775821626,"1":0.3976097107,"2":0.2848373353,"3":0.0609421879,"4":0.0089458916,"5":0.0025685306,"6":0.0018523932,