{"loss":{"0":2.6847558022,"1":1.5839588642,"2":1.1098029613,"3":0.9436098337,"4":0.8699580431,"5":0.8290933371,"6":0.8031446934,"7":0.7851337194,"8":0.7718009353,"9":0.7601383924},"side_6_loss":{"0":0.3824369311,"1":0.1198591664,"2":0.0823576525,"3":0.0712170303,"4":0.0649116114,"5":0.0607749261,"6":0.0578142591,"7":0.0555923097,"8":0.0537907705,"9":0.0522940271},"side_7_loss":{"0":0.4907580912,"1":0.2095554471,"2":0.0954246596,"3":0.0674263239,"4":0.0561783314,"5":0.0499658361,"6":0.0457786508,"7":0.0426852517,"8":0.0402307957,"9":0.0379987098},"side_8_loss":{"0":0.5896182656,"1":0.3275004923,"2":0.1580628902,"3":0.0913639069,"4":0.0658161566,"5":0.0537932701,"6":0.0470517911,"7":0.0427209623,"8":0.0396614335,"9":0.0368007906},"activation_467_loss":{"0":0.6593507528,"1":0.5665303469,"2":0.5180062056,"3":0.4963416159,"4":0.4824631214,"5":0.4730852246,"6":0.4666834176,"7":0.4622043669,"8":0.4590114355,"9":0.4564537704},"add_155_loss":{"0":0.56259197,"1":0.3605132997,"2":0.2559516728,"3":0.217260763,"4":0.2005886883,"5":0.1914739758,"6":0.185816586,"7":0.1819308102,"8":0.1791064292,"9":0.1765910387},"side_6_dice_coef":{"0":0.6175632477,"1":0.8801409602,"2":0.917642355,"3":0.9287830591,"4":0.9350882173,"5":0.939225316,"6":0.9421856999,"7":0.9444077015,"8":0.9462091327,"9":0.9477058053},"side_6_jacard":{"0":0.4605685472,"1":0.7896619439,"2":0.8501418233,"3":0.8690671921,"4":0.8799009323,"5":0.8870731592,"6":0.8922907114,"7":0.8962154984,"8":0.8994169235,"9":0.9020258188},"side_6_recall_3":{"0":0.9505566955,"1":0.9143255353,"2":0.9181097746,"3":0.9256823063,"4":0.9302825332,"5":0.9335737228,"6":0.9356343746,"7":0.9375956655,"8":0.9391066432,"9":0.940246582},"side_6_precision_3":{"0":0.4797433317,"1":0.9032825828,"2":0.9411761165,"3":0.9486269951,"4":0.9530099034,"5":0.9555062056,"6":0.9578813314,"7":0.9594419599,"8":0.9607424736,"9":0.9618986249},"side_6_accuracy":{"0":0.7303246856,"1":0.9515089989,"2":0.9626650214,"3":0.9662845731,"4":0.9684633017,"5":0.9698400497,"6":0.97091043,"7":0.9717432261,"8":0.9724214077,"9":0.9729856253},"side_7_dice_coef":{"0":0.5092419982,"1":0.7904444933,"2":0.9045755863,"3":0.9325737357,"4":0.943821311,"5":0.9500341415,"6":0.9542212486,"7":0.9573147893,"8":0.9597690701,"9":0.9620010853},"side_7_jacard":{"0":0.3506563306,"1":0.6610645652,"2":0.8284661174,"3":0.8755853176,"4":0.895188868,"5":0.9062665701,"6":0.9138626456,"7":0.9195066094,"8":0.9240050316,"9":0.9280064702},"side_7_recall_3":{"0":0.8574101925,"1":0.9494937062,"2":0.9420115352,"3":0.9427850246,"4":0.9457453489,"5":0.9485820532,"6":0.9501366019,"7":0.9518522024,"8":0.9530951381,"9":0.9548985958},"side_7_precision_3":{"0":0.4259567857,"1":0.7990029454,"2":0.9419172406,"3":0.9601529837,"4":0.966725409,"5":0.9700296521,"6":0.9729281664,"7":0.9749301672,"8":0.9767847061,"9":0.9781495929},"side_7_accuracy":{"0":0.6783480048,"1":0.9245522022,"2":0.9677451253,"3":0.9729771018,"4":0.975445509,"5":0.9769750237,"6":0.9780926108,"7":0.9790127873,"8":0.979786098,"9":0.9805573821},"side_8_dice_coef":{"0":0.4103816748,"1":0.6724994779,"2":0.8419371247,"3":0.9086360335,"4":0.9341835976,"5":0.9462066293,"6":0.9529482722,"7":0.9572790265,"8":0.9603385925,"9":0.963199079},"side_8_jacard":{"0":0.2626803815,"1":0.5125389695,"2":0.7306873202,"3":0.8347139359,"4":0.8780961037,"5":0.8993076682,"6":0.911482811,"7":0.9193847179,"8":0.9250137806,"9":0.9301099777},"side_8_recall_3":{"0":0.4885405302,"1":0.8562474251,"2":0.9357116818,"3":0.9494418502,"4":0.952665627,"5":0.9551151395,"6":0.9564270377,"7":0.9576971531,"8":0.9586179256,"9":0.9604746699},"side_8_precision_3":{"0":0.503655076,"1":0.7606857419,"2":0.9362578392,"3":0.9615610838,"4":0.9697834849,"5":0.9730216265,"6":0.9753952026,"7":0.9769348502,"8":0.9781865478,"9":0.9793807268},"side_8_accuracy":{"0":0.7565171719,"1":0.8972069621,"2":0.9653324485,"3":0.9747121334,"4":0.9776996374,"5":0.9791742563,"6":0.9801225066,"7":0.9808315635,"8":0.9813766479,"9":0.9821367264},"activation_467_dice_coef":{"0":0.340649128,"1":0.4334696531,"2":0.4819938242,"3":0.5036583543,"4":0.5175367594,"5":0.5269147158,"6":0.5333167911,"7":0.5377957225,"8":0.5409886241,"9":0.5435462594},"activation_467_jacard":{"0":0.206399411,"1":0.2783190608,"2":0.3189867437,"3":0.3380252123,"4":0.3505441546,"5":0.359145999,"6":0.36507833,"7":0.3692612648,"8":0.3722590506,"9":0.3746737242},"activation_467_recall_3":{"0":0.5614462495,"1":0.8609597087,"2":0.8950301409,"3":0.9224926829,"4":0.9420009851,"5":0.9562855363,"6":0.965470314,"7":0.9713104963,"8":0.9749329686,"9":0.9784694314},"activation_467_precision_3":{"0":0.2930614352,"1":0.4077313542,"2":0.5018312335,"3":0.5793504715,"4":0.6397950649,"5":0.6885110736,"6":0.7285242081,"7":0.7614929676,"8":0.7881872654,"9":0.81009233},"activation_467_accuracy":{"0":0.5579267144,"1":0.6572741866,"2":0.7540426254,"3":0.8138466477,"4":0.8522561789,"5":0.8791556358,"6":0.8987977505,"7":0.9134860635,"8":0.9244701266,"9":0.9331457615},"add_155_dice_coef":{"0":0.4374079704,"1":0.6394867301,"2":0.7440484166,"3":0.7827391624,"4":0.7994111776,"5":0.8085258603,"6":0.814183414,"7":0.8180691004,"8":0.8208934665,"9":0.8234089613},"add_155_jacard":{"0":0.2837968469,"1":0.4736453593,"2":0.5947725773,"3":0.6448608041,"4":0.6674245,"5":0.6800531745,"6":0.6880129576,"7":0.6935250759,"8":0.6975582242,"9":0.7011026144},"add_155_recall_3":{"0":0.7141267061,"1":0.9008949995,"2":0.9399498105,"3":0.9505614042,"4":0.9543660283,"5":0.9573398232,"6":0.9589578509,"7":0.9603897929,"8":0.9613733292,"9":0.9632133842},"add_155_precision_3":{"0":0.6329724789,"1":0.8637228608,"2":0.9561713934,"3":0.9668256044,"4":0.9719225168,"5":0.9739812613,"6":0.9757087827,"7":0.9768981934,"8":0.9780538082,"9":0.9791383743},"add_155_accuracy":{"0":0.8270354271,"1":0.9387158155,"2":0.9714587927,"3":0.9764028788,"4":0.9786528945,"5":0.9798832536,"6":0.9806886911,"7":0.9813116193,"8":0.9818322659,"9":0.9825497866},"val_loss":{"0":2.9124350548,"1":2.9570064545,"2":3.292570591,"3":2.3567752838,"4":1.0168126822,"5":0.8698252439,"6":0.8044178486,"7":0.7642333508,"8":0.747168839,"9":0.7521407008},"val_side_6_loss":{"0":0.433293581,"1":0.6331668496,"2":0.8291774988,"3":0.4789095521,"4":0.1173925623,"5":0.0673423186,"6":0.0581378378,"7":0.0542534888,"8":0.0533364601,"9":0.0531011075},"val_side_7_loss":{"0":0.5613610148,"1":0.4894522727,"2":0.444383204,"3":0.3637956977,"4":0.0618911013,"5":0.0480865426,"6":0.0429868475,"7":0.0393520407,"8":0.0379360616,"9":0.039652884},"val_side_8_loss":{"0":0.6339622736,"1":0.5758242607,"2":0.6845736504,"3":0.3845475018,"4":0.0877022594,"5":0.0542117059,"6":0.0433681421,"7":0.0389033966,"8":0.0361777134,"9":0.0378362723},"val_activation_467_loss":{"0":0.6791040897,"1":0.6650155187,"2":0.6652818322,"3":0.6437307596,"4":0.523246944,"5":0.5015559196,"6":0.4745637774,"7":0.4539889395,"8":0.4452589452,"9":0.4459254742},"val_add_155_loss":{"0":0.6047141552,"1":0.5935475826,"2":0.6691544056,"3":0.4857918322,"4":0.226579845,"5":0.1986289024,"6":0.1853612512,"7":0.1777354479,"8":0.1744595766,"9":0.1756250113},"val_side_6_dice_coef":{"0":0.5667063594,"1":0.3668331206,"2":0.1708224565,"3":0.5210903883,"4":0.8826075196,"5":0.9326575994,"6":0.9418621063,"7":0.9457464814,"8":0.9466634393,"9":0.9468987584},"val_side_6_jacard":{"0":0.3972677886,"1":0.2248009443,"2":0.0935602561,"3":0.353515476,"4":0.7901453376,"5":0.8739805818,"6":0.8902454376,"7":0.8971975446,"8":0.8988522291,"9":0.8993044496},"val_side_6_recall_3":{"0":0.9790143967,"1":0.0044142045,"2":0.0033534386,"3":0.3395437598,"4":0.808635056,"5":0.9095466137,"6":0.9325904846,"7":0.9479515553,"8":0.9495411515,"9":0.9543562531},"val_side_6_precision_3":{"0":0.4587960839,"1":0.952111721,"2":1.0,"3":0.9991108179,"4":0.9825786352,"5":0.9684871435,"6":0.9626627564,"7":0.954451561,"8":0.9542506933,"9":0.950643599},"val_side_6_accuracy":{"0":0.717046082,"1":0.7653503418,"2":0.7651552558,"3":0.8442775011,"4":0.9504347444,"5":0.9693745375,"6":0.9727634192,"7":0.9737516046,"8":0.9740389585,"9":0.9740538597},