,loss,dice_coef,jacard,recall,precision,accuracy
0,0.032859839498996735,0.18032099306583405,0.12378235161304474,0.37045544385910034,0.6726707220077515,0.20483846962451935
