{"loss":{"0":0.0328598395},"dice_coef":{"0":0.1803209931},"jacard":{"0":0.1237823516},"recall":{"0":0.3704554439},"precision":{"0":0.672670722},"accuracy":{"0":0.2048384696}}