,loss,dice_coef,jacard,recall,precision,accuracy
0,0.19707514345645905,0.7726503610610962,0.655522346496582,0.8228063583374023,0.8756920099258423,0.14642630517482758
