{"loss":{"0":0.1970751435},"dice_coef":{"0":0.7726503611},"jacard":{"0":0.6555223465},"recall":{"0":0.8228063583},"precision":{"0":0.8756920099},"accuracy":{"0":0.1464263052}}