{"loss":{"0":0.1768624783},"dice_coef":{"0":0.0446165539},"jacard":{"0":0.0239386018},"recall":{"0":0.2092324346},"precision":{"0":0.2248524129},"accuracy":{"0":0.9843437076}}