,loss,dice_coef,jacard,recall,precision,accuracy
0,0.17686247825622559,0.04461655393242836,0.023938601836562157,0.20923243463039398,0.22485241293907166,0.9843437075614929
