{"loss":{"0":0.220109567},"dice_coef":{"0":0.7821477652},"jacard":{"0":0.668689847},"recall":{"0":0.8206496239},"precision":{"0":0.8614470363},"accuracy":{"0":0.007537412}}