,loss,dice_coef,jacard,recall,precision,accuracy
0,0.22010956704616547,0.7821477651596069,0.6686898469924927,0.8206496238708496,0.8614470362663269,0.007537411991506815
