{"loss":{"0":2.8205337524,"1":2.0080389977,"2":1.5907720327,"3":1.3626158237,"4":1.2476876974,"5":1.1973338127,"6":1.1691219807,"7":1.1499925852,"8":1.1356140375,"9":1.1241246462},"side_6_loss":{"0":0.4198569357,"1":0.1192643046,"2":0.0821040198,"3":0.0717459694,"4":0.0658503994,"5":0.0620015226,"6":0.0592073277,"7":0.0570381507,"8":0.0552512556,"9":0.0537048206},"side_7_loss":{"0":0.5350301266,"1":0.2385447323,"2":0.0866945013,"3":0.0603216365,"4":0.0515296124,"5":0.0465494804,"6":0.0431822725,"7":0.0406414121,"8":0.0385631248,"9":0.0367686599},"side_8_loss":{"0":0.638643086,"1":0.5102058053,"2":0.3352792561,"3":0.1775873601,"4":0.0973953232,"5":0.0687462464,"6":0.0560564436,"7":0.0489023626,"8":0.0441907644,"9":0.0407441966},"activation_194_loss":{"0":0.6110517979,"1":0.5674197078,"2":0.5360017419,"3":0.512265265,"4":0.4966377318,"5":0.4859056175,"6":0.4779743254,"7":0.4718337953,"8":0.4669883251,"9":0.4631340504},"out_10_loss":{"0":0.6151351333,"1":0.5717868209,"2":0.5498726964,"3":0.5398741364,"4":0.5354524851,"5":0.5333071351,"6":0.5318768024,"7":0.5307510495,"8":0.5297942758,"9":0.528945148},"side_6_dice_coef":{"0":0.5801430345,"1":0.8807356358,"2":0.9178960919,"3":0.9282541275,"4":0.9341495633,"5":0.9379982948,"6":0.940792799,"7":0.9429616928,"8":0.9447486997,"9":0.9462950826},"side_6_jacard":{"0":0.4233980775,"1":0.7900843024,"2":0.8507346511,"3":0.8685900569,"4":0.8788986206,"5":0.8856971264,"6":0.8906663656,"7":0.8945426345,"8":0.8977473974,"9":0.9005219936},"side_6_recall_2":{"0":0.8705410361,"1":0.9069862366,"2":0.9228133559,"3":0.9291665554,"4":0.9309743643,"5":0.9322695136,"6":0.9335693717,"7":0.9347600937,"8":0.9359257221,"9":0.9368863702},"side_6_precision_2":{"0":0.4928426445,"1":0.914699316,"2":0.934880197,"3":0.9429425597,"4":0.9493499398,"5":0.9536291957,"6":0.956577301,"7":0.9586443901,"8":0.9601312876,"9":0.9616636634},"side_6_accuracy":{"0":0.7454388738,"1":0.9531695247,"2":0.9619656801,"3":0.9654889703,"4":0.9675967097,"5":0.9690237045,"6":0.9700925946,"7":0.9708969593,"8":0.9715416431,"9":0.9721482992},"side_7_dice_coef":{"0":0.464969933,"1":0.7614553571,"2":0.9133054018,"3":0.9396784306,"4":0.9484705329,"5":0.9534503222,"6":0.9568178058,"7":0.9593586326,"8":0.9614369869,"9":0.9632312059},"side_7_jacard":{"0":0.3082007468,"1":0.6234794855,"2":0.843034327,"3":0.8887267709,"4":0.9045593739,"5":0.9136457443,"6":0.9198305607,"7":0.9245176911,"8":0.928361237,"9":0.9316845536},"side_7_recall_2":{"0":0.8172956705,"1":0.9264550805,"2":0.9309307933,"3":0.9446689487,"4":0.9485254288,"5":0.9498224258,"6":0.9510653615,"7":0.9522367716,"8":0.9533632398,"9":0.9543663859},"side_7_precision_2":{"0":0.3738650978,"1":0.7481279969,"2":0.9510030746,"3":0.9595887661,"4":0.9643117785,"5":0.9688686132,"6":0.9719903469,"7":0.9743077755,"8":0.9761897922,"9":0.9779351354},"side_7_accuracy":{"0":0.6172165871,"1":0.9020273685,"2":0.9679909348,"3":0.9731536508,"4":0.9752570987,"5":0.9767810702,"6":0.9778990746,"7":0.9787817597,"8":0.9795373678,"9":0.9802190065},"side_8_dice_coef":{"0":0.3613570333,"1":0.4897941649,"2":0.6647207141,"3":0.8224127293,"4":0.9026047587,"5":0.9312536716,"6":0.9439434409,"7":0.9510976076,"8":0.9558092952,"9":0.9592558146},"side_8_jacard":{"0":0.2219724506,"1":0.3277774155,"2":0.5026776195,"3":0.702737689,"4":0.8252744675,"5":0.8738788366,"6":0.8963633776,"7":0.9093031883,"8":0.9179206491,"9":0.9242640734},"side_8_recall_2":{"0":0.7652903795,"1":0.9181852341,"2":0.9329119921,"3":0.9363200665,"4":0.9425393939,"5":0.9474744201,"6":0.9505610466,"7":0.9526351094,"8":0.9541686177,"9":0.9553793073},"side_8_precision_2":{"0":0.2730871141,"1":0.3935718834,"2":0.6621907353,"3":0.9096116424,"4":0.9665188789,"5":0.9734426737,"6":0.9760216475,"7":0.9778901339,"8":0.9794194102,"9":0.9808545709},"side_8_accuracy":{"0":0.4395247996,"1":0.6301504374,"2":0.8637105227,"3":0.9583491087,"4":0.9745848775,"5":0.9773651958,"6":0.9787018299,"7":0.9796617031,"8":0.980422914,"9":0.9810888767},"activation_194_dice_coef":{"0":0.3889483213,"1":0.4325802326,"2":0.4639982283,"3":0.487734735,"4":0.5033622384,"5":0.5140944123,"6":0.5220257044,"7":0.5281662345,"8":0.5330117345,"9":0.53686589},"activation_194_jacard":{"0":0.2428882122,"1":0.2776554227,"2":0.3036665022,"3":0.323977679,"4":0.3377282023,"5":0.3473630548,"6":0.3545839489,"7":0.3602331579,"8":0.3647277653,"9":0.3683263063},"activation_194_recall_2":{"0":0.8088753223,"1":0.8431042433,"2":0.8774921298,"3":0.9076418281,"4":0.9257559776,"5":0.9380886555,"6":0.946308434,"7":0.9522835612,"8":0.9572734237,"9":0.9613555074},"activation_194_precision_2":{"0":0.3507288396,"1":0.402816087,"2":0.4462936223,"3":0.5055181384,"4":0.5623077154,"5":0.60964185,"6":0.6507139206,"7":0.6880024076,"8":0.7222911716,"9":0.7532262802},"activation_194_accuracy":{"0":0.5839281082,"1":0.6530543566,"2":0.7008016706,"3":0.7570441365,"4":0.8021560311,"5":0.8342930079,"6":0.8587700725,"7":0.8786390424,"8":0.8952538967,"9":0.9090454578},"out_10_dice_coef":{"0":0.3848647177,"1":0.4282131195,"2":0.4501273632,"3":0.4601257741,"4":0.4645475745,"5":0.4666927755,"6":0.468123138,"7":0.4692489207,"8":0.4702057838,"9":0.4710549116},"out_10_jacard":{"0":0.2396966517,"1":0.2739445269,"2":0.2919261754,"3":0.3003163934,"4":0.3040526509,"5":0.3058728576,"6":0.3070915937,"7":0.3080545366,"8":0.3088754416,"9":0.3096054792},"out_10_recall_2":{"0":0.9999970794,"1":0.9999673367,"2":0.9998400211,"3":0.9995660782,"4":0.9991989732,"5":0.9989210367,"6":0.9987208247,"7":0.9985611439,"8":0.9984570742,"9":0.9983881116},"out_10_precision_2":{"0":0.2445384264,"1":0.2446388006,"2":0.2447986156,"3":0.244893983,"4":0.2449216098,"5":0.2449076325,"6":0.2448977232,"7":0.2448914945,"8":0.2448920906,"9":0.2448986918},"out_10_accuracy":{"0":0.2379956841,"1":0.2384259403,"2":0.2391627133,"3":0.2397277355,"4":0.2400751263,"5":0.2401985377,"6":0.2402900904,"7":0.2403701097,"8":0.2404444516,"9":0.2405163944},"val_loss":{"0":3.5651390553,"1":4.0107126236,"2":4.1482758522,"3":4.2334327698,"4":3.8884859085,"5":1.479570508,"6":1.2566847801,"7":1.1675001383,"8":1.1311173439,"9":1.1177518368},"val_side_6_loss":{"0":0.8946592212,"1":0.9953519106,"2":0.9990412593,"3":0.9994972944,"4":0.7465015054,"5":0.0749089867,"6":0.0571985692,"7":0.0540577695,"8":0.0524797365,"9":0.0516160801},"val_side_7_loss":{"0":0.6869553924,"1":0.9559268951,"2":0.9908632636,"3":0.9959946871,"4":0.9134632349,"5":0.0679307058,"6":0.0394114368,"7":0.0358352363,"8":0.03429351,"9":0.0333341472},"val_side_8_loss":{"0":0.6623483896,"1":0.6963621974,"2":0.77566576,"3":0.8346975446,"4":0.8262017369,"5":0.1170479879,"6":0.0495844074,"7":0.0407078341,"8":0.0370423011,"9":0.0347867943},"val_activation_194_loss":{"0":0.6677993536,"1":0.6914697289,"2":0.7050739527,"3":0.7246956229,"4":0.7319108248,"5":0.6645834446,"6":0.5670286417,"7":0.4970674515,"8":0.4690323472,"9":0.4604873657},"val_out_10_loss":{"0":0.6525595784,"1":0.6707830429,"2":0.6768118739,"3":0.6777256727,"4":0.6695856452,"5":0.5542752147,"6":0.5426363349,"7":0.5390056968,"8":0.5374423862,"9":0.5366995931},"val_side_6_dice_coef":{"0":0.1053407565,"1":0.0046481006,"2":0.0009587469,"3":0.000502832,"4":0.2534984946,"5":0.9250911474,"6":0.9428015947,"7":0.9459422827,"8":0.9475203156,"9":0.9483839869},"val_side_6_jacard":{"0":0.0556029528,"1":0.0023294638,"2":0.0004796034,"3":0.0002514796,"4":0.1512229145,"5":0.8608443141,"6":0.8919234276,"7":0.8975474238,"8":0.900383532,"9":0.9019396901},"val_side_6_recall_2":{"0":0.0,"1":0.0,"2":0.0,"3":0.0,"4":0.1168692634,"5":0.903732419,"6":0.9497847557,"7":0.9546614885,"8":0.9532322288,"9":0.9508671165},"val_side_6_precision_2":{"0":0.0,"1":0.0,"2":0.0,"3":0.0,"4":0.9934208989,"5":0.9613713026,"6":0.9490180612,"7":0.9491168261,"8":0.9522206783,"9":0.9550668001},"val_side_6_accuracy":{"0":0.764365077,"1":0.764365077,"2":0.764365077,"3":0.764365077,"4":0.7916699648,"5":0.9663521647,"6":0.9727398157,"7":0.9737385511,"8":0.9742820263,"9":0.9745730162},"val_side_7_dice_coef":{"0":0.3130444884,"1":0.0440731943,"2":0.0091367839,