,loss,dice_coef,jacard,recall,precision,accuracy
0,0.40373992919921875,0.47337889671325684,0.3259221911430359,0.7169742584228516,0.6209784746170044,0.8592867851257324
