{"loss":{"0":0.4037399292},"dice_coef":{"0":0.4733788967},"jacard":{"0":0.3259221911},"recall":{"0":0.7169742584},"precision":{"0":0.6209784746},"accuracy":{"0":0.8592867851}}