{"loss":{"0":2.8597574234,"1":2.1290824413,"2":1.6772810221,"3":1.3957593441,"4":1.2066637278,"5":1.0503166914,"6":0.9173665643,"7":0.8140477538,"8":0.7544974089,"9":0.7155558467},"side_6_loss":{"0":0.4857567251,"1":0.2492242008,"2":0.1489559412,"3":0.1112436876,"4":0.0913689435,"5":0.079862833,"6":0.0718388557,"7":0.0658761337,"8":0.0610648394,"9":0.0570449829},"side_7_loss":{"0":0.5537928939,"1":0.3581397831,"2":0.2318322957,"3":0.1438407451,"4":0.1016995311,"5":0.0808997005,"6":0.0687746555,"7":0.0604359061,"8":0.0539299548,"9":0.0485100411},"side_8_loss":{"0":0.6216424704,"1":0.5346071124,"2":0.4445722699,"3":0.3753985167,"4":0.3094677329,"5":0.2371303737,"6":0.1676174253,"7":0.1114325374,"8":0.0832710117,"9":0.0677504316},"activation_64_loss":{"0":0.6394905448,"1":0.5859731436,"2":0.5489587188,"3":0.5290062428,"4":0.515098691,"5":0.5029591322,"6":0.4921784699,"7":0.4835582376,"8":0.4766038954,"9":0.4708645046},"add_26_loss":{"0":0.5584792495,"1":0.4005424976,"2":0.302364856,"3":0.2356724888,"4":0.1884304583,"5":0.1488653123,"6":0.1163577512,"7":0.092144765,"8":0.079027161,"9":0.0707847774},"side_6_dice_coef":{"0":0.5164881349,"1":0.7519723773,"2":0.8515342474,"3":0.8891003728,"4":0.9088929296,"5":0.9203481674,"6":0.9283403754,"7":0.9342809916,"8":0.9390820861,"9":0.9430961609},"side_6_jacard":{"0":0.3548261225,"1":0.6084567308,"2":0.7440058589,"3":0.8015750647,"4":0.833645463,"5":0.8528742194,"6":0.8665841222,"7":0.8769197464,"8":0.8853615522,"9":0.8924823403},"side_6_recall":{"0":0.9134002924,"1":0.9193045497,"2":0.8986247778,"3":0.9171375036,"4":0.9317443371,"5":0.9379202127,"6":0.9418738484,"7":0.9451035857,"8":0.9481928945,"9":0.9507195354},"side_6_precision":{"0":0.4105662405,"1":0.7197826505,"2":0.8634485006,"3":0.8975282907,"4":0.9141173363,"5":0.9246587753,"6":0.9331416488,"7":0.9393497109,"8":0.9443234801,"9":0.9488941431},"side_6_accuracy":{"0":0.6426911354,"1":0.8875291944,"2":0.9373837709,"3":0.9516490102,"4":0.9597569108,"5":0.9641807675,"6":0.9674754739,"7":0.9699521661,"8":0.9720469117,"9":0.9738932252},"side_7_dice_coef":{"0":0.4483532012,"1":0.6434351802,"2":0.7692738771,"3":0.8567281961,"4":0.8986448646,"5":0.9193550944,"6":0.9314450026,"7":0.9397633076,"8":0.946251452,"9":0.9516555667},"side_7_jacard":{"0":0.293022722,"1":0.4786099195,"2":0.6299556494,"3":0.7525161505,"4":0.8175568581,"5":0.8515564799,"6":0.8722161055,"7":0.8867733479,"8":0.8983021379,"9":0.9080222845},"side_7_recall":{"0":0.8033890724,"1":0.9357659221,"2":0.9146168828,"3":0.9146115184,"4":0.9275050163,"5":0.9396247864,"6":0.9490619898,"7":0.955316484,"8":0.9593763947,"9":0.9624279737},"side_7_precision":{"0":0.3822020292,"1":0.5847839117,"2":0.7776098847,"3":0.8907911181,"4":0.9245759845,"5":0.9353389144,"6":0.9401999116,"7":0.9450354576,"8":0.9507148266,"9":0.9564970136},"side_7_accuracy":{"0":0.6179833412,"1":0.8134638667,"2":0.9109461308,"3":0.9491168857,"4":0.9617174268,"5":0.9675300121,"6":0.9710976481,"7":0.9739153385,"8":0.9764418006,"9":0.9787520766},"side_8_dice_coef":{"0":0.379544884,"1":0.4667105079,"2":0.5565983057,"3":0.6257306933,"4":0.6916503906,"5":0.7638274431,"6":0.8330788612,"7":0.8889421821,"8":0.9169546366,"9":0.9324193597},"side_8_jacard":{"0":0.2351858318,"1":0.3062402606,"2":0.3879927397,"3":0.4582698941,"4":0.5322390795,"5":0.6218032837,"6":0.7171904445,"7":0.8020074368,"8":0.8476868272,"9":0.8740475178},"side_8_recall":{"0":0.7660395503,"1":0.9094748497,"2":0.9240608215,"3":0.9153085351,"4":0.9111660123,"5":0.9126420617,"6":0.9189658165,"7":0.9278834462,"8":0.9375995398,"9":0.9458550811},"side_8_precision":{"0":0.3103397489,"1":0.4003484845,"2":0.4877361059,"3":0.5691215396,"4":0.6530964971,"5":0.76223737,"6":0.8646470308,"7":0.9447277784,"8":0.9632461071,"9":0.9679109454},"side_8_accuracy":{"0":0.5054321289,"1":0.6287403107,"2":0.7324361205,"3":0.8010874391,"4":0.8534197807,"5":0.9047047496,"6":0.942284584,"7":0.9674031138,"8":0.9745807648,"9":0.9777907729},"activation_64_dice_coef":{"0":0.3614090383,"1":0.4148351848,"2":0.451764226,"3":0.47171399,"4":0.485650003,"5":0.4978217781,"6":0.5086221695,"7":0.5172514319,"8":0.5242123604,"9":0.52995646},"activation_64_jacard":{"0":0.2211554348,"1":0.262468785,"2":0.2927013338,"3":0.3096793294,"4":0.3217943609,"5":0.3325318992,"6":0.3421869576,"7":0.3499881327,"8":0.3563455343,"9":0.361641109},"activation_64_recall":{"0":0.6023512483,"1":0.7615293264,"2":0.8348248601,"3":0.8657310009,"4":0.8844198585,"5":0.8995254636,"6":0.913805604,"7":0.9257775545,"8":0.9352033138,"9":0.9427806139},"activation_64_precision":{"0":0.2966051996,"1":0.4070254266,"2":0.4809467494,"3":0.5186744928,"4":0.5422748923,"5":0.562992394,"6":0.5843502283,"7":0.6061815619,"8":0.6292344928,"9":0.6530304551},"activation_64_accuracy":{"0":0.5336936116,"1":0.6556569934,"2":0.7275306582,"3":0.7603116632,"4":0.7795886993,"5":0.7957593799,"6":0.8117018938,"7":0.8271357417,"8":0.8423909545,"9":0.8571074605},"add_26_dice_coef":{"0":0.4433286786,"1":0.6008186936,"2":0.698654294,"3":0.7651284337,"4":0.8122522831,"5":0.8516848087,"6":0.8840585351,"7":0.9081420898,"8":0.9212007523,"9":0.929418087},"add_26_jacard":{"0":0.2877033949,"1":0.4326112568,"2":0.5400463939,"3":0.622333765,"4":0.686124146,"5":0.7434740067,"6":0.7934714556,"7":0.8325130939,"8":0.8544228673,"9":0.8685210347},"add_26_recall":{"0":0.9159061313,"1":0.9439246655,"2":0.9196876884,"3":0.9239014983,"4":0.9338582754,"5":0.9406088591,"6":0.9458765984,"7":0.9507921338,"8":0.9551202059,"9":0.9590833187},"add_26_precision":{"0":0.3920517564,"1":0.6221846342,"2":0.8003185391,"3":0.8868434429,"4":0.9227166772,"5":0.9394330978,"6":0.9483633041,"7":0.9540196061,"8":0.9587891698,"9":0.9630800486},"add_26_accuracy":{"0":0.6155208349,"1":0.838804245,"2":0.920419395,"3":0.9499964118,"4":0.962679565,"5":0.9688990116,"6":0.9725837111,"7":0.9752900004,"8":0.9776116014,"9":0.9797173142},"val_loss":{"0":3.3441803455,"1":3.6013252735,"2":3.8940160275,"3":4.1347899437,"4":4.3079195023,"5":4.4288191795,"6":4.4795036316,"7":4.4576282501,"8":4.1285152435,"9":3.0901460648},"val_side_6_loss":{"0":0.7059074044,"1":0.8964424133,"2":0.9809666276,"3":0.9955179095,"4":0.9984447956,"5":0.9990640283,"6":0.9978033304,"7":0.9793490767,"8":0.8835399151,"9":0.6183494925},"val_side_7_loss":{"0":0.6556479335,"1":0.6833906174,"2":0.8097179532,"3":0.9360669851,"4":0.9819324017,"5":0.9929776788,"6":0.99316746,"7":0.9697876573,"8":0.8694370389,"9":0.5884910822},"val_side_8_loss":{"0":0.6604594588,"1":0.6750597358,"2":0.7030346394,"3":0.7532390952,"4":0.8332671523,"5":0.9060797095,"6":0.9350866675,"7":0.9413061142,"8":0.8801185489,"9":0.6516534686},"val_activation_64_loss":{"0":0.6511795521,"1":0.6294896603,"2":0.6104816198,"3":0.5925675631,"4":0.5867049694,"5":0.5900911689,"6":0.6014416814,"7":0.6244089603,"8":0.6317110658,"9":0.6130754352},"val_add_26_loss":{"0":0.6703908443,"1":0.7163463235,"2":0.7892175317,"3":0.8568006158,"4":0.9069711566,"5":0.9400071502,"6":0.9514045715,"7":0.9421758056,"8":0.8631082177,"9":0.6179751754},"val_side_6_dice_coef":{"0":0.2940925658,"1":0.1035576314,"2":0.0190333165,"3":0.004482111,"4":0.0015552681,"5":0.0009359721,"6":0.0021965988,"7":0.0206510108,"8":0.1164600924,"9":0.381650418},"val_side_6_jacard":{"0":0.1729441285,"1":0.0546154492,"2":0.0096082026,"3":0.0022460995,"4":0.0007782427,"5":0.0004682115,"6":0.0010998565,"7":0.0104691051,"8":0.0630381107,"9":0.2435648292},"val_side_6_recall":{"0":0.0,"1":0.0,"2":0.0,"3":0.0,"4":0.0,"5":0.0,"6":0.0,"7":0.0061235335,"8":0.0534042269,"9":0.2249710709},"val_side_6_precision":{"0":0.0,"1":0.0,"2":0.0,"3":0.0,"4":0.0,"5":0.0,"6":0.0,"7":1.0,"8":0.9859554768,"9":0.9708275795},"val_side_6_accuracy":{"0":0.7421306372,"1":0.742888689,"2":0.742888689,"3":0.742888689,"4":0.742888689,"5":0.742888689,"6":0.742888689,"7":0.7444631457,"8":0.7564114928,"9":0.798941195},"val_side_7_dice_coef":{"0":0.3443520665,"1":0.3166094124,"2":0.1902820021,"3":0.0639330968,"4":0.0180676505,"5":0.0070223543,"6":0.0068325778,"7":0.0302124452,