{"loss":{"0":2.8598287106,"1":2.1292243004,"2":1.6772385836,"3":1.3957087994,"4":1.2066432238,"5":1.0502791405,"6":0.9174053669,"7":0.8140855432,"8":0.7545852065,"9":0.7156378627},"side_6_loss":{"0":0.4857896566,"1":0.2493080646,"2":0.1489612013,"3":0.1112180203,"4":0.0913090408,"5":0.0797845721,"6":0.0718004927,"7":0.0658561289,"8":0.0610652342,"9":0.0570347086},"side_7_loss":{"0":0.5537934303,"1":0.3580965996,"2":0.2318130434,"3":0.1438033581,"4":0.1016863734,"5":0.0808801353,"6":0.0687985867,"7":0.0604537353,"8":0.0539691634,"9":0.0485569425},"side_8_loss":{"0":0.6216561794,"1":0.5346457362,"2":0.4445383847,"3":0.3754038811,"4":0.3095083833,"5":0.2371841669,"6":0.1676424593,"7":0.1114522293,"8":0.0833008736,"9":0.0677830875},"activation_64_loss":{"0":0.6395023465,"1":0.5860126615,"2":0.5489783287,"3":0.5290232301,"4":0.5151102543,"5":0.5029712915,"6":0.4922005236,"7":0.4835712612,"8":0.4765991569,"9":0.4708546698},"add_26_loss":{"0":0.5584922433,"1":0.4005648196,"2":0.3023509681,"3":0.235662356,"4":0.188430652,"5":0.148859933,"6":0.1163638607,"7":0.0921521261,"8":0.0790500417,"9":0.070807375},"side_6_dice_coef":{"0":0.5164546371,"1":0.7518895268,"2":0.8515321612,"3":0.8891272545,"4":0.9089519978,"5":0.9204262495,"6":0.9283780456,"7":0.9343003035,"8":0.9390820861,"9":0.9431074262},"side_6_jacard":{"0":0.354790926,"1":0.6083493233,"2":0.7440041304,"3":0.8016164303,"4":0.8337422013,"5":0.8530062437,"6":0.8666495681,"7":0.8769515157,"8":0.8853610754,"9":0.8925030231},"side_6_recall":{"0":0.9133908749,"1":0.9191426039,"2":0.8986939788,"3":0.9171341658,"4":0.9316448569,"5":0.9377931356,"6":0.9420338273,"7":0.9451856017,"8":0.9481531978,"9":0.9509218931},"side_6_precision":{"0":0.4105574191,"1":0.7194206715,"2":0.863420248,"3":0.8974742293,"4":0.9142289758,"5":0.9248981476,"6":0.9331994653,"7":0.9392216206,"8":0.9443086386,"9":0.9487128854},"side_6_accuracy":{"0":0.6426801085,"1":0.8873394132,"2":0.9373896122,"3":0.951631546,"4":0.9597646594,"5":0.9642165899,"6":0.9675281048,"7":0.9699360728,"8":0.9720335603,"9":0.9738914967},"side_7_dice_coef":{"0":0.4483535886,"1":0.643478632,"2":0.769295156,"3":0.8567661643,"4":0.8986601233,"5":0.9193755984,"6":0.931422174,"7":0.9397462606,"8":0.9462131858,"9":0.9516100287},"side_7_jacard":{"0":0.2930233777,"1":0.4786592126,"2":0.6299816966,"3":0.752566874,"4":0.8175900578,"5":0.8515946865,"6":0.8721776605,"7":0.8867430091,"8":0.8982347846,"9":0.9079415798},"side_7_recall":{"0":0.8033204675,"1":0.9357686043,"2":0.9145590663,"3":0.9145376086,"4":0.9275143743,"5":0.9397061467,"6":0.9490902424,"7":0.9553218484,"8":0.9593763947,"9":0.9624992609},"side_7_precision":{"0":0.3821552396,"1":0.5848126411,"2":0.7777091861,"3":0.8909179568,"4":0.9245408177,"5":0.9354380369,"6":0.940151453,"7":0.9450721741,"8":0.9507009387,"9":0.9563921094},"side_7_accuracy":{"0":0.6179291606,"1":0.8134841323,"2":0.9109737277,"3":0.9491385221,"4":0.9617084861,"5":0.9675764441,"6":0.9710909128,"7":0.9739273787,"8":0.9764416218,"9":0.9787407517},"side_8_dice_coef":{"0":0.3795309365,"1":0.4666732848,"2":0.5566331148,"3":0.625725925,"4":0.6916103959,"5":0.7637768388,"6":0.8330556154,"7":0.8889232874,"8":0.9169248939,"9":0.932387054},"side_8_jacard":{"0":0.2351748198,"1":0.3062095642,"2":0.3880276978,"3":0.4582660198,"4":0.5321961045,"5":0.6217442155,"6":0.7171651125,"7":0.8019752502,"8":0.8476353288,"9":0.8739905357},"side_8_recall":{"0":0.7660092711,"1":0.9095588326,"2":0.9241313934,"3":0.9152500629,"4":0.9110739231,"5":0.9125163555,"6":0.9189194441,"7":0.9279197454,"8":0.937580049,"9":0.9459169507},"side_8_precision":{"0":0.3103598654,"1":0.400292635,"2":0.4876937866,"3":0.5689931512,"4":0.6531752348,"5":0.7623146772,"6":0.864738524,"7":0.9447498322,"8":0.963170886,"9":0.9678257704},"side_8_accuracy":{"0":0.5054823756,"1":0.6286482215,"2":0.7323932648,"3":0.8009909391,"4":0.8534514904,"5":0.9047123194,"6":0.9423035979,"7":0.9674173594,"8":0.974555552,"9":0.9777832031},"activation_64_dice_coef":{"0":0.361396879,"1":0.4147956967,"2":0.4517447054,"3":0.4716965854,"4":0.4856381416,"5":0.4978098273,"6":0.5086001754,"7":0.5172386765,"8":0.5242167711,"9":0.529966116},"activation_64_jacard":{"0":0.2211460769,"1":0.2624368966,"2":0.2926843166,"3":0.3096635938,"4":0.3217834234,"5":0.3325210214,"6":0.34216699,"7":0.3499759436,"8":0.3563488424,"9":0.3616487682},"activation_64_recall":{"0":0.6023236513,"1":0.761490345,"2":0.8348504305,"3":0.8657316566,"4":0.8843748569,"5":0.8995072842,"6":0.9137834311,"7":0.9257835746,"8":0.9351401329,"9":0.9427241683},"activation_64_precision":{"0":0.2965537608,"1":0.4069285691,"2":0.4809188247,"3":0.518604517,"4":0.5421625972,"5":0.5629507303,"6":0.5842775106,"7":0.6061185598,"8":0.6292569041,"9":0.6531847715},"activation_64_accuracy":{"0":0.533613205,"1":0.6555498242,"2":0.727504611,"3":0.7602546215,"4":0.7795010805,"5":0.7957285047,"6":0.811650455,"7":0.8270950913,"8":0.8423991799,"9":0.8571887016},"add_26_dice_coef":{"0":0.443315804,"1":0.6007971168,"2":0.6986700892,"3":0.7651395202,"4":0.8122531176,"5":0.8516915441,"6":0.8840533495,"7":0.9081348181,"8":0.9211783409,"9":0.9293966293},"add_26_jacard":{"0":0.2876916826,"1":0.4325901568,"2":0.5400655866,"3":0.6223457456,"4":0.6861288548,"5":0.7434870601,"6":0.7934651971,"7":0.8325003982,"8":0.8543847203,"9":0.8684843183},"add_26_recall":{"0":0.9159343243,"1":0.9438964128,"2":0.9196964502,"3":0.9238786697,"4":0.9338166118,"5":0.9406021237,"6":0.9459176064,"7":0.9508197308,"8":0.9551148415,"9":0.9591262937},"add_26_precision":{"0":0.3920425177,"1":0.6220786572,"2":0.8003673553,"3":0.8868890405,"4":0.9227588773,"5":0.939517796,"6":0.9483647943,"7":0.9540086389,"8":0.9587287903,"9":0.9629958272},"add_26_accuracy":{"0":0.6155021787,"1":0.8387355208,"2":0.9204393029,"3":0.950003624,"4":0.9626809359,"5":0.9689199328,"6":0.9725942016,"7":0.9752938151,"8":0.977594614,"9":0.9797042608},"val_loss":{"0":3.3441483974,"1":3.6012957096,"2":3.8937280178,"3":4.1346459389,"4":4.307785511,"5":4.4284610748,"6":4.4780406952,"7":4.4478321075,"8":4.0965132713,"9":3.0377869606},"val_side_6_loss":{"0":0.7058523893,"1":0.8965057135,"2":0.9810222387,"3":0.9954300523,"4":0.9983860254,"5":0.9990443587,"6":0.9975941181,"7":0.9766650796,"8":0.8738017678,"9":0.6042524576},"val_side_7_loss":{"0":0.6556678414,"1":0.6833261847,"2":0.8097946048,"3":0.936212182,"4":0.9818449616,"5":0.9929816723,"6":0.9926275015,"7":0.9668457508,"8":0.8612720966,"9":0.5743440986},"val_side_8_loss":{"0":0.6604672074,"1":0.6750488877,"2":0.7026976347,"3":0.753029108,"4":0.8332338333,"5":0.9057784677,"6":0.934525311,"7":0.9393454194,"8":0.8738571405,"9":0.6409298182},"val_activation_64_loss":{"0":0.6511787772,"1":0.6294998527,"2":0.6105384231,"3":0.5926384926,"4":0.5867888331,"5":0.5901584029,"6":0.6017030478,"7":0.6245513558,"8":0.6313724518,"9":0.6121262908},"val_add_26_loss":{"0":0.6703867316,"1":0.7163186669,"2":0.7890782952,"3":0.8567385077,"4":0.9069324732,"5":0.939899087,"6":0.9509906769,"7":0.9398240447,"8":0.8556085825,"9":0.6055327058},"val_side_6_dice_coef":{"0":0.2941476107,"1":0.1034943834,"2":0.0189777818,"3":0.0045699966,"4":0.0016140431,"5":0.000955675,"6":0.0024058281,"7":0.0233349428,"8":0.1261981577,"9":0.3957475722},"val_side_6_jacard":{"0":0.1729824841,"1":0.0545802265,"2":0.0095798979,"3":0.0022902412,"4":0.0008076772,"5":0.0004780728,"6":0.0012047988,"7":0.0118507659,"8":0.0687639043,"9":0.254312247},"val_side_6_recall":{"0":0.0,"1":0.0,"2":0.0,"3":0.0,"4":0.0,"5":0.0,"6":0.0,"7":0.007170199,"8":0.0597435683,"9":0.2350978255},"val_side_6_precision":{"0":0.0,"1":0.0,"2":0.0,"3":0.0,"4":0.0,"5":0.0,"6":0.0,"7":1.0,"8":0.984179914,"9":0.9654908776},"val_side_6_accuracy":{"0":0.7421306372,"1":0.742888689,"2":0.742888689,"3":0.742888689,"4":0.742888689,"5":0.742888689,"6":0.742888689,"7":0.7447322607,"8":0.7579900622,"9":0.8011190295},"val_side_7_dice_coef":{"0":0.3443321586,"1":0.3166738749,"2":0.190205425,"3":0.0637878478,"4":0.0181549396,"5":0.0070183291,"6":0.0073724878,"7":0.0331542194,"8":0.1387278438,