,loss,dice_coef,jacard,recall,precision,accuracy
0,0.21930718421936035,0.746981680393219,0.6203688979148865,0.7920503616333008,0.8710238337516785,0.15174005925655365
1,0.11222042888402939,0.8706813454627991,0.7722054123878479,0.9038518667221069,0.9281185865402222,0.15237925946712494
2,0.09409073740243912,0.8910694718360901,0.8044055104255676,0.9163981676101685,0.9382646679878235,0.13186553120613098
3,0.07736361771821976,0.909443199634552,0.8344753384590149,0.9300580620765686,0.9503979682922363,0.14596353471279144
4,0.07276264578104019,0.9157837629318237,0.8451961278915405,0.9330809116363525,0.9532173275947571,0.14463777840137482
