{"loss":{"0":0.2193071842,"1":0.1122204289,"2":0.0940907374,"3":0.0773636177,"4":0.0727626458},"dice_coef":{"0":0.7469816804,"1":0.8706813455,"2":0.8910694718,"3":0.9094431996,"4":0.9157837629},"jacard":{"0":0.6203688979,"1":0.7722054124,"2":0.8044055104,"3":0.8344753385,"4":0.8451961279},"recall":{"0":0.7920503616,"1":0.9038518667,"2":0.9163981676,"3":0.9300580621,"4":0.9330809116},"precision":{"0":0.8710238338,"1":0.9281185865,"2":0.938264668,"3":0.9503979683,"4":0.9532173276},"accuracy":{"0":0.1517400593,"1":0.1523792595,"2":0.1318655312,"3":0.1459635347,"4":0.1446377784}}