,loss,dice_coef,jacard,recall,precision,accuracy
0,0.032871063798666,0.17478422820568085,0.11932045221328735,0.3715723156929016,0.6687076091766357,0.06944292783737183
