,loss,dice_coef,jacard,recall,precision,accuracy
0,0.032153721898794174,0.18293461203575134,0.12587973475456238,0.3834468126296997,0.6701149344444275,0.20389722287654877
