{"loss":{"0":0.0321537219},"dice_coef":{"0":0.182934612},"jacard":{"0":0.1258797348},"recall":{"0":0.3834468126},"precision":{"0":0.6701149344},"accuracy":{"0":0.2038972229}}