,loss,dice_coef,jacard,recall,precision,accuracy
0,0.029613548889756203,0.18820317089557648,0.13021130859851837,0.40641891956329346,0.7410122156143188,0.17810536921024323
1,0.016332512721419334,0.2857547700405121,0.2106293886899948,0.6106586456298828,0.8092151880264282,0.13194085657596588
2,0.012560614384710789,0.32744070887565613,0.2507424056529999,0.7081615924835205,0.8315643668174744,0.1366214007139206
3,0.009264389984309673,0.3774551451206207,0.30152627825737,0.8010525703430176,0.859824538230896,0.22004462778568268
4,0.008923688903450966,0.3798454701900482,0.3068772256374359,0.8087810277938843,0.8651459813117981,0.21721011400222778
