,loss,dice_coef,jacard,recall,precision,accuracy
0,0.028732500970363617,0.19330884516239166,0.13321168720722198,0.3953091502189636,0.7498315572738647,0.23896439373493195
