{"loss":{"0":0.0296135489,"1":0.0163325127,"2":0.0125606144,"3":0.00926439,"4":0.0089236889},"dice_coef":{"0":0.1882031709,"1":0.28575477,"2":0.3274407089,"3":0.3774551451,"4":0.3798454702},"jacard":{"0":0.1302113086,"1":0.2106293887,"2":0.2507424057,"3":0.3015262783,"4":0.3068772256},"recall":{"0":0.4064189196,"1":0.6106586456,"2":0.7081615925,"3":0.8010525703,"4":0.8087810278},"precision":{"0":0.7410122156,"1":0.809215188,"2":0.8315643668,"3":0.8598245382,"4":0.8651459813},"accuracy":{"0":0.1781053692,"1":0.1319408566,"2":0.1366214007,"3":0.2200446278,"4":0.217210114}}