{"loss":{"0":0.0328710638},"dice_coef":{"0":0.1747842282},"jacard":{"0":0.1193204522},"recall":{"0":0.3715723157},"precision":{"0":0.6687076092},"accuracy":{"0":0.0694429278}}