{"loss":{"0":0.028732501},"dice_coef":{"0":0.1933088452},"jacard":{"0":0.1332116872},"recall":{"0":0.3953091502},"precision":{"0":0.7498315573},"accuracy":{"0":0.2389643937}}