{"loss":{"0":2.2504575253,"1":1.4653500319},"side_6_loss":{"0":0.3721672297,"1":0.2243218869},"side_7_loss":{"0":0.380587101,"1":0.2122309953},"side_8_loss":{"0":0.5290364027,"1":0.3037678599},"activation_446_loss":{"0":0.57611835,"1":0.5049703121},"add_290_loss":{"0":0.3919465244,"1":0.2194568962},"side_6_dice_coef":{"0":0.6278326511,"1":0.7756780982},"side_6_jacard":{"0":0.4792172909,"1":0.6453924179},"side_6_recall_2":{"0":0.8166648746,"1":0.7366867661},"side_6_precision_2":{"0":0.5000977516,"1":0.8104676008},"side_6_accuracy":{"0":0.6763973236,"1":0.8589963913},"side_7_dice_coef":{"0":0.6194130182,"1":0.7877690792},"side_7_jacard":{"0":0.4713381231,"1":0.662057519},"side_7_recall_2":{"0":0.8157073855,"1":0.7321104407},"side_7_precision_2":{"0":0.4798431695,"1":0.8351816535},"side_7_accuracy":{"0":0.6541101336,"1":0.8665142059},"side_8_dice_coef":{"0":0.4709635079,"1":0.6962320805},"side_8_jacard":{"0":0.3233648539,"1":0.5487154126},"side_8_recall_2":{"0":0.9486423731,"1":0.7469765544},"side_8_precision_2":{"0":0.3341097534,"1":0.6792970896},"side_8_accuracy":{"0":0.3713536263,"1":0.80393821},"activation_446_dice_coef":{"0":0.4238817394,"1":0.4950296879},"activation_446_jacard":{"0":0.2752827406,"1":0.3344807327},"activation_446_recall_2":{"0":0.6180124283,"1":0.7397786975},"activation_446_precision_2":{"0":0.4374603629,"1":0.5894606113},"activation_446_accuracy":{"0":0.619094193,"1":0.7489814758},"add_290_dice_coef":{"0":0.6080534458,"1":0.7805431485},"add_290_jacard":{"0":0.456622541,"1":0.6517757177},"add_290_recall_2":{"0":0.8185577393,"1":0.7324880362},"add_290_precision_2":{"0":0.4801553488,"1":0.8354139924},"add_290_accuracy":{"0":0.6543915868,"1":0.8666912913},"val_loss":{"0":3.636985302,"1":4.2180333138},"val_side_6_loss":{"0":0.9010534286,"1":0.8985664845},"val_side_7_loss":{"0":0.7025052309,"1":0.9100431204},"val_side_8_loss":{"0":0.664313674,"1":0.8509532213},"val_activation_446_loss":{"0":0.6537222266,"1":0.6545187235},"val_add_290_loss":{"0":0.7147887945,"1":0.903349936},"val_side_6_dice_coef":{"0":0.0989465937,"1":0.1014335752},"val_side_6_jacard":{"0":0.052860368,"1":0.0575629175},"val_side_6_recall_2":{"0":0.0,"1":0.0565377511},"val_side_6_precision_2":{"0":0.0,"1":1.0},"val_side_6_accuracy":{"0":0.7083873749,"1":0.7248744965},"val_side_7_dice_coef":{"0":0.2974947691,"1":0.0899569392},"val_side_7_jacard":{"0":0.1799913943,"1":0.0485285521},"val_side_7_recall_2":{"0":0.0116184512,"1":0.0005603193},"val_side_7_precision_2":{"0":0.9986881614,"1":1.0},"val_side_7_accuracy":{"0":0.7117710114,"1":0.7085507512},"val_side_8_dice_coef":{"0":0.3356862366,"1":0.1490467638},"val_side_8_jacard":{"0":0.2081595808,"1":0.0816837847},"val_side_8_recall_2":{"0":0.1171176508,"1":0.000198401},"val_side_8_precision_2":{"0":0.4961301982,"1":0.0617786832},"val_side_8_accuracy":{"0":0.707854569,"1":0.7075665593},"val_activation_446_dice_coef":{"0":0.3462778032,"1":0.3454812765},"val_activation_446_jacard":{"0":0.2161043882,"1":0.2152133882},"val_activation_446_recall_2":{"0":0.3957511783,"1":0.2836197019},"val_activation_446_precision_2":{"0":0.8029247522,"1":0.641818583},"val_activation_446_accuracy":{"0":0.7954673767,"1":0.7449378967},"val_add_290_dice_coef":{"0":0.2852112651,"1":0.0966500267},"val_add_290_jacard":{"0":0.1709294915,"1":0.0523268431},"val_add_290_recall_2":{"0":0.0011337202,"1":0.0004142439},"val_add_290_precision_2":{"0":1.0,"1":1.0},"val_add_290_accuracy":{"0":0.7087180018,"1":0.7085081935}}