{"loss":{"0":2.7987940311,"1":2.2771925926,"2":1.9971181154,"3":1.8235918283,"4":1.706695199,"5":1.6200444698,"6":1.5485479832,"7":1.4836742878},"side_6_loss":{"0":0.4974804819,"1":0.3110612631,"2":0.2395257801,"3":0.2072919607,"4":0.1877809763,"5":0.1721519232,"6":0.1578390598,"7":0.1434770525},"side_7_loss":{"0":0.5455234647,"1":0.3862524629,"2":0.3029568791,"3":0.2469133884,"4":0.2118032426,"5":0.1896274239,"6":0.1732110977,"7":0.1581469327},"side_8_loss":{"0":0.5772460699,"1":0.4896232486,"2":0.4171137214,"3":0.3617319465,"4":0.3170201182,"5":0.2799126506,"6":0.2482634783,"7":0.2208072543},"activation_389_loss":{"0":0.6182613373,"1":0.5692375302,"2":0.5318480134,"3":0.5094988346,"4":0.4960696399,"5":0.4872286916,"6":0.480696857,"7":0.475341022},"out_10_loss":{"0":0.5594667196,"1":0.5202019215,"2":0.504855454,"3":0.4973371029,"4":0.4932017922,"5":0.4903032482,"6":0.4877160788,"7":0.4850798249},"side_6_dice_coef":{"0":0.5025194883,"1":0.6889386773,"2":0.7604742646,"3":0.7927080989,"4":0.8122191429,"5":0.8278480768,"6":0.8421608806,"7":0.856523037},"side_6_jacard":{"0":0.348379612,"1":0.5417616963,"2":0.62621665,"3":0.6675929427,"4":0.6939312816,"5":0.7157179117,"6":0.7362310886,"7":0.7570820451},"side_6_recall_5":{"0":0.7857969999,"1":0.8275433779,"2":0.7853325009,"3":0.7722213268,"4":0.7786114216,"5":0.7907381058,"6":0.8049049973,"7":0.8216723204},"side_6_precision_5":{"0":0.4514491856,"1":0.683182776,"2":0.7957187891,"3":0.841679275,"4":0.8639580607,"5":0.8799987435,"6":0.8922106028,"7":0.9036053419},"side_6_accuracy":{"0":0.6215825081,"1":0.8199484944,"2":0.8652469516,"3":0.8792465329,"4":0.8886478543,"5":0.8973557353,"6":0.9053688049,"7":0.9139000773},"side_7_dice_coef":{"0":0.4544764757,"1":0.6137474775,"2":0.6970430017,"3":0.7530866265,"4":0.7881965637,"5":0.810372591,"6":0.8267887235,"7":0.8418531418},"side_7_jacard":{"0":0.3031332195,"1":0.4557712972,"2":0.5494238138,"3":0.6168411374,"4":0.6618925929,"5":0.6918528676,"6":0.7148248553,"7":0.7363397479},"side_7_recall_5":{"0":0.7067022324,"1":0.8508127928,"2":0.8296778798,"3":0.8018783331,"4":0.7892341018,"5":0.788594842,"6":0.7943534851,"7":0.8041154146},"side_7_precision_5":{"0":0.4210922122,"1":0.5821986198,"2":0.7023060918,"3":0.791683495,"4":0.840318799,"5":0.8657107353,"6":0.8818335533,"7":0.8953524232},"side_7_accuracy":{"0":0.5905587077,"1":0.7540633082,"2":0.8310233951,"3":0.867565155,"4":0.8832263947,"5":0.8919689059,"6":0.8989744186,"7":0.9061678052},"side_8_dice_coef":{"0":0.4227539301,"1":0.5103767514,"2":0.5828863382,"3":0.638268292,"4":0.6829797626,"5":0.7200873494,"6":0.7517362237,"7":0.7791929841},"side_8_jacard":{"0":0.2770878971,"1":0.3522874117,"2":0.4222401083,"3":0.4809468091,"4":0.5316459537,"5":0.5757870078,"6":0.6149160862,"7":0.6501297355},"side_8_recall_5":{"0":0.7418635488,"1":0.8500521779,"2":0.8397516012,"3":0.8228895068,"4":0.8096590042,"5":0.7973815799,"6":0.7881656885,"7":0.7831926346},"side_8_precision_5":{"0":0.3645310402,"1":0.4629388452,"2":0.5646035075,"3":0.6396952868,"4":0.7023220658,"5":0.7597742081,"6":0.8082657456,"7":0.8474794626},"side_8_accuracy":{"0":0.4978055954,"1":0.6322363019,"2":0.7385017276,"3":0.7926344872,"4":0.8272984624,"5":0.8527995944,"6":0.8709058762,"7":0.8841915131},"activation_389_dice_coef":{"0":0.3817387223,"1":0.4307624996,"2":0.468151927,"3":0.4905011356,"4":0.5039303303,"5":0.5127713084,"6":0.519303143,"7":0.5246590376},"activation_389_jacard":{"0":0.2435173094,"1":0.2818412185,"2":0.3126535118,"3":0.3319235742,"4":0.3438307643,"5":0.3518036306,"6":0.3577664793,"7":0.3627105355},"activation_389_recall_5":{"0":0.5531522632,"1":0.6612098217,"2":0.7253888845,"3":0.7583912611,"4":0.7765775919,"5":0.787629962,"6":0.7955510616,"7":0.8026826382},"activation_389_precision_5":{"0":0.3400144577,"1":0.4260745049,"2":0.4996291697,"3":0.5505576134,"4":0.5850816369,"5":0.6102025509,"6":0.6299105883,"7":0.6469093561},"activation_389_accuracy":{"0":0.5077905655,"1":0.6020213962,"2":0.6759454608,"3":0.7213816643,"4":0.7494053841,"5":0.7683857083,"6":0.7825160027,"7":0.7943072319},"out_10_dice_coef":{"0":0.4405332804,"1":0.4797981083,"2":0.4951445162,"3":0.5026628971,"4":0.5067982078,"5":0.509696722,"6":0.5122839212,"7":0.5149201751},"out_10_jacard":{"0":0.2945024371,"1":0.3285339773,"2":0.3416754305,"3":0.3476833403,"4":0.3509544134,"5":0.3534136117,"6":0.3557790518,"7":0.3583039045},"out_10_recall_5":{"0":0.9996268153,"1":0.9997864366,"2":0.9995669127,"3":0.9993602037,"4":0.9991205931,"5":0.9988662601,"6":0.9986138344,"7":0.998396337},"out_10_precision_5":{"0":0.32372123,"1":0.3239881098,"2":0.3241054118,"3":0.3240431845,"4":0.3239793777,"5":0.3239354789,"6":0.3239164948,"7":0.3238970041},"out_10_accuracy":{"0":0.3238846362,"1":0.3246518672,"2":0.3250905573,"3":0.3249715269,"4":0.3248591423,"5":0.3248133659,"6":0.3248437345,"7":0.324860245},"val_loss":{"0":3.3202059269,"1":3.659815073,"2":3.8972098827,"3":3.789686203,"4":2.8378658295,"5":2.0536293983,"6":1.7040140629,"7":1.5344631672},"val_side_6_loss":{"0":0.7457790971,"1":0.9243757725,"2":0.9669702649,"3":0.9368070364,"4":0.6063494682,"5":0.3526998162,"6":0.2347978354,"7":0.1809232682},"val_side_7_loss":{"0":0.6532267928,"1":0.7372720242,"2":0.8110306859,"3":0.751726985,"4":0.4813407063,"5":0.2963806093,"6":0.204037413,"7":0.1605156064},"val_side_8_loss":{"0":0.6656102538,"1":0.7291117907,"2":0.8376038074,"3":0.8453282118,"4":0.5759451389,"5":0.3020105362,"6":0.2169061005,"7":0.1796875447},"val_activation_389_loss":{"0":0.6373063922,"1":0.6333464384,"2":0.6391739249,"3":0.6267101765,"4":0.5884958506,"5":0.5478981137,"6":0.5110270977,"7":0.4857312441},"val_out_10_loss":{"0":0.6174671054,"1":0.6348919868,"2":0.6416127682,"3":0.6282944679,"4":0.5849148035,"5":0.5538194776,"6":0.536423862,"7":0.5267828107},"val_side_6_dice_coef":{"0":0.2542207837,"1":0.0756242871,"2":0.0330296531,"3":0.0631929338,"4":0.3936505616,"5":0.6473001838,"6":0.7652021646,"7":0.8190767169},"val_side_6_jacard":{"0":0.1479923129,"1":0.039418947,"2":0.0168674607,"3":0.0344133079,"4":0.272541672,"5":0.5101955533,"6":0.6433965564,"7":0.7096603513},"val_side_6_recall_5":{"0":0.0,"1":0.0,"2":0.0,"3":0.0056773215,"4":0.3519154489,"5":0.5893774629,"6":0.7293984294,"7":0.8040888309},"val_side_6_precision_5":{"0":0.0,"1":0.0,"2":0.0,"3":1.0,"4":0.9987810254,"5":0.9906188846,"6":0.9666645527,"7":0.9455453157},"val_side_6_accuracy":{"0":0.7083670497,"1":0.7083873749,"2":0.7083873749,"3":0.7100429535,"4":0.8108851314,"5":0.8786296844,"6":0.9137541652,"7":0.9293658137},"val_side_7_dice_coef":{"0":0.3467731774,"1":0.2627279758,"2":0.1889693886,"3":0.2482729852,"4":0.5186592937,"5":0.7036193013,"6":0.7959625125,"7":0.8394843936},"val_side_7_jacard":{"0":0.2164844871,"1":0.1549143493,"2":0.1071468368,"3":0.1478730887,"4":0.3817532361,"5":0.5713683367,"6":0.6803674102,"7":0.7379465699},"val_side_7_recall_5":{"0":0.6467131972,"1":0.0004207846,"2":0.001170784,"3":0.1171394512,"4":0.4755803347,"5":0.6662197113,"6":0.7691178918,"7":0.8272646666},"val_side_7_precision_5":{"0":0.3640494049,"1":0.1663793176,"2":0.9470899701,"3":0.9999255538,"4":0.9986448884,"5":0.9853601456,"6":0.9630445838,"7":0.9448911548},"val_side_7_accuracy":{"0":0.567533493,"1":0.7078952789,"2":0.7087097168,"3":0.7425441742,"4":0.8468844295,"5":0.8997790217,"6":0.9240652919,"7":0.9355583191},"val_side_8_dice_coef":{"0":0.334389776,"1":0.2708882391,"2":0.1623961478,"3":0.1546718329,"4":0.4240548015,"5":0.6979894638,"6":0.7830938697,"7":0.8203125},"val_side_8_jacard":{"0":0.2071146518,"1":0.1596382409,"2":0.0889272839,"3":0.0854247212,"4":0.2864119411,"5":0.5542035103,"6":0.6556598544,"7":0.7045426965},"val_side_8_recall_5":{"0":0.0384483747,"1":0.0,"2":0.0,"3":0.0012667142,"4":0.392118901,"5":0.7198185325,"6":0.818558991,"7":0.8576090932},"val_side_8_precision_5":{"0":0.1775395125,"1":0.0,"2":0.0,"3":0.9296000004,"4":0.9581273198,"5":0.9175921679,"6":0.9027596712,"7":0.9050199986},"val_side_8_accuracy":{"0":0.6676591039,"1":0.7083415985,"2":0.7083765864,"3":0.7087287903,