{"loss":{"0":2.3319497108,"1":1.5805841684,"2":1.299295187,"3":1.1320078373,"4":1.0426191092,"5":0.9684630036,"6":0.8978330493,"7":0.8521853089,"8":0.8275618553,"9":0.8015797734},"side_6_loss":{"0":0.3734329045,"1":0.2218380123,"2":0.1701856852,"3":0.128871724,"4":0.108894676,"5":0.0924643278,"6":0.0788941681,"7":0.069511883,"8":0.0641566366,"9":0.059394177},"side_7_loss":{"0":0.3881827295,"1":0.2162704915,"2":0.1729196906,"3":0.1314522922,"4":0.1098747924,"5":0.0909648091,"6":0.0728642941,"7":0.0620433167,"8":0.0559145696,"9":0.0493321642},"side_8_loss":{"0":0.5289194584,"1":0.3002849519,"2":0.185085237,"3":0.1428925991,"4":0.1193290949,"5":0.0999978408,"6":0.0792008489,"7":0.0665467083,"8":0.0598392263,"9":0.0518867783},"activation_148_loss":{"0":0.573523581,"1":0.4989355803,"2":0.4679114521,"3":0.4532428682,"4":0.4440758526,"5":0.4368115664,"6":0.4304721653,"7":0.425783515,"8":0.423602134,"9":0.4212603271},"add_96_loss":{"0":0.4672893286,"1":0.3426529169,"2":0.3025907278,"3":0.2749458253,"4":0.2598422468,"5":0.2476216853,"6":0.2357988656,"7":0.2276970148,"8":0.2234468758,"9":0.2191034704},"side_6_dice_coef":{"0":0.6265670657,"1":0.7781618834,"2":0.8298145533,"3":0.8711281419,"4":0.8911054134,"5":0.9075357318,"6":0.9211059809,"7":0.93048805,"8":0.9358433485,"9":0.9406058192},"side_6_jacard":{"0":0.478597492,"1":0.6491916776,"2":0.7195531726,"3":0.7786663175,"4":0.8090926409,"5":0.834584415,"6":0.8565084338,"7":0.8721558452,"8":0.8812348843,"9":0.8894557953},"side_6_recall":{"0":0.8178786635,"1":0.7449324131,"2":0.7804989219,"3":0.8220572472,"4":0.8414490819,"5":0.862400353,"6":0.8864406347,"7":0.9043902755,"8":0.9118360877,"9":0.9212705493},"side_6_precision":{"0":0.4982894659,"1":0.8049889803,"2":0.869566381,"3":0.9112719297,"4":0.9321157932,"5":0.9401803613,"6":0.9474653602,"7":0.9501260519,"8":0.9544772506,"9":0.9556427598},"side_6_accuracy":{"0":0.6744763255,"1":0.8590164185,"2":0.8910487294,"3":0.9164889455,"4":0.9288390279,"5":0.9376961589,"6":0.9473297,"7":0.9536831975,"8":0.9573831558,"9":0.9606725574},"side_7_dice_coef":{"0":0.6118172407,"1":0.783729434,"2":0.8270802498,"3":0.8685476184,"4":0.8901251554,"5":0.9090352654,"6":0.9271356463,"7":0.9379569292,"8":0.9440853596,"9":0.9506678581},"side_7_jacard":{"0":0.4633773565,"1":0.657035768,"2":0.7167648077,"3":0.7759411335,"4":0.8084573746,"5":0.8375515342,"6":0.8670524359,"7":0.8854291439,"8":0.8959991932,"9":0.9074570537},"side_7_recall":{"0":0.822707355,"1":0.7436999679,"2":0.7778759003,"3":0.8158183694,"4":0.8424291015,"5":0.8634977341,"6":0.8909481764,"7":0.9102839828,"8":0.9200164676,"9":0.9300646782},"side_7_precision":{"0":0.4701805711,"1":0.8169087172,"2":0.8676792979,"3":0.9126374125,"4":0.9296633005,"5":0.941970706,"6":0.9517402649,"7":0.9563035369,"8":0.9595891833,"9":0.9624516368},"side_7_accuracy":{"0":0.6425139308,"1":0.8630778193,"2":0.8896972537,"3":0.9150996208,"4":0.9283614159,"5":0.9385938644,"6":0.9500751495,"7":0.9574942589,"8":0.9615671039,"9":0.9656159282},"side_8_dice_coef":{"0":0.4710806906,"1":0.6997151971,"2":0.8149148226,"3":0.8571074009,"4":0.8806707859,"5":0.9000020027,"6":0.9207991958,"7":0.9334533811,"8":0.9401606321,"9":0.9481133223},"side_8_jacard":{"0":0.3236101568,"1":0.553165853,"2":0.6979953647,"3":0.7580478191,"4":0.7935473323,"5":0.8233923316,"6":0.8569148183,"7":0.8781356812,"8":0.8895748854,"9":0.9031096697},"side_8_recall":{"0":0.9511185884,"1":0.7556115985,"2":0.7479704022,"3":0.7946372628,"4":0.822394073,"5":0.8463489413,"6":0.876490593,"7":0.8959541321,"8":0.9071837068,"9":0.9197390676},"side_8_precision":{"0":0.3336756825,"1":0.6789714098,"2":0.8803153634,"3":0.9134078026,"4":0.9305563569,"5":0.9418005943,"6":0.9533398747,"7":0.9612701535,"8":0.9637525082,"9":0.9674317837},"side_8_accuracy":{"0":0.3693588674,"1":0.8052411079,"2":0.8854983449,"3":0.909137249,"4":0.9226414561,"5":0.9333321452,"6":0.9461326599,"7":0.9546344876,"8":0.9589099884,"9":0.9639962316},"activation_148_dice_coef":{"0":0.426476568,"1":0.5010644794,"2":0.5320885181,"3":0.546757102,"4":0.555924058,"5":0.563188374,"6":0.5695278049,"7":0.5742165446,"8":0.5763978958,"9":0.5787396431},"activation_148_jacard":{"0":0.2773939371,"1":0.3397418559,"2":0.3682842553,"3":0.382878989,"4":0.3922828734,"5":0.3997859955,"6":0.4065169096,"7":0.4114872515,"8":0.4137764573,"9":0.4162368178},"activation_148_recall":{"0":0.6223255396,"1":0.7418635488,"2":0.7779313326,"3":0.8163727522,"4":0.841797173,"5":0.8645117283,"6":0.8928670883,"7":0.9072067738,"8":0.9166569114,"9":0.9265391827},"activation_148_precision":{"0":0.4422406256,"1":0.6091454625,"2":0.728420794,"3":0.7754653096,"4":0.8057804704,"5":0.8276865482,"6":0.852876246,"7":0.8753233552,"8":0.8864046335,"9":0.8975849152},"activation_148_accuracy":{"0":0.6236726642,"1":0.7623516917,"2":0.83422786,"3":0.8640413284,"4":0.8831086159,"5":0.897881031,"6":0.9154624939,"7":0.9281336665,"8":0.9349948764,"9":0.9419984818},"add_96_dice_coef":{"0":0.5327106714,"1":0.6573469639,"2":0.6974092126,"3":0.7250541449,"4":0.7401576638,"5":0.7523784041,"6":0.7642011642,"7":0.7723029852,"8":0.776553154,"9":0.7808965445},"add_96_jacard":{"0":0.3739981055,"1":0.4954773486,"2":0.5411352515,"3":0.574251771,"4":0.5933158994,"5":0.6086916924,"6":0.6245520711,"7":0.6357181668,"8":0.6416041851,"9":0.6474887729},"add_96_recall":{"0":0.8351900578,"1":0.7460244894,"2":0.7782873511,"3":0.8176837564,"4":0.8437627554,"5":0.8651652336,"6":0.8925773501,"7":0.911521852,"8":0.9211163521,"9":0.9312165976},"add_96_precision":{"0":0.4771434665,"1":0.8197658062,"2":0.8710489273,"3":0.9144769907,"4":0.9304241538,"5":0.9422096014,"6":0.9507736564,"7":0.9556522965,"8":0.958560586,"9":0.9614643455},"add_96_accuracy":{"0":0.6503923535,"1":0.8646919131,"2":0.8909333348,"3":0.9162290692,"4":0.9290006757,"5":0.9391757846,"6":0.9502671361,"7":0.9576663971,"8":0.9615747333,"9":0.9656526446},"val_loss":{"0":3.5991072655,"1":4.0956716537,"2":3.722618103,"3":2.7245194912,"4":2.408921957,"5":1.9045209885,"6":1.4008237123,"7":1.1699156761,"8":1.1641395092,"9":1.2516994476},"val_side_6_loss":{"0":0.8918784857,"1":0.9203103781,"2":0.5756859779,"3":0.3205958307,"4":0.3654730916,"5":0.2209297121,"6":0.1471507251,"7":0.1323176324,"8":0.1449931562,"9":0.1809522957},"val_side_7_loss":{"0":0.6934027076,"1":0.9017339945,"2":0.8026308417,"3":0.4173766375,"4":0.3388988972,"5":0.2555818856,"6":0.1693944484,"7":0.1298288256,"8":0.1353496462,"9":0.1661794186},"val_side_8_loss":{"0":0.6617968678,"1":0.8539888859,"2":0.9810529351,"3":0.8207411766,"4":0.6329648495,"5":0.4847581387,"6":0.264721483,"7":0.1621134281,"8":0.1461192369,"9":0.1606483012},"val_activation_148_loss":{"0":0.6542641521,"1":0.6565819979,"2":0.6663080454,"3":0.6453327537,"4":0.5965568423,"5":0.5460186601,"6":0.4957186282,"7":0.4602686167,"8":0.4529967308,"9":0.4486502409},"val_add_96_loss":{"0":0.6971629262,"1":0.7624540925,"2":0.6963375807,"3":0.5198706985,"4":0.4744257629,"5":0.3966299295,"6":0.3232358694,"7":0.284784317,"8":0.2840779424,"9":0.2946663201},"val_side_6_dice_coef":{"0":0.1081214771,"1":0.0796895921,"2":0.4243140519,"3":0.6794041395,"4":0.6345268488,"5":0.7790702581,"6":0.8528491855,"7":0.8676822782,"8":0.8550068736,"9":0.819047749},"val_side_6_jacard":{"0":0.0581569821,"1":0.0450899675,"2":0.2984429896,"3":0.5494852066,"4":0.501378417,"5":0.6556456685,"6":0.7510128021,"7":0.7753515244,"8":0.7563505769,"9":0.7077038288},"val_side_6_recall":{"0":0.0,"1":0.0549134761,"2":0.3685069978,"3":0.6626572013,"4":0.6324784756,"5":0.748924613,"6":0.8463024497,"7":0.919228971,"8":0.9116330743,"9":0.9523575902},"val_side_6_precision":{"0":0.0,"1":1.0,"2":0.99690938,"3":0.9183112979,"4":0.8787409663,"5":0.9192347527,"6":0.901111722,"7":0.8492355943,"8":0.8285482526,"9":0.736564219},"val_side_6_accuracy":{"0":0.7083873749,"1":0.7244008183,"2":0.8155155182,"3":0.8844369054,"4":0.8673750758,"5":0.9075946808,"6":0.9280967712,"7":0.9288578033,"8":0.9192199707,"9":0.8867791295},"val_side_7_dice_coef":{"0":0.3065973222,"1":0.0982660055,