{"loss":{"0":2.2634513378,"1":1.5025320053,"2":1.1942874193,"3":1.022898078,"4":0.9107506871,"5":0.8178981543,"6":0.7676604986,"7":0.7088659406,"8":0.6758415699,"9":0.6561133265},"side_6_loss":{"0":0.3747491837,"1":0.2231910974,"2":0.1727637947,"3":0.1327093244,"4":0.109080404,"5":0.0896421745,"6":0.0795680806,"7":0.0700275302,"8":0.0636313856,"9":0.0597596057},"side_7_loss":{"0":0.3981208801,"1":0.2197635919,"2":0.1770118922,"3":0.1403621882,"4":0.1135965511,"5":0.090912886,"6":0.0797970295,"7":0.0645117462,"8":0.0575247072,"9":0.0534360074},"side_8_loss":{"0":0.533234179,"1":0.3262292445,"2":0.1936025918,"3":0.1539167762,"4":0.1264109164,"5":0.1039068475,"6":0.0907417834,"7":0.0723303556,"8":0.0629066676,"9":0.0570209473},"activation_1042_loss":{"0":0.5780762434,"1":0.5077269673,"2":0.4752233624,"3":0.4597680271,"4":0.4492725432,"5":0.4406996667,"6":0.4349571168,"7":0.4294272363,"8":0.4256442189,"9":0.4236543179},"add_678_loss":{"0":0.3786684871,"1":0.2250187397,"2":0.1750829071,"3":0.1355392635,"4":0.1117876917,"5":0.0921339393,"6":0.0819938183,"7":0.0719663426,"8":0.0655320138,"9":0.0616393276},"side_6_dice_coef":{"0":0.6252508163,"1":0.7768089175,"2":0.8272360563,"3":0.8672906756,"4":0.8909196258,"5":0.9103577733,"6":0.9204320312,"7":0.9299724102,"8":0.9363686442,"9":0.9402402639},"side_6_jacard":{"0":0.4769155979,"1":0.646655798,"2":0.7161135674,"3":0.7730166316,"4":0.8090483546,"5":0.8389277458,"6":0.8556140065,"7":0.8714171052,"8":0.8822357655,"9":0.8889869452},"side_6_recall_6":{"0":0.807751894,"1":0.7306796312,"2":0.7754521966,"3":0.8114585876,"4":0.8371158242,"5":0.8657579422,"6":0.8834964633,"7":0.897326529,"8":0.911783576,"9":0.9178947806},"side_6_precision_6":{"0":0.5005370378,"1":0.8157219887,"2":0.8689909577,"3":0.9133799076,"4":0.9344144464,"5":0.9431107044,"6":0.9476397634,"7":0.9549893141,"8":0.9553493261,"9":0.9574159384},"side_6_accuracy":{"0":0.6768550873,"1":0.8593864441,"2":0.8894689679,"3":0.9140574336,"4":0.9282536507,"5":0.9396400452,"6":0.9464850426,"7":0.9530735016,"8":0.957649231,"9":0.9602063298},"side_7_dice_coef":{"0":0.6018791795,"1":0.7802366018,"2":0.8229881525,"3":0.8596378565,"4":0.886403501,"5":0.9090869427,"6":0.9202029705,"7":0.9354884624,"8":0.9424753785,"9":0.9465640187},"side_7_jacard":{"0":0.4534206986,"1":0.6526107788,"2":0.7107775211,"3":0.7626395226,"4":0.8028018475,"5":0.8379717469,"6":0.8559691906,"7":0.881326437,"8":0.8932535052,"9":0.9003862739},"side_7_recall_6":{"0":0.8185936213,"1":0.7147824168,"2":0.7578904033,"3":0.7937687039,"4":0.8235681057,"5":0.8530896306,"6":0.8733127117,"7":0.8976147175,"8":0.9121763706,"9":0.9203960299},"side_7_precision_6":{"0":0.4613340497,"1":0.8349357843,"2":0.8758116961,"3":0.9133641124,"4":0.9371315837,"5":0.9502444267,"6":0.954251945,"7":0.9616242647,"8":0.9629119635,"9":0.9640285969},"side_7_accuracy":{"0":0.6318756938,"1":0.8619303703,"2":0.8868398666,"3":0.9088692665,"4":0.9250032306,"5":0.9379847646,"6":0.9454377294,"7":0.9552617073,"8":0.9601979256,"9":0.9631145597},"side_8_dice_coef":{"0":0.4667657912,"1":0.6737706065,"2":0.8063973188,"3":0.8460831642,"4":0.8735891581,"5":0.8960931301,"6":0.9092581868,"7":0.9276696444,"8":0.9370933175,"9":0.9429790974},"side_8_jacard":{"0":0.3206024766,"1":0.5242916346,"2":0.6865686774,"3":0.7421414256,"4":0.7829726934,"5":0.8174704909,"6":0.8383278251,"7":0.868544817,"8":0.884454608,"9":0.8944563866},"side_8_recall_6":{"0":0.9659159184,"1":0.7689201832,"2":0.7299435735,"3":0.7745251656,"4":0.8058162928,"5":0.8368762136,"6":0.8599693179,"7":0.8836417794,"8":0.9010773897,"9":0.9093289375},"side_8_precision_6":{"0":0.3290068805,"1":0.6114138365,"2":0.8801311851,"3":0.9096143246,"4":0.9308025241,"5":0.9429025054,"6":0.947314024,"7":0.9602165222,"8":0.9628151655,"9":0.9664025307},"side_8_accuracy":{"0":0.3512862623,"1":0.7670062184,"2":0.8804001808,"3":0.9020993114,"4":0.9177497029,"5":0.930791378,"6":0.9391889572,"7":0.9504830241,"8":0.9567130208,"9":0.9604158401},"activation_1042_dice_coef":{"0":0.4219236374,"1":0.4922730327,"2":0.5247766376,"3":0.5402318835,"4":0.5507275462,"5":0.5593002439,"6":0.5650428534,"7":0.5705729127,"8":0.5743557811,"9":0.5763455629},"activation_1042_jacard":{"0":0.2737309337,"1":0.3321372271,"2":0.3615130484,"3":0.3765979707,"4":0.3871017098,"5":0.3959203959,"6":0.4018974602,"7":0.407728821,"8":0.4117244482,"9":0.4137854278},"activation_1042_recall_6":{"0":0.6155642271,"1":0.7385914326,"2":0.7753402591,"3":0.8072103262,"4":0.8302562833,"5":0.8544733524,"6":0.8758252859,"7":0.8942645192,"8":0.9092965722,"9":0.9151121974},"activation_1042_precision_6":{"0":0.433540225,"1":0.5773835778,"2":0.6838793755,"3":0.7306752801,"4":0.7714848518,"5":0.8002616763,"6":0.8216195107,"7":0.8456392288,"8":0.864536047,"9":0.8781353831},"activation_1042_accuracy":{"0":0.6152021289,"1":0.7403809428,"2":0.8112607002,"3":0.841278851,"4":0.8654460907,"5":0.8838556409,"6":0.8982515335,"7":0.9129320979,"8":0.9245179296,"9":0.931411922},"add_678_dice_coef":{"0":0.6213316917,"1":0.7749811411,"2":0.8249168992,"3":0.8644607663,"4":0.8882124424,"5":0.9078660607,"6":0.9180060625,"7":0.9280337095,"8":0.9344680905,"9":0.9383606911},"add_678_jacard":{"0":0.4722054601,"1":0.6440312862,"2":0.712605238,"3":0.7685793042,"4":0.8045948744,"5":0.8347430229,"6":0.8514484763,"7":0.8680192828,"8":0.8788720965,"9":0.8856335878},"add_678_recall_6":{"0":0.8099015951,"1":0.7306634188,"2":0.7753859162,"3":0.8111644983,"4":0.8370367885,"5":0.8657785654,"6":0.8833830357,"7":0.8974345326,"8":0.9118974805,"9":0.9182655215},"add_678_precision_6":{"0":0.4991177619,"1":0.8169394135,"2":0.8697886467,"3":0.9137144089,"4":0.9348990321,"5":0.9436985254,"6":0.9481273293,"7":0.9552934766,"8":0.9559752345,"9":0.9577844739},"add_678_accuracy":{"0":0.6753671765,"1":0.859814465,"2":0.8897156715,"3":0.9140765071,"4":0.9283801913,"5":0.9398314357,"6":0.9466055036,"7":0.9532036781,"8":0.9578866959,"9":0.9604404569},"val_loss":{"0":3.7315356731,"1":4.2073578835,"2":3.2430226803,"3":2.6447041035,"4":2.6007800102,"5":2.6322741508,"6":1.2948054075,"7":1.2095650434,"8":1.0861231089,"9":1.1566665173},"val_side_6_loss":{"0":0.8729315996,"1":0.9431984425,"2":0.4671553373,"3":0.3168280125,"4":0.3297202289,"5":0.3373900652,"6":0.1596029699,"7":0.1445984542,"8":0.1635665745,"9":0.1872929484},"val_side_7_loss":{"0":0.7011244893,"1":0.8411106467,"2":0.6683443189,"3":0.4696685374,"4":0.5140701532,"5":0.4968808293,"6":0.2000046223,"7":0.176079452,"8":0.140037626,"9":0.1564791203},"val_side_8_loss":{"0":0.6512591243,"1":0.8397604227,"2":0.9637663364,"3":0.8855026364,"4":0.8050566316,"5":0.8564713001,"6":0.277109623,"7":0.2595335543,"8":0.1616335213,"9":0.169178158},"val_activation_1042_loss":{"0":0.652677536,"1":0.6524066925,"2":0.6594867706,"3":0.6411370039,"4":0.605540514,"5":0.5893036723,"6":0.4921664894,"7":0.4791377187,"8":0.4564841986,"9":0.4563323557},"val_add_678_loss":{"0":0.8529401422,"1":0.9302792549,"2":0.4836675823,"3":0.3309652507,"4":0.3457899392,"5":0.3516255617,"6":0.1653189063,"7":0.149613142,"8":0.1637984514,"9":0.186781019},"val_side_6_dice_coef":{"0":0.1270683855,"1":0.0568015128,"2":0.5328446627,"3":0.6831719279,"4":0.6702798009,"5":0.6626099348,"6":0.8403970599,"7":0.8554016352,"8":0.8364334106,"9":0.8127071261},"val_side_6_jacard":{"0":0.0694634169,"1":0.0304150991,"2":0.4057267606,"3":0.5562793016,"4":0.5299224257,"5":0.5116750598,"6":0.7320881486,"7":0.7552813888,"8":0.7278345227,"9":0.7006496787},"val_side_6_recall_6":{"0":0.0,"1":0.0013888071,"2":0.5065504909,"3":0.6636862755,"4":0.5930533409,"5":0.5598222613,"6":0.8342304826,"7":0.8651243448,"8":0.9248910546,"9":0.938598156},"val_side_6_precision_6":{"0":0.0,"1":1.0,"2":0.9881215096,"3":0.9430679083,"4":0.9613093138,"5":0.9738348126,"6":0.9010297656,"7":0.8918767571,"8":0.7924520373,"9":0.737031877},"val_side_6_accuracy":{"0":0.7083873749,"1":0.7087923884,"2":0.8543281555,"3":0.8902428746,"4":0.8743686676,"5":0.8672523499,"6":0.9249382019,"7":0.9300842285,"8":0.9074586034,"9":0.884437561},