{"loss":{"0":2.8026704788,"1":2.2879230976,"2":2.0097002983,"3":1.8367871046,"4":1.7202254534,"5":1.6338760853,"6":1.562664628,"7":1.4984090328},"side_6_loss":{"0":0.4970322251,"1":0.310744226,"2":0.2392990887,"3":0.2071195543,"4":0.1875927299,"5":0.1718981415,"6":0.1575964987,"7":0.1432695091},"side_7_loss":{"0":0.5460691452,"1":0.3867695034,"2":0.3028397858,"3":0.2461514771,"4":0.2108632475,"5":0.1887639314,"6":0.1724281013,"7":0.1575955451},"side_8_loss":{"0":0.5772252679,"1":0.4894953668,"2":0.4170121849,"3":0.3617618084,"4":0.3171877861,"5":0.2801573575,"6":0.2484998554,"7":0.2210964262},"activation_64_loss":{"0":0.6180750728,"1":0.5688560009,"2":0.5315133929,"3":0.5092538595,"4":0.4958810806,"5":0.4870958924,"6":0.4805796146,"7":0.4752318859},"out_10_loss":{"0":0.5634529591,"1":0.5312412977,"2":0.5182180405,"3":0.5116816759,"4":0.5078809261,"5":0.5051399469,"6":0.5027392507,"7":0.5003936291},"side_6_dice_coef":{"0":0.5029677749,"1":0.689255774,"2":0.7607008219,"3":0.7928804755,"4":0.812407136,"5":0.828101933,"6":0.8424034119,"7":0.8567306399},"side_6_jacard":{"0":0.3488033712,"1":0.5421365499,"2":0.6265157461,"3":0.6678430438,"4":0.6942033768,"5":0.7160897255,"6":0.736599803,"7":0.7574449778},"side_6_recall":{"0":0.7862153649,"1":0.8273602724,"2":0.7852156162,"3":0.772752583,"4":0.7794127464,"5":0.7913833261,"6":0.805840373,"7":0.8226130605},"side_6_precision":{"0":0.4520855248,"1":0.6838920712,"2":0.7961624861,"3":0.8418582678,"4":0.8638461232,"5":0.8799916506,"6":0.891998291,"7":0.9034583569},"side_6_accuracy":{"0":0.6223468781,"1":0.8203232884,"2":0.8653967977,"3":0.8794493675,"4":0.8888285756,"5":0.8975337148,"6":0.9055654407,"7":0.9141241908},"side_7_dice_coef":{"0":0.4539308548,"1":0.6132305861,"2":0.6971601844,"3":0.7538487315,"4":0.7891367674,"5":0.8112362027,"6":0.8275718093,"7":0.8424044251},"side_7_jacard":{"0":0.3026559949,"1":0.4551701546,"2":0.5494520068,"3":0.6176502109,"4":0.6629960537,"5":0.6929286122,"6":0.7158528566,"7":0.7371285558},"side_7_recall":{"0":0.7061321139,"1":0.8499883413,"2":0.8280957937,"3":0.7992563248,"4":0.7859084606,"5":0.7849568725,"6":0.7906929255,"7":0.8004966378},"side_7_precision":{"0":0.4203618169,"1":0.5820884109,"2":0.7036191225,"3":0.794598937,"4":0.8437470198,"5":0.869143188,"6":0.8850162625,"7":0.8980931044},"side_7_accuracy":{"0":0.5896846652,"1":0.7538984418,"2":0.8314406276,"3":0.8681387901,"4":0.8835844994,"5":0.8921330571,"6":0.8989920616,"7":0.9060165286},"side_8_dice_coef":{"0":0.4227747917,"1":0.5105046034,"2":0.5829878449,"3":0.6382381916,"4":0.6828122139,"5":0.7198426723,"6":0.7515001297,"7":0.7789035439},"side_8_jacard":{"0":0.2771020234,"1":0.3523913026,"2":0.4223360717,"3":0.480915606,"4":0.5314648747,"5":0.5755203962,"6":0.6146461964,"7":0.6497883201},"side_8_recall":{"0":0.74180758,"1":0.8499338627,"2":0.8396961093,"3":0.8229568005,"4":0.8098829389,"5":0.7977812886,"6":0.7885167599,"7":0.783572197},"side_8_precision":{"0":0.3645313382,"1":0.4631323814,"2":0.5647630692,"3":0.6394300461,"4":0.701690495,"5":0.7591052055,"6":0.8076094985,"7":0.846791029},"side_8_accuracy":{"0":0.4978195727,"1":0.6324908137,"2":0.7386336327,"3":0.79247123,"4":0.8270042539,"5":0.8525884748,"6":0.8707359433,"7":0.8840489388},"activation_64_dice_coef":{"0":0.3819248676,"1":0.4311439097,"2":0.4684866071,"3":0.4907461703,"4":0.5041189194,"5":0.5129041076,"6":0.5194205046,"7":0.5247681737},"activation_64_jacard":{"0":0.2436570972,"1":0.2821438313,"2":0.3129364252,"3":0.3321425021,"4":0.3440065384,"5":0.3519357741,"6":0.3578868508,"7":0.3628269136},"activation_64_recall":{"0":0.5535416603,"1":0.6619198322,"2":0.7261961699,"3":0.7590242028,"4":0.7772439122,"5":0.7883650064,"6":0.7963558435,"7":0.8035345674},"activation_64_precision":{"0":0.3403157592,"1":0.4267689884,"2":0.5003496408,"3":0.5510078073,"4":0.5853629708,"5":0.6101891398,"6":0.6298134923,"7":0.6467528939},"activation_64_accuracy":{"0":0.5081384778,"1":0.6027600169,"2":0.6766225696,"3":0.721783936,"4":0.7496747971,"5":0.7684624791,"6":0.7825603485,"7":0.7943351865},"out_10_dice_coef":{"0":0.4365471303,"1":0.4687587321,"2":0.4817820787,"3":0.4883182645,"4":0.4921191037,"5":0.4948600829,"6":0.4972607493,"7":0.4996063709},"out_10_jacard":{"0":0.2912431955,"1":0.3187766969,"2":0.3297282159,"3":0.3349837065,"4":0.3380692303,"5":0.3404230475,"6":0.3426006138,"7":0.3448115587},"out_10_recall":{"0":0.9999887347,"1":0.9999975562,"2":0.9999774098,"3":0.9999582767,"4":0.9999435544,"5":0.9999386072,"6":0.9999386072,"7":0.9999381304},"out_10_precision":{"0":0.3237100542,"1":0.3237237632,"2":0.3237681389,"3":0.3238059282,"4":0.3238316178,"5":0.3238412142,"6":0.3238385916,"7":0.3238321841},"out_10_accuracy":{"0":0.3237225115,"1":0.323761791,"2":0.3239059448,"3":0.3240292966,"4":0.3241138458,"5":0.3241451681,"6":0.3241370618,"7":0.3241175115},"val_loss":{"0":3.3193695545,"1":3.6521940231,"2":3.8885931969,"3":3.7847473621,"4":2.847048521,"5":2.0682756901,"6":1.7144384384,"7":1.5468468666},"val_side_6_loss":{"0":0.7458987832,"1":0.9240913987,"2":0.96637398,"3":0.9338046312,"4":0.6060016155,"5":0.3539665341,"6":0.2329905182,"7":0.1793067604},"val_side_7_loss":{"0":0.6527318954,"1":0.7360570431,"2":0.8093589544,"3":0.7547839284,"4":0.486484766,"5":0.3008310497,"6":0.2052214742,"7":0.1614965349},"val_side_8_loss":{"0":0.6655843258,"1":0.7291665077,"2":0.8392469287,"3":0.8446291685,"4":0.5756351352,"5":0.3015336096,"6":0.2165289223,"7":0.180045858},"val_activation_64_loss":{"0":0.6373071671,"1":0.6333464384,"2":0.6394249797,"3":0.6267641783,"4":0.5884286761,"5":0.5478586555,"6":0.5110610127,"7":0.4858536422},"val_out_10_loss":{"0":0.6170309782,"1":0.6287154555,"2":0.6333696842,"3":0.6239461899,"4":0.5896781683,"5":0.563264966,"6":0.5478146076,"7":0.5393214226},"val_side_6_dice_coef":{"0":0.2541012168,"1":0.0759086236,"2":0.0336260013,"3":0.0661953315,"4":0.3939982951,"5":0.6460334063,"6":0.7670094967,"7":0.8206931949},"val_side_6_jacard":{"0":0.1479184628,"1":0.0395765342,"2":0.0171842203,"3":0.0362471715,"4":0.2729860544,"5":0.508884728,"6":0.645568192,"7":0.7117934823},"val_side_6_recall":{"0":0.0,"1":0.0,"2":0.0,"3":0.0093815336,"4":0.353223592,"5":0.5885228515,"6":0.7327276468,"7":0.8075139523},"val_side_6_precision":{"0":0.0,"1":0.0,"2":0.0,"3":1.0,"4":0.9986746907,"5":0.9906635284,"6":0.9663606286,"7":0.9441845417},"val_side_6_accuracy":{"0":0.7083670497,"1":0.7083873749,"2":0.7083873749,"3":0.7111231685,"4":0.811255157,"5":0.8783906102,"6":0.9146220088,"7":0.9299481511},"val_side_7_dice_coef":{"0":0.3472680449,"1":0.2639429867,"2":0.1906410605,"3":0.2452160865,"4":0.5135151744,"5":0.6991689205,"6":0.7947785854,"7":0.83850348},"val_side_7_jacard":{"0":0.216873914,"1":0.1557472497,"2":0.1081791818,"3":0.145816654,"4":0.3770962059,"5":0.5664821267,"6":0.6787742376,"7":0.7366528511},"val_side_7_recall":{"0":0.6746005416,"1":0.0004600287,"2":0.0013452026,"3":0.1141002104,"4":0.4697220325,"5":0.6593846679,"6":0.7661549449,"7":0.8243453503},"val_side_7_precision":{"0":0.3662623763,"1":0.1833188534,"2":0.9670846462,"3":0.9999235868,"4":0.9987853765,"5":0.9864864349,"6":0.9642041922,"7":0.9463406801},"val_side_7_accuracy":{"0":0.5647246242,"1":0.7079238892,"2":0.7087662816,"3":0.7416579127,"4":0.8451976776,"5":0.8980382085,"6":0.9235134125,"7":0.9351463318},"val_side_8_dice_coef":{"0":0.3344157338,"1":0.2708335519,"2":0.160753116,"3":0.1553707719,"4":0.4243648946,"5":0.6984664202,"6":0.7834710479,"7":0.8199540973},"val_side_8_jacard":{"0":0.2071337998,"1":0.1595996171,"2":0.0879419073,"3":0.0858735368,"4":0.2866065204,"5":0.5546628237,"6":0.6560278535,"7":0.704007268},"val_side_8_recall":{"0":0.0389280245,"1":0.0,"2":0.0,"3":0.0013386618,"4":0.3922082782,"5":0.7208301425,"6":0.8197820783,"7":0.8578009605},"val_side_8_precision":{"0":0.1739253253,"1":0.0,"2":0.0,"3":0.92469877,"4":0.9578303695,"5":0.9171178937,"6":0.9013625383,"7":0.9041657448},"val_side_8_accuracy":{"0":0.6658223271,"1":0.7083403468,"2":0.7083771825,"3":0.7087459564,"4":0.8177248836,"5":0.8995940089,