{"loss":{"0":2.9681386948,"1":1.690628171,"2":1.1771899462,"3":0.9610393047,"4":0.8554396629,"5":0.8055058718,"6":0.7731244564,"7":0.7420778275,"8":0.7267040014,"9":0.712469995},"side_6_loss":{"0":0.3003522456,"1":0.1207919121,"2":0.1009857357,"3":0.0888496786,"4":0.0817819759,"5":0.0774398968,"6":0.0732327327,"7":0.0687395036,"8":0.0668771565,"9":0.0640347973},"side_7_loss":{"0":0.5623471737,"1":0.1955154687,"2":0.1055367142,"3":0.0833996907,"4":0.0720355958,"5":0.0667268485,"6":0.0616589189,"7":0.0561817698,"8":0.0546496846,"9":0.0513661802},"side_8_loss":{"0":0.8651743531,"1":0.5058698654,"2":0.2617799044,"3":0.1511387527,"4":0.1033428162,"5":0.0834439024,"6":0.0730073377,"7":0.0636808351,"8":0.0597774349,"9":0.0566784777},"activation_64_loss":{"0":0.7197624445,"1":0.5776702166,"2":0.5039412379,"3":0.4711944461,"4":0.4506037235,"5":0.4391927719,"6":0.431401521,"7":0.4250694513,"8":0.4203466773,"9":0.416960597},"add_26_loss":{"0":0.5199192166,"1":0.2901969552,"2":0.2043621689,"3":0.1658723801,"4":0.1470909417,"5":0.1381176561,"6":0.1332390606,"7":0.12782152,"8":0.1244678199,"9":0.1228448153},"side_6_dice_coef":{"0":0.656416893,"1":0.8674443364,"2":0.8898029923,"3":0.902918756,"4":0.9110001922,"5":0.9160143137,"6":0.9154322147,"7":0.9212676287,"8":0.9261009693,"9":0.9244545102},"side_6_jacard":{"0":0.5090637803,"1":0.7689851522,"2":0.8040729165,"3":0.8254513741,"4":0.8388927579,"5":0.8471869826,"6":0.8464943171,"7":0.8557936549,"8":0.8638570309,"9":0.8615742326},"side_6_recall":{"0":0.7848712206,"1":0.8922408223,"2":0.9185052514,"3":0.9263784885,"4":0.9307330847,"5":0.9366751313,"6":0.9386147857,"7":0.9389454722,"8":0.9397201538,"9":0.9446202517},"side_6_precision":{"0":0.704223156,"1":0.9326410294,"2":0.9331310987,"3":0.9415243268,"4":0.9455040097,"5":0.9464019537,"6":0.9473096728,"7":0.9509916306,"8":0.9538488388,"9":0.9504181147},"side_6_accuracy":{"0":0.8707840443,"1":0.959155798,"2":0.9650582075,"3":0.968890965,"4":0.9708465934,"5":0.9723976851,"6":0.9730571508,"7":0.9740414619,"8":0.9749177694,"9":0.9751758575},"side_7_dice_coef":{"0":0.4520607591,"1":0.7331603765,"2":0.8671595454,"3":0.9073362947,"4":0.9237459302,"5":0.9308210015,"6":0.9332925081,"7":0.9387897849,"8":0.9441267848,"9":0.9434720278},"side_7_jacard":{"0":0.2963934541,"1":0.5856832862,"2":0.7680554986,"3":0.8330518603,"4":0.8607657552,"5":0.8728607297,"6":0.8776452541,"7":0.8866217136,"8":0.8958768845,"9":0.8954852223},"side_7_recall":{"0":0.755762279,"1":0.841329217,"2":0.9081125855,"3":0.9332852364,"4":0.9428479671,"5":0.9483876824,"6":0.9514243007,"7":0.9535003901,"8":0.9547151327,"9":0.9594333768},"side_7_precision":{"0":0.4236294925,"1":0.8799986839,"2":0.9506011009,"3":0.9552494884,"4":0.9594470263,"5":0.9616387486,"6":0.9627608657,"7":0.9663460851,"8":0.9682591558,"9":0.9654342532},"side_7_accuracy":{"0":0.6981775165,"1":0.9351525307,"2":0.9670119882,"3":0.9738056064,"4":0.9769917727,"5":0.9787845612,"6":0.9797495604,"7":0.9810944796,"8":0.9818356037,"9":0.9822303057},"side_8_dice_coef":{"0":0.3919230998,"1":0.5172692537,"2":0.6661445498,"3":0.7843351364,"4":0.8535936475,"5":0.8878003359,"6":0.9054788351,"7":0.9184983969,"8":0.9285475612,"9":0.932305038},"side_8_jacard":{"0":0.2453044951,"1":0.3522491753,"2":0.5031171441,"3":0.6485009789,"4":0.7470811009,"5":0.8004353642,"6":0.8301045895,"7":0.8515114188,"8":0.8684731722,"9":0.8759841919},"side_8_recall":{"0":0.8988192081,"1":0.8839682937,"2":0.8872525692,"3":0.9096948504,"4":0.932143867,"5":0.9436081648,"6":0.9494979382,"7":0.9522004724,"8":0.9535161257,"9":0.9589145184},"side_8_precision":{"0":0.2828052938,"1":0.4830789268,"2":0.8051980734,"3":0.9429212213,"4":0.962841928,"5":0.9655351043,"6":0.9655564427,"7":0.969047606,"8":0.9704980254,"9":0.9673059583},"side_8_accuracy":{"0":0.4353483617,"1":0.7481216788,"2":0.9223437905,"3":0.9655190706,"4":0.9753726721,"5":0.9786353111,"6":0.9799876213,"7":0.9814484715,"8":0.9820993543,"9":0.9825674891},"activation_64_dice_coef":{"0":0.3696879745,"1":0.4495747387,"2":0.482291609,"3":0.5010036826,"4":0.5144945979,"5":0.5210207105,"6":0.5262422562,"7":0.5303730369,"8":0.5330248475,"9":0.5362516642},"activation_64_jacard":{"0":0.2279237062,"1":0.2914276123,"2":0.3193533719,"3":0.3355994523,"4":0.347464025,"5":0.3536863029,"6":0.3585048318,"7":0.3624747694,"8":0.3647997081,"9":0.3678698242},"activation_64_recall":{"0":0.6872954369,"1":0.8606090546,"2":0.8891692162,"3":0.911341846,"4":0.92931813,"5":0.9387226105,"6":0.9479597211,"7":0.9536656141,"8":0.9579848647,"9":0.9639689326},"activation_64_precision":{"0":0.3329025507,"1":0.433472842,"2":0.5312205553,"3":0.6217337847,"4":0.6942845583,"5":0.7509312034,"6":0.7913642526,"7":0.8166824579,"8":0.8404915929,"9":0.8526440859},"activation_64_accuracy":{"0":0.5991575718,"1":0.7001530528,"2":0.7876000404,"3":0.8474575281,"4":0.8861748576,"5":0.9116151929,"6":0.9283778667,"7":0.9382357001,"8":0.9469118118,"9":0.9519390464},"add_26_dice_coef":{"0":0.4499284923,"1":0.6097006202,"2":0.695966363,"3":0.7428464293,"4":0.7683990598,"5":0.7801622152,"6":0.7862830758,"7":0.7923384905,"8":0.7971657515,"9":0.7993585467},"add_26_jacard":{"0":0.2932201326,"1":0.4414398372,"2":0.5360988975,"3":0.5931065679,"4":0.6256830096,"5":0.6415506601,"6":0.6500469446,"7":0.6581321359,"8":0.6643912792,"9":0.6680315137},"add_26_recall":{"0":0.8774750829,"1":0.9008536935,"2":0.9225201011,"3":0.9363722205,"4":0.9454544187,"5":0.951757431,"6":0.9553623796,"7":0.9573107362,"8":0.9584180117,"9":0.9633386135},"add_26_precision":{"0":0.5309602022,"1":0.9242742062,"2":0.9591575265,"3":0.9656116962,"4":0.9671636224,"5":0.9677061439,"6":0.9674123526,"7":0.9701766372,"8":0.9713771939,"9":0.9681357145},"add_26_accuracy":{"0":0.7870818377,"1":0.9589772224,"2":0.9723051786,"3":0.9769985676,"4":0.9794486761,"5":0.9810237885,"6":0.9817792177,"7":0.9828945398,"8":0.9834386706,"9":0.9837838411}}