,loss,dice_coef,jacard,recall,precision,accuracy
0,0.6702280640602112,0.39635324478149414,0.24899177253246307,0.8474313616752625,0.3367762565612793,0.5679723620414734
