{"loss":{"0":0.6702280641},"dice_coef":{"0":0.3963532448},"jacard":{"0":0.2489917725},"recall":{"0":0.8474313617},"precision":{"0":0.3367762566},"accuracy":{"0":0.567972362}}