,loss,side_6_loss,side_7_loss,side_8_loss,activation_76_loss,add_23_loss,side_6_dice_coef,side_6_jaccard,side_6_recall,side_6_precision,side_6_accuracy,side_7_dice_coef,side_7_jaccard,side_7_recall,side_7_precision,side_7_accuracy,side_8_dice_coef,side_8_jaccard,side_8_recall,side_8_precision,side_8_accuracy,activation_76_dice_coef,activation_76_jaccard,activation_76_recall,activation_76_precision,activation_76_accuracy,add_23_dice_coef,add_23_jaccard,add_23_recall,add_23_precision,add_23_accuracy,val_loss,val_side_6_loss,val_side_7_loss,val_side_8_loss,val_activation_76_loss,val_add_23_loss,val_side_6_dice_coef,val_side_6_jaccard,val_side_6_recall,val_side_6_precision,val_side_6_accuracy,val_side_7_dice_coef,val_side_7_jaccard,val_side_7_recall,val_side_7_precision,val_side_7_accuracy,val_side_8_dice_coef,val_side_8_jaccard,val_side_8_recall,val_side_8_precision,val_side_8_accuracy,val_activation_76_dice_coef,val_activation_76_jaccard,val_activation_76_recall,val_activation_76_precision,val_activation_76_accuracy,val_add_23_dice_coef,val_add_23_jaccard,val_add_23_recall,val_add_23_precision,val_add_23_accuracy
0,4.40125036239624,0.8255559802055359,0.8174342513084412,0.8570991158485413,0.9700454473495483,0.9311164617538452,0.17444397509098053,0.1268858015537262,0.6769438982009888,0.06461314111948013,0.8922994136810303,0.18256589770317078,0.13630925118923187,0.7119185328483582,0.05534597113728523,0.8676567673683167,0.14290066063404083,0.10416577011346817,0.7334191799163818,0.043661847710609436,0.8262540698051453,0.029955238103866577,0.015695368871092796,0.9121418595314026,0.013887958601117134,0.310006320476532,0.06888320297002792,0.039380643516778946,0.7348288893699646,0.06468562036752701,0.8841362595558167,4.242944717407227,0.7885020971298218,0.7949867844581604,0.7741674184799194,0.9696599841117859,0.9156298041343689,0.2114981859922409,0.160312682390213,0.5456255078315735,0.37518975138664246,0.9878481030464172,0.20501315593719482,0.1584305465221405,0.5116138458251953,0.3668425381183624,0.9877731204032898,0.22583253681659698,0.1743156760931015,0.5343700051307678,0.3705114722251892,0.9877547025680542,0.030340377241373062,0.016062134876847267,0.663693368434906,0.07817470282316208,0.9272273182868958,0.08437037467956543,0.05003949627280235,0.5374495983123779,0.3734533190727234,0.9878368973731995
