{"loss":{"0":4.1163196564,"1":3.6862850189,"2":3.5682091713,"3":3.4908504486,"4":3.4498109818,"5":3.4179093838,"6":3.3745789528,"7":3.3620173931,"8":3.3275113106,"9":3.2977228165},"side_6_loss":{"0":0.7300773859,"1":0.6406008601,"2":0.6065595746,"3":0.5855802298,"4":0.574209094,"5":0.5659800768,"6":0.554161787,"7":0.5513953567,"8":0.5405293703,"9":0.532600522},"side_7_loss":{"0":0.7361953855,"1":0.6295242906,"2":0.5944334865,"3":0.5713412166,"4":0.5594696999,"5":0.5496499538,"6":0.5365877748,"7":0.5329157114,"8":0.5228847265,"9":0.5139001608},"side_8_loss":{"0":0.8083385229,"1":0.6299602985,"2":0.5924850702,"3":0.5679745078,"4":0.5558047295,"5":0.545835495,"6":0.5319766402,"7":0.5283543468,"8":0.5183604956,"9":0.5087557435},"activation_64_loss":{"0":0.9668937325,"1":0.9614161849,"2":0.9602348804,"3":0.9593794346,"4":0.9587674141,"5":0.9583086967,"6":0.9578765035,"7":0.957547009,"8":0.95721066,"9":0.9569173455},"add_26_loss":{"0":0.8742442131,"1":0.8242082,"2":0.8138874769,"3":0.8059430718,"4":0.8009201884,"5":0.7974965572,"6":0.7933298945,"7":0.7911607623,"8":0.7878798842,"9":0.7849004865},"side_6_dice_coef":{"0":0.2699224353,"1":0.3593993783,"2":0.3934404254,"3":0.4144198298,"4":0.4257908165,"5":0.4340198338,"6":0.4458384216,"7":0.4486045241,"8":0.4594702721,"9":0.4673991799},"side_6_jacard":{"0":0.2082920521,"1":0.2890889645,"2":0.3226388693,"3":0.3443889916,"4":0.3576584458,"5":0.367174089,"6":0.3799442351,"7":0.3831955194,"8":0.3962997198,"9":0.4059731662},"side_6_recall":{"0":0.6779340506,"1":0.6982963085,"2":0.7368872762,"3":0.7681287527,"4":0.7932839394,"5":0.8052130938,"6":0.8256956935,"7":0.8332583904,"8":0.8429330587,"9":0.8570089936},"side_6_precision":{"0":0.1369708627,"1":0.5354526043,"2":0.6545909643,"3":0.6940554976,"4":0.7152012587,"5":0.7366098166,"6":0.7410666347,"7":0.7247904539,"8":0.7808511853,"9":0.7995879054},"side_6_accuracy":{"0":0.9511276484,"1":0.9903448224,"2":0.9930645823,"3":0.9939312935,"4":0.9944397807,"5":0.9948650002,"6":0.9950763583,"7":0.9948595762,"8":0.9958121777,"9":0.996193707},"side_7_dice_coef":{"0":0.263805002,"1":0.3704762161,"2":0.4055659771,"3":0.4286590815,"4":0.4405303001,"5":0.4503500462,"6":0.4634121954,"7":0.4670841098,"8":0.4771150053,"9":0.4860998392},"side_7_jacard":{"0":0.205054909,"1":0.3029654324,"2":0.3388119936,"3":0.3632874489,"4":0.377858758,"5":0.3891274631,"6":0.4041364491,"7":0.4089842141,"8":0.421528548,"9":0.432975769},"side_7_recall":{"0":0.6925389767,"1":0.7035600543,"2":0.7451625466,"3":0.7829918861,"4":0.8043073416,"5":0.818113625,"6":0.8374960423,"7":0.846026063,"8":0.8606401086,"9":0.8725675941},"side_7_precision":{"0":0.1216511875,"1":0.5433812141,"2":0.6648305058,"3":0.7014502883,"4":0.7289958596,"5":0.7574109435,"6":0.7694533467,"7":0.7581802011,"8":0.7892022729,"9":0.823238194},"side_7_accuracy":{"0":0.9435293674,"1":0.9905562401,"2":0.9932924509,"3":0.9941456914,"4":0.9947376847,"5":0.9952765107,"6":0.9956019521,"7":0.9954913259,"8":0.9960714579,"9":0.9966512322},"side_8_dice_coef":{"0":0.1916615218,"1":0.3700392544,"2":0.407515496,"3":0.4320252836,"4":0.4441952407,"5":0.4541647732,"6":0.4680231512,"7":0.4716458321,"8":0.4816395342,"9":0.4912441671},"side_8_jacard":{"0":0.1425236166,"1":0.3023319542,"2":0.3413237631,"3":0.3680901527,"4":0.3830962479,"5":0.3947936594,"6":0.4108330607,"7":0.4154713154,"8":0.4283059537,"9":0.4407442808},"side_8_recall":{"0":0.7708637714,"1":0.6918429136,"2":0.7370395064,"3":0.7743313313,"4":0.7960411906,"5":0.8126555085,"6":0.8314348459,"7":0.8419166803,"8":0.8581445217,"9":0.8690612912},"side_8_precision":{"0":0.0604700111,"1":0.5280131698,"2":0.6456719041,"3":0.693334043,"4":0.7219390869,"5":0.7533413768,"6":0.771966517,"7":0.7630868554,"8":0.7915961742,"9":0.8308753371},"side_8_accuracy":{"0":0.8701370955,"1":0.9901410341,"2":0.9928991795,"3":0.9939550757,"4":0.9945688248,"5":0.9951763749,"6":0.9955935478,"7":0.9955378175,"8":0.9960878491,"9":0.9967265129},"activation_64_dice_coef":{"0":0.0331063941,"1":0.0385843702,"2":0.0397654697,"3":0.0406203084,"4":0.0412324853,"5":0.0416911617,"6":0.0421234109,"7":0.0424532071,"8":0.0427890606,"9":0.043083556},"activation_64_jacard":{"0":0.0173565969,"1":0.0203662813,"2":0.0210267436,"3":0.0215030927,"4":0.0218460411,"5":0.0221032575,"6":0.0223484244,"7":0.0225356128,"8":0.0227256212,"9":0.0228947252},"activation_64_recall":{"0":0.9091622829,"1":0.9769294262,"2":0.9773131013,"3":0.9817639589,"4":0.9839882255,"5":0.9850946665,"6":0.9869809151,"7":0.9876045585,"8":0.9885086417,"9":0.9896184802},"activation_64_precision":{"0":0.0244805366,"1":0.0351363607,"2":0.0418586656,"3":0.046978984,"4":0.0513521247,"5":0.0556213669,"6":0.061748866,"7":0.0674045533,"8":0.0738954395,"9":0.079798758},"activation_64_accuracy":{"0":0.6135884523,"1":0.714338541,"2":0.761754632,"3":0.787915349,"4":0.8064355254,"5":0.8218955398,"6":0.8403081894,"7":0.8544920087,"8":0.8680728674,"9":0.8784783483},"add_26_dice_coef":{"0":0.1257558316,"1":0.1757922322,"2":0.1861124933,"3":0.1940567493,"4":0.1990798712,"5":0.2025034726,"6":0.2066696733,"7":0.2088392079,"8":0.2121203095,"9":0.215099439},"add_26_jacard":{"0":0.0767911524,"1":0.1108238101,"2":0.1183614209,"3":0.1243135855,"4":0.1282817125,"5":0.1309822798,"6":0.1343060434,"7":0.1360438019,"8":0.1387622803,"9":0.1412394345},"add_26_recall":{"0":0.7113502026,"1":0.7082115412,"2":0.7494463325,"3":0.7861561775,"4":0.8084429502,"5":0.8225923777,"6":0.8421657681,"7":0.8510401249,"8":0.8655606508,"9":0.8771683574},"add_26_precision":{"0":0.1262606978,"1":0.5456409454,"2":0.6652121544,"3":0.7049121261,"4":0.7304606438,"5":0.7574707866,"6":0.7692115903,"7":0.7574087977,"8":0.7936928272,"9":0.8263043165},"add_26_accuracy":{"0":0.9445559978,"1":0.9906208515,"2":0.9933219552,"3":0.9942238927,"4":0.9947878718,"5":0.995311439,"6":0.9956329465,"7":0.995516181,"8":0.9961753488,"9":0.9967321157},"val_loss":{"0":4.1435160637,"1":3.9503304958,"2":3.9724199772,"3":4.001332283,"4":3.9541590214,"5":3.8512506485,"6":3.856739521,"7":3.812520504,"8":3.7960240841,"9":3.8245055676},"val_side_6_loss":{"0":0.7687758803,"1":0.7194903493,"2":0.7204770446,"3":0.7283792496,"4":0.7188356519,"5":0.6874783039,"6":0.6927438974,"7":0.6823660731,"8":0.6755088568,"9":0.6893311143},"val_side_7_loss":{"0":0.7639276981,"1":0.7034392357,"2":0.7127835751,"3":0.720502913,"4":0.7113130689,"5":0.6773964167,"6":0.6774151325,"7":0.6625230312,"8":0.6585879326,"9":0.6650174856},"val_side_8_loss":{"0":0.7675179243,"1":0.7028095126,"2":0.7105342746,"3":0.7203093767,"4":0.7045968175,"5":0.6736772656,"6":0.6727531552,"7":0.6582859755,"8":0.6545228362,"9":0.6610816717},"val_activation_64_loss":{"0":0.9686663151,"1":0.9672621489,"2":0.9667109847,"3":0.9661774635,"4":0.9661334753,"5":0.9653058648,"6":0.9653845429,"7":0.9652919769,"8":0.9647254944,"9":0.9649311304},"val_add_26_loss":{"0":0.8740224838,"1":0.8567201495,"2":0.8613025546,"3":0.8653507233,"4":0.852665782,"5":0.8467752337,"6":0.8478242159,"7":0.8434302211,"8":0.8420516253,"9":0.843516767},"val_side_6_dice_coef":{"0":0.2312238961,"1":0.2805094719,"2":0.2795226574,"3":0.2716205716,"4":0.2811644375,"5":0.3125216067,"6":0.3072563112,"7":0.3176340759,"8":0.3244912326,"9":0.3106690049},"val_side_6_jacard":{"0":0.170951739,"1":0.2171253562,"2":0.219566226,"3":0.2155291289,"4":0.2173051089,"5":0.2492886633,"6":0.2414643317,"7":0.2508473098,"8":0.2569162548,"9":0.2440706939},"val_side_6_recall":{"0":0.7653413415,"1":0.7749153376,"2":0.6994900703,"3":0.6651432514,"4":0.814135015,"5":0.7884627581,"6":0.7990995646,"7":0.8271482587,"8":0.8219511509,"9":0.8130830526},"val_side_6_precision":{"0":0.2181560397,"1":0.3793310523,"2":0.5225487351,"3":0.571669817,"4":0.3276263773,"5":0.4762236178,"6":0.4312589765,"7":0.4368743896,"8":0.4760710299,"9":0.4685634375},"val_side_6_accuracy":{"0":0.9734532237,"1":0.9866890907,"2":0.9916225076,"3":0.9925714135,"4":0.9834467173,"5":0.9903829694,"6":0.988812983,"7":0.9889535904,"8":0.9903479815,"9":0.9901123047},"val_side_7_dice_coef":{"0":0.2360722274,