{"loss":{"0":4.4012503624},"side_6_loss":{"0":0.8255559802},"side_7_loss":{"0":0.8174342513},"side_8_loss":{"0":0.8570991158},"activation_76_loss":{"0":0.9700454473},"add_23_loss":{"0":0.9311164618},"side_6_dice_coef":{"0":0.1744439751},"side_6_jaccard":{"0":0.1268858016},"side_6_recall":{"0":0.6769438982},"side_6_precision":{"0":0.0646131411},"side_6_accuracy":{"0":0.8922994137},"side_7_dice_coef":{"0":0.1825658977},"side_7_jaccard":{"0":0.1363092512},"side_7_recall":{"0":0.7119185328},"side_7_precision":{"0":0.0553459711},"side_7_accuracy":{"0":0.8676567674},"side_8_dice_coef":{"0":0.1429006606},"side_8_jaccard":{"0":0.1041657701},"side_8_recall":{"0":0.7334191799},"side_8_precision":{"0":0.0436618477},"side_8_accuracy":{"0":0.8262540698},"activation_76_dice_coef":{"0":0.0299552381},"activation_76_jaccard":{"0":0.0156953689},"activation_76_recall":{"0":0.9121418595},"activation_76_precision":{"0":0.0138879586},"activation_76_accuracy":{"0":0.3100063205},"add_23_dice_coef":{"0":0.068883203},"add_23_jaccard":{"0":0.0393806435},"add_23_recall":{"0":0.7348288894},"add_23_precision":{"0":0.0646856204},"add_23_accuracy":{"0":0.8841362596},"val_loss":{"0":4.2429447174},"val_side_6_loss":{"0":0.7885020971},"val_side_7_loss":{"0":0.7949867845},"val_side_8_loss":{"0":0.7741674185},"val_activation_76_loss":{"0":0.9696599841},"val_add_23_loss":{"0":0.9156298041},"val_side_6_dice_coef":{"0":0.211498186},"val_side_6_jaccard":{"0":0.1603126824},"val_side_6_recall":{"0":0.5456255078},"val_side_6_precision":{"0":0.3751897514},"val_side_6_accuracy":{"0":0.987848103},"val_side_7_dice_coef":{"0":0.2050131559},"val_side_7_jaccard":{"0":0.1584305465},"val_side_7_recall":{"0":0.5116138458},"val_side_7_precision":{"0":0.3668425381},"val_side_7_accuracy":{"0":0.9877731204},"val_side_8_dice_coef":{"0":0.2258325368},"val_side_8_jaccard":{"0":0.1743156761},"val_side_8_recall":{"0":0.5343700051},"val_side_8_precision":{"0":0.3705114722},"val_side_8_accuracy":{"0":0.9877547026},"val_activation_76_dice_coef":{"0":0.0303403772},"val_activation_76_jaccard":{"0":0.0160621349},"val_activation_76_recall":{"0":0.6636933684},"val_activation_76_precision":{"0":0.0781747028},"val_activation_76_accuracy":{"0":0.9272273183},"val_add_23_dice_coef":{"0":0.0843703747},"val_add_23_jaccard":{"0":0.0500394963},"val_add_23_recall":{"0":0.5374495983},"val_add_23_precision":{"0":0.3734533191},"val_add_23_accuracy":{"0":0.9878368974}}