{"loss":{"0":3.312384367,"1":2.9292769432,"2":2.6459922791,"3":2.4301071167,"4":2.2497792244,"5":2.0922522545,"6":1.9689464569,"7":1.876413703,"8":1.7991523743,"9":1.7410085201},"side_6_loss":{"0":0.5811417699,"1":0.4862061441,"2":0.4201996326,"3":0.3589808941,"4":0.3056127727,"5":0.2583600581,"6":0.2219473869,"7":0.1946007311,"8":0.1720948517,"9":0.1559527069},"side_7_loss":{"0":0.6136116385,"1":0.49493137,"2":0.417781502,"3":0.3556303978,"4":0.3013492227,"5":0.253636539,"6":0.2160894424,"7":0.1880272329,"8":0.1649673432,"9":0.1474950016},"side_8_loss":{"0":0.66787678,"1":0.5475718379,"2":0.4342051446,"3":0.3625425994,"4":0.3070006967,"5":0.2589712441,"6":0.2214402407,"7":0.193562001,"8":0.1698232144,"9":0.1515072137},"activation_389_loss":{"0":0.7237876058,"1":0.6906082034,"2":0.6712577939,"3":0.6564852595,"4":0.6448492408,"5":0.6355974674,"6":0.6284726858,"7":0.6230238676,"8":0.6185445189,"9":0.6151400805},"out_10_loss":{"0":0.7251483202,"1":0.7091368437,"2":0.7017210722,"3":0.6956371069,"4":0.6901314855,"5":0.6848476529,"6":0.6801537275,"7":0.676353097,"8":0.6728720069,"9":0.6700590849},"side_6_dice_coef":{"0":0.4188583493,"1":0.5137938261,"2":0.5798004866,"3":0.6410191059,"4":0.6943873763,"5":0.7416402102,"6":0.7780528665,"7":0.8053995371,"8":0.8279049993,"9":0.8440468907},"side_6_jacard":{"0":0.2816643119,"1":0.3643239141,"2":0.4268228412,"3":0.4895159602,"4":0.5489709973,"5":0.6058035493,"6":0.652320385,"7":0.6888490319,"8":0.7196928263,"9":0.7416763306},"side_6_recall_5":{"0":0.7617153525,"1":0.6849989295,"2":0.6637117863,"3":0.6681979299,"4":0.6870804429,"5":0.7108640075,"6":0.7351760864,"7":0.7541218996,"8":0.7723733783,"9":0.784273386},"side_6_precision_5":{"0":0.3258688152,"1":0.4543110132,"2":0.5569581985,"3":0.653875947,"4":0.7323284149,"5":0.7984118462,"6":0.8426240087,"7":0.8756943941,"8":0.8989297748,"9":0.9143647552},"side_6_accuracy":{"0":0.7008293271,"1":0.810733974,"2":0.8551651239,"3":0.8842528462,"4":0.903886199,"5":0.9192689657,"6":0.9298564792,"7":0.9377440214,"8":0.9438999295,"9":0.9479056597},"side_7_dice_coef":{"0":0.386387974,"1":0.5050686598,"2":0.5822184086,"3":0.6443696022,"4":0.6986508369,"5":0.7463635206,"6":0.7839105725,"7":0.8119729161,"8":0.8350326419,"9":0.852504909},"side_7_jacard":{"0":0.2544278204,"1":0.3563578129,"2":0.429684937,"3":0.4936141968,"4":0.5543581843,"5":0.6123651266,"6":0.661098361,"7":0.6989242435,"8":0.7308475375,"9":0.754920125},"side_7_recall_5":{"0":0.764174521,"1":0.6768308878,"2":0.6546214223,"3":0.6669078469,"4":0.6861484051,"5":0.7088498473,"6":0.7333576083,"7":0.7524104714,"8":0.7702659369,"9":0.7834365964},"side_7_precision_5":{"0":0.3002895713,"1":0.4477866292,"2":0.5651392341,"3":0.6575270295,"4":0.7354040742,"5":0.8028588891,"6":0.8494229317,"7":0.8838912845,"8":0.9082424641,"9":0.9253082275},"side_7_accuracy":{"0":0.6684263945,"1":0.8078449965,"2":0.8577110171,"3":0.8850190043,"4":0.904378593,"5":0.9198255539,"6":0.9307888746,"7":0.9389014244,"8":0.9451500773,"9":0.9495930672},"side_8_dice_coef":{"0":0.3321233988,"1":0.4524282813,"2":0.565795064,"3":0.63745749,"4":0.6929994822,"5":0.7410286665,"6":0.7785595655,"7":0.80643785,"8":0.8301766515,"9":0.8484928012},"side_8_jacard":{"0":0.2096855342,"1":0.308083266,"2":0.4130410552,"3":0.4862609804,"4":0.5480736494,"5":0.6060683727,"6":0.6544719934,"7":0.6919975281,"8":0.7246632576,"9":0.7497606874},"side_8_recall_5":{"0":0.7928100228,"1":0.7287735939,"2":0.6630361676,"3":0.6725184321,"4":0.6887255907,"5":0.7076521516,"6":0.7288713455,"7":0.7458779812,"8":0.7624000907,"9":0.7773035169},"side_8_precision_5":{"0":0.2549907565,"1":0.378899008,"2":0.5522457361,"3":0.6505823135,"4":0.7281502485,"5":0.7962169647,"6":0.843932271,"7":0.8788125515,"8":0.9055289626,"9":0.9231399298},"side_8_accuracy":{"0":0.5858678818,"1":0.7579294443,"2":0.8537231684,"3":0.8836897016,"4":0.9030818939,"5":0.9184598923,"6":0.9292793274,"7":0.9371957779,"8":0.9436240196,"9":0.94833529},"activation_389_dice_coef":{"0":0.2762123644,"1":0.309392035,"2":0.3287420571,"3":0.3435148597,"4":0.3551506698,"5":0.364402473,"6":0.3715274036,"7":0.3769762516,"8":0.3814556003,"9":0.3848602176},"activation_389_jacard":{"0":0.1661444753,"1":0.1898392141,"2":0.2036319971,"3":0.2143723667,"4":0.2229090929,"5":0.2299415618,"6":0.2354855537,"7":0.2398477346,"8":0.2434882373,"9":0.2462585419},"activation_389_recall_5":{"0":0.7746780515,"1":0.8443779349,"2":0.8528214097,"3":0.8422971368,"4":0.831757009,"5":0.8348904848,"6":0.8429284692,"7":0.8520600796,"8":0.8627206087,"9":0.8717511892},"activation_389_precision_5":{"0":0.2410887033,"1":0.2833315134,"2":0.3072019815,"3":0.3484640718,"4":0.3989289701,"5":0.4432386458,"6":0.481287837,"7":0.5158379078,"8":0.5470388532,"9":0.5727867484},"activation_389_accuracy":{"0":0.563434124,"1":0.6233940721,"2":0.6586815715,"3":0.7128618956,"4":0.7628267407,"5":0.796145618,"6":0.8198531866,"7":0.8386829495,"8":0.8539706469,"9":0.8655927777},"out_10_dice_coef":{"0":0.2748516798,"1":0.2908632457,"2":0.2982789576,"3":0.3043629527,"4":0.3098685145,"5":0.3151527047,"6":0.3198461235,"7":0.3236468434,"8":0.3271278739,"9":0.3299408555},"out_10_jacard":{"0":0.165671885,"1":0.1765477359,"2":0.181234926,"3":0.1853658557,"4":0.1892099679,"5":0.1930404305,"6":0.1965255439,"7":0.1994129568,"8":0.2020996511,"9":0.2042772323},"out_10_recall_5":{"0":0.9998978376,"1":0.9995239377,"2":0.9992491603,"3":0.998657465,"4":0.9979407191,"5":0.9970574975,"6":0.9964261651,"7":0.9957821369,"8":0.9952133298,"9":0.9944048524},"out_10_precision_5":{"0":0.1609273255,"1":0.1609743834,"2":0.1608816981,"3":0.1608341932,"4":0.1607892513,"5":0.1607428789,"6":0.1608450711,"7":0.1611035466,"8":0.1613599658,"9":0.161784634},"out_10_accuracy":{"0":0.1485567987,"1":0.1491204202,"2":0.1487427503,"3":0.1488736123,"4":0.1491160393,"5":0.1494758874,"6":0.1505805999,"7":0.1526560336,"8":0.1546663791,"9":0.1578810215},"val_loss":{"0":3.9705548286,"1":2.8182644844,"2":2.7816319466,"3":2.739043951,"4":2.8735833168,"5":2.7948842049,"6":3.032715559,"7":2.8448767662,"8":2.9451761246,"9":2.9696993828},"val_side_6_loss":{"0":0.9672128558,"1":0.4649113119,"2":0.4641270041,"3":0.4558510184,"4":0.4981593192,"5":0.4714000225,"6":0.5421247482,"7":0.4869349897,"8":0.5134550333,"9":0.5187838078},"val_side_7_loss":{"0":0.7923175693,"1":0.4651501179,"2":0.4625655115,"3":0.4520471692,"4":0.4938829541,"5":0.4721019268,"6":0.5447941422,"7":0.4880013466,"8":0.5192395449,"9":0.5271443129},"val_side_8_loss":{"0":0.7079428434,"1":0.4956236482,"2":0.4599541724,"3":0.4458171427,"4":0.4835839868,"5":0.4637998641,"6":0.5337937474,"7":0.4804865718,"8":0.5121411681,"9":0.521248281},"val_activation_389_loss":{"0":0.7476894855,"1":0.6848291755,"2":0.6810574532,"3":0.6730396748,"4":0.6781582236,"5":0.6720336676,"6":0.684766233,"7":0.6718803048,"8":0.6774455309,"9":0.6790862679},"val_out_10_loss":{"0":0.7545707226,"1":0.7069252133,"2":0.7130982876,"3":0.7114560008,"4":0.7189617157,"5":0.7147079706,"6":0.7263917923,"7":0.7167250514,"8":0.7220424414,"9":0.7225815058},"val_side_6_dice_coef":{"0":0.0327871218,"1":0.5350887179,"2":0.5358730555,"3":0.5441490412,"4":0.5018407106,"5":0.5286000371,"6":0.4578752518,"7":0.5130650401,"8":0.4865450263,"9":0.4812161326},"val_side_6_jacard":{"0":0.0178528074,"1":0.3885263503,"2":0.3906576633,"3":0.3995807469,"4":0.3611418605,"5":0.3838978708,"6":0.3193522096,"7":0.3676791787,"8":0.3450228572,"9":0.3391300142},"val_side_6_recall_5":{"0":0.0153529029,"1":0.6543617249,"2":0.5178818703,"3":0.5213561058,"4":0.4383417368,"5":0.4774135351,"6":0.3631463945,"7":0.448328793,"8":0.3953700364,"9":0.3922894299},"val_side_6_precision_5":{"0":0.3786384165,"1":0.501619041,"2":0.6311509609,"3":0.6363962889,"4":0.6930974126,"5":0.6684945226,"6":0.7201433182,"7":0.6706278324,"8":0.7159232497,"9":0.7019452453},"val_side_6_accuracy":{"0":0.834751308,"1":0.8309782743,"2":0.8675791621,"3":0.8689239621,"4":0.8733569384,"5":0.8724732399,"6":0.8704618216,"7":0.8706890941,"8":0.87304914,"9":0.8708034754},