{"loss":{"0":0.4575988352},"dice_coef":{"0":0.5757867694},"jacard":{"0":0.4194285274},"recall":{"0":0.608709693},"precision":{"0":0.7534677982},"accuracy":{"0":0.0069227433}}