,loss,dice_coef,jacard,recall,precision,accuracy
0,0.45759883522987366,0.5757867693901062,0.4194285273551941,0.6087096929550171,0.7534677982330322,0.006922743283212185
