,loss,dice_coef,jacard,recall,precision,accuracy
0,0.47048258781433105,0.5742958188056946,0.41817206144332886,0.5844211578369141,0.74650639295578,0.04621310904622078
