{"loss":{"0":0.4704825878},"dice_coef":{"0":0.5742958188},"jacard":{"0":0.4181720614},"recall":{"0":0.5844211578},"precision":{"0":0.746506393},"accuracy":{"0":0.046213109}}