{"loss":{"0":0.0648341104},"dice_coef":{"0":0.0386225358},"jacard":{"0":0.0204467606},"recall":{"0":0.0007489657},"precision":{"0":0.0169246681},"accuracy":{"0":0.2484692335}}