{"loss":{"0":0.0689082518},"dice_coef":{"0":0.0384865962},"jacard":{"0":0.0203777757},"recall":{"0":0.0029003664},"precision":{"0":0.0154657522},"accuracy":{"0":0.1797396988}}