,loss,dice_coef,jacard,recall,precision,accuracy
0,0.0648341104388237,0.03862253576517105,0.020446760579943657,0.0007489656563848257,0.016924668103456497,0.24846923351287842
