{"loss":{"0":0.0680833459},"dice_coef":{"0":0.0426683165},"jacard":{"0":0.0228940323},"recall":{"0":0.0035616506},"precision":{"0":0.0195187796},"accuracy":{"0":0.213755846}}