,loss,dice_coef,jacard,recall,precision,accuracy
0,0.06890825182199478,0.03848659619688988,0.02037777565419674,0.0029003664385527372,0.015465752221643925,0.17973969876766205
