,loss,dice_coef,jacard,recall,precision,accuracy
<<<<<<< HEAD
0,0.0648341104388237,0.03862253576517105,0.020446760579943657,0.0007489656563848257,0.016924668103456497,0.24846923351287842
=======
0,0.06808334589004517,0.04266831651329994,0.022894032299518585,0.003561650635674596,0.0195187795907259,0.21375584602355957
>>>>>>> 3c3af212ac6dbb8e61ce5ffd5d58fb3b570524c8
