,loss,dice_coef,jacard,recall,precision,accuracy
0,0.06808334589004517,0.04266831651329994,0.022894032299518585,0.003561650635674596,0.0195187795907259,0.21375584602355957
