{"loss":{"0":3.0530881882,"1":2.395178318,"2":2.1501746178,"3":1.9237285852,"4":1.8029489517,"5":1.7648696899,"6":1.7433105707,"7":1.707870245,"8":1.7080907822,"9":1.5849392414},"side_6_loss":{"0":0.5007563829,"1":0.3725213706,"2":0.3543471694,"3":0.3182117343,"4":0.2947171628,"5":0.2886230648,"6":0.2911551297,"7":0.2745215297,"8":0.2794436812,"9":0.2465612441},"side_7_loss":{"0":0.5255109072,"1":0.3921968639,"2":0.370980829,"3":0.3295997381,"4":0.3080457151,"5":0.3049867749,"6":0.3038783669,"7":0.2959355116,"8":0.2958155572,"9":0.2671740651},"side_8_loss":{"0":0.6641465425,"1":0.5128470659,"2":0.4434196055,"3":0.379560858,"4":0.3462260664,"5":0.3365195692,"6":0.3279489279,"7":0.3226161599,"8":0.3230273426,"9":0.2962276936},"activation_64_loss":{"0":0.8145014048,"1":0.6940270066,"2":0.5997568369,"3":0.5520823598,"4":0.5302844048,"5":0.5182958245,"6":0.5096308589,"7":0.5058697462,"8":0.502802372,"9":0.4904457927},"add_26_loss":{"0":0.5475615859,"1":0.4229747355,"2":0.3810580373,"3":0.3436622322,"4":0.3230642676,"5":0.3158330917,"6":0.3100857437,"7":0.3083162904,"8":0.3063905835,"9":0.2839188576},"side_6_dice_coef":{"0":0.5044506192,"1":0.6628457308,"2":0.6940150261,"3":0.7169104815,"4":0.7372962832,"5":0.7458466887,"6":0.7481144667,"7":0.743674159,"8":0.7477912307,"9":0.7742754221},"side_6_jacard":{"0":0.3539626002,"1":0.5074983835,"2":0.5440288782,"3":0.5676568151,"4":0.5941479206,"5":0.6029809713,"6":0.6080406904,"7":0.6031524539,"8":0.6073880196,"9":0.6405192614},"side_6_recall":{"0":0.5216529369,"1":0.7174441814,"2":0.7368383408,"3":0.7285439372,"4":0.7989151478,"5":0.7753344178,"6":0.7766020298,"7":0.8021872044,"8":0.7813737392,"9":0.8076883554},"side_6_precision":{"0":0.6914880872,"1":0.7970840931,"2":0.8084750175,"3":0.8665668368,"4":0.8377477527,"5":0.8649833798,"6":0.8702017069,"7":0.8549004197,"8":0.8756946921,"9":0.8891153336},"side_6_accuracy":{"0":0.7669647336,"1":0.8475466371,"2":0.8565527797,"3":0.8742755651,"4":0.8833928704,"5":0.8867117763,"6":0.8888267279,"7":0.8905536532,"8":0.892003119,"9":0.9039652348},"side_7_dice_coef":{"0":0.4656330645,"1":0.6218110323,"2":0.6656415462,"3":0.6991775632,"4":0.7225207686,"5":0.730889678,"6":0.734187603,"7":0.7289063931,"8":0.7302550077,"9":0.757871151},"side_7_jacard":{"0":0.3137008548,"1":0.4619342387,"2":0.5109804869,"3":0.5465037823,"4":0.5754423738,"5":0.5848112702,"6":0.5911937356,"7":0.5850515366,"8":0.5855088234,"9":0.6197501421},"side_7_recall":{"0":0.5011040568,"1":0.7165548801,"2":0.7256392837,"3":0.7112830281,"4":0.7705824971,"5":0.7532017231,"6":0.7565145493,"7":0.7782618999,"8":0.7555592656,"9":0.783090651},"side_7_precision":{"0":0.6416541338,"1":0.7572302818,"2":0.79314816,"3":0.8710894585,"4":0.8454580903,"5":0.8674533963,"6":0.8682547808,"7":0.8484395146,"8":0.8751853704,"9":0.8903138638},"side_7_accuracy":{"0":0.7447904944,"1":0.8318238854,"2":0.8480681181,"3":0.8708865047,"4":0.8786551356,"5":0.8814032078,"6":0.8825867772,"7":0.8817718625,"8":0.8845795989,"9":0.897298038},"side_8_dice_coef":{"0":0.400565207,"1":0.5054937601,"2":0.5782595873,"3":0.6314530373,"4":0.6677925587,"5":0.6851213574,"6":0.6994508505,"7":0.7010630369,"8":0.7010864019,"9":0.7289534807},"side_8_jacard":{"0":0.2569311857,"1":0.3464654088,"2":0.4161814153,"3":0.4696490169,"4":0.5098820925,"5":0.5297681093,"6":0.5483568907,"7":0.5505097508,"8":0.5501015186,"9":0.5831814408},"side_8_recall":{"0":0.4910170734,"1":0.6825942397,"2":0.7311804295,"3":0.7199029922,"4":0.749987483,"5":0.7303850055,"6":0.7323367,"7":0.7516567111,"8":0.7285241485,"9":0.7526228428},"side_8_precision":{"0":0.433000654,"1":0.6079851389,"2":0.6654045582,"3":0.7694842219,"4":0.8014219403,"5":0.8376123309,"6":0.8528253436,"7":0.8335998654,"8":0.8632124066,"9":0.8822276592},"side_8_accuracy":{"0":0.622484982,"1":0.751745224,"2":0.7914111018,"3":0.837530911,"4":0.8571656346,"5":0.8652378321,"6":0.8708646297,"7":0.8694418669,"8":0.8731994629,"9":0.8860041499},"activation_64_dice_coef":{"0":0.3616443276,"1":0.4248547554,"2":0.4723199308,"3":0.4982649684,"4":0.5087074041,"5":0.5144250393,"6":0.5157909393,"7":0.5190883875,"8":0.5180408359,"9":0.5308991671},"activation_64_jacard":{"0":0.2283370793,"1":0.2776648998,"2":0.3167499006,"3":0.3380120993,"4":0.3475592732,"5":0.3527417183,"6":0.3554724455,"7":0.358174026,"8":0.3578647375,"9":0.3682892919},"activation_64_recall":{"0":0.4452644885,"1":0.6251474619,"2":0.7153152227,"3":0.7405100465,"4":0.7637171149,"5":0.7626190186,"6":0.7743791342,"7":0.7762881517,"8":0.7717608809,"9":0.7862948179},"activation_64_precision":{"0":0.3198569417,"1":0.4429480433,"2":0.5268007517,"3":0.584749043,"4":0.6202625632,"5":0.6398304105,"6":0.6603509784,"7":0.6636538506,"8":0.6747618318,"9":0.6994769573},"activation_64_accuracy":{"0":0.5079175234,"1":0.6195073724,"2":0.6961346865,"3":0.7426263094,"4":0.7693373561,"5":0.7815206051,"6":0.7955305576,"7":0.7977517247,"8":0.8032937646,"9":0.819254458},"add_26_dice_coef":{"0":0.4282650352,"1":0.544849515,"2":0.5937402844,"3":0.6258019209,"4":0.64953053,"5":0.6577216387,"6":0.6623340845,"7":0.6627003551,"8":0.6620625854,"9":0.6852968931},"add_26_jacard":{"0":0.2806828618,"1":0.3829906583,"2":0.4314955771,"3":0.4623105526,"4":0.4889519811,"5":0.4972788692,"6":0.5043101907,"7":0.5050626993,"8":0.5038779974,"9":0.5293334723},"add_26_recall":{"0":0.4904765785,"1":0.7405399084,"2":0.7507782578,"3":0.7350430489,"4":0.7902001143,"5":0.7648279667,"6":0.7666667104,"7":0.7887714505,"8":0.7669542432,"9":0.7906447649},"add_26_precision":{"0":0.6660044193,"1":0.7743520737,"2":0.803976655,"3":0.8814852834,"4":0.8609716296,"5":0.8837327361,"6":0.8855667114,"7":0.8675387502,"8":0.8928548098,"9":0.907954216},"add_26_accuracy":{"0":0.7524116635,"1":0.8442506194,"2":0.8583361506,"3":0.8807820678,"4":0.8894280791,"5":0.8899538517,"6":0.8910659552,"7":0.8913081884,"8":0.8934648037,"9":0.9051229954}}