{"loss":{"0":2.7421388626,"1":2.3841688633,"2":2.2814416885,"3":2.1843371391,"4":2.1080656052,"5":2.0516228676,"6":2.000562191,"7":1.9506853819,"8":1.9064707756,"9":1.8472251892},"side_6_loss":{"0":0.3704314828,"1":0.3244382143,"2":0.3034117222,"3":0.2861017287,"4":0.2751660347,"5":0.2619793415,"6":0.2499303371,"7":0.2363233417,"8":0.2238208205,"9":0.2076926827},"side_7_loss":{"0":0.4296190143,"1":0.3416212201,"2":0.3134309649,"3":0.2937742472,"4":0.281359762,"5":0.2677412927,"6":0.2550260127,"7":0.2416616231,"8":0.2292586267,"9":0.2124472409},"side_8_loss":{"0":0.5644112825,"1":0.3674381971,"2":0.3278999329,"3":0.30377087,"4":0.2883701622,"5":0.2737526894,"6":0.2598909736,"7":0.2464447021,"8":0.2349767536,"9":0.2176944017},"activation_64_loss":{"0":0.7297110558,"1":0.6888017058,"2":0.6713829041,"3":0.632889092,"4":0.5942913294,"5":0.5776817799,"6":0.5644702315,"7":0.5534242392,"8":0.5445417166,"9":0.5336672068},"out_10_loss":{"0":0.6471753716,"1":0.6610794067,"2":0.664527595,"3":0.6670125723,"4":0.6680893898,"5":0.669681251,"6":0.6704575419,"7":0.6720452309,"8":0.6730864048,"9":0.6749373674},"side_6_dice_coef":{"0":0.2928637266,"1":0.3541563451,"2":0.3936323225,"3":0.4236181676,"4":0.4483095109,"5":0.4778050184,"6":0.5009127259,"7":0.5257147551,"8":0.5516281128,"9":0.5815224648},"side_6_jacard":{"0":0.1753084809,"1":0.2204381824,"2":0.2504951358,"3":0.2752206326,"4":0.2966637015,"5":0.3227813244,"6":0.3429031074,"7":0.3676932156,"8":0.3913652003,"9":0.4213933945},"side_6_recall":{"0":0.2167349905,"1":0.3249994814,"2":0.3737502396,"3":0.4276722074,"4":0.4561459422,"5":0.4977346659,"6":0.5309401155,"7":0.5539207458,"8":0.5920472145,"9":0.6242126822},"side_6_precision":{"0":0.4547609687,"1":0.5741603971,"2":0.6320626736,"3":0.6627154946,"4":0.7016292214,"5":0.7213592529,"6":0.739487648,"7":0.7714934945,"8":0.775829792,"9":0.8018223047},"side_6_accuracy":{"0":0.8396837115,"1":0.8592143059,"2":0.8703144193,"3":0.8785872459,"4":0.8866035938,"5":0.8932589889,"6":0.8991636634,"7":0.9062278867,"8":0.9110110402,"9":0.9185342193},"side_7_dice_coef":{"0":0.2667759955,"1":0.3271936178,"2":0.3824763596,"3":0.4189510643,"4":0.4450383484,"5":0.4752025306,"6":0.4982732832,"7":0.5224880576,"8":0.5493890643,"9":0.5797106624},"side_7_jacard":{"0":0.1571276039,"1":0.2001190931,"2":0.241684705,"3":0.2709240615,"4":0.2931414843,"5":0.3196359575,"6":0.3397531211,"7":0.3636679947,"8":0.3887192011,"9":0.4188965559},"side_7_recall":{"0":0.2253479511,"1":0.2739396393,"2":0.3506436348,"3":0.4178406596,"4":0.4534870088,"5":0.494676739,"6":0.5311583281,"7":0.5518679619,"8":0.5892009139,"9":0.6205126643},"side_7_precision":{"0":0.2997902036,"1":0.5330218077,"2":0.6245157719,"3":0.6570465565,"4":0.6880854964,"5":0.7135713696,"6":0.731212616,"7":0.7633215189,"8":0.7673172951,"9":0.7953081727},"side_7_accuracy":{"0":0.800052166,"1":0.8515271544,"2":0.8678001165,"3":0.8770093322,"4":0.8844130635,"5":0.8918195963,"6":0.8979365826,"7":0.9048281312,"8":0.9094045758,"9":0.9171321988},"side_8_dice_coef":{"0":0.2584757507,"1":0.285589546,"2":0.3496421874,"3":0.4025790095,"4":0.4325119257,"5":0.4624466002,"6":0.4890682995,"7":0.5133381486,"8":0.536326468,"9":0.5686768889},"side_8_jacard":{"0":0.152211234,"1":0.1699848622,"2":0.2162677199,"3":0.2571526766,"4":0.2818116546,"5":0.3070385456,"6":0.3304046988,"7":0.3536688685,"8":0.374784708,"9":0.4062619805},"side_8_recall":{"0":0.4310084879,"1":0.2022527605,"2":0.2998775542,"3":0.3811297417,"4":0.4372045398,"5":0.4843567014,"6":0.5330513716,"7":0.5587706566,"8":0.5915666819,"9":0.6235178113},"side_8_precision":{"0":0.242222473,"1":0.4764650166,"2":0.6299465299,"3":0.6768689752,"4":0.6941776276,"5":0.7115195394,"6":0.7239690423,"7":0.7516300678,"8":0.7573481202,"9":0.785059154},"side_8_accuracy":{"0":0.7053204179,"1":0.8432397246,"2":0.8653247356,"3":0.876922369,"4":0.8839015961,"5":0.8905700445,"6":0.8969991803,"7":0.9038106799,"8":0.9080986977,"9":0.9159018993},"activation_64_dice_coef":{"0":0.2654708028,"1":0.2926046848,"2":0.3024311662,"3":0.3142872155,"4":0.3210591972,"5":0.326769948,"6":0.3336571157,"7":0.3399273157,"8":0.3448264599,"9":0.3522747159},"activation_64_jacard":{"0":0.1580654979,"1":0.1776356548,"2":0.1843737811,"3":0.1932005286,"4":0.1972584873,"5":0.2009133697,"6":0.2059742361,"7":0.2107660919,"8":0.2144866735,"9":0.2197910547},"activation_64_recall":{"0":0.7500599027,"1":0.8232103586,"2":0.8167501092,"3":0.8085294366,"4":0.7835332155,"5":0.7552554011,"6":0.7571864724,"7":0.7659844756,"8":0.7808561325,"9":0.8017582893},"activation_64_precision":{"0":0.2290231436,"1":0.2687764168,"2":0.2888877988,"3":0.3097843826,"4":0.361363858,"5":0.4204465449,"6":0.4641196728,"7":0.4999283254,"8":0.5243506432,"9":0.5559093952},"activation_64_accuracy":{"0":0.5735247135,"1":0.6286277175,"2":0.662848711,"3":0.693710506,"4":0.7539128065,"5":0.8023856282,"6":0.828317821,"7":0.8462768793,"8":0.8574575186,"9":0.8710967898},"out_10_dice_coef":{"0":0.2091956586,"1":0.2050669789,"2":0.2015965283,"3":0.1972865462,"4":0.1952106804,"5":0.1934250295,"6":0.190939337,"7":0.189101398,"8":0.1865096539,"9":0.18501167},"out_10_jacard":{"0":0.1197117418,"1":0.1171752065,"2":0.1149834618,"3":0.112469241,"4":0.1110701635,"5":0.109854348,"6":0.1082873121,"7":0.1070839018,"8":0.1055404171,"9":0.1044198498},"out_10_recall":{"0":0.0051293545,"1":0.0039127599,"2":0.0020989759,"3":0.0010808243,"4":0.0005428322,"5":0.0002392731,"6":0.0001145483,"7":0.0000624245,"8":0.0000387205,"9":0.0000227111},"out_10_precision":{"0":0.0487576127,"1":0.0390656367,"2":0.0321081504,"3":0.0260012057,"4":0.0245738626,"5":0.0219153166,"6":0.0205289032,"7":0.0212487318,"8":0.0239300504,"9":0.0260090958},"out_10_accuracy":{"0":0.8317195773,"1":0.8321203589,"2":0.8369086981,"3":0.8402546644,"4":0.843082726,"5":0.8447061181,"6":0.8454883099,"7":0.8458782434,"8":0.8460742831,"9":0.846183598}}