{"loss":{"0":2.5202417374,"1":2.102298975,"2":1.9651875496,"3":1.8221844435,"4":1.719879508,"5":1.6511536837,"6":1.5911740065,"7":1.5349811316,"8":1.4883778095,"9":1.4343192577},"side_6_loss":{"0":0.4439921677,"1":0.3341996074,"2":0.3079818487,"3":0.2902623117,"4":0.2716837823,"5":0.2571443617,"6":0.2455768138,"7":0.2325011492,"8":0.2227943093,"9":0.2092981786},"side_7_loss":{"0":0.4511972666,"1":0.3483696878,"2":0.3194676638,"3":0.2937977314,"4":0.2736156583,"5":0.2602097094,"6":0.2471403927,"7":0.2354503572,"8":0.2253994793,"9":0.2129968703},"side_8_loss":{"0":0.4362621605,"1":0.361533165,"2":0.3355173171,"3":0.3062909544,"4":0.2834227681,"5":0.2685233951,"6":0.2541747391,"7":0.2434141338,"8":0.2329233885,"9":0.2209751159},"activation_64_loss":{"0":0.7423488498,"1":0.6922861338,"2":0.6604562998,"3":0.6095663309,"4":0.5836820602,"5":0.5700398684,"6":0.5588269234,"7":0.5489204526,"8":0.5408824682,"9":0.5342780948},"add_26_loss":{"0":0.445853889,"1":0.3653236628,"2":0.3411780298,"3":0.3216823637,"4":0.3068903685,"5":0.2946538627,"6":0.2848713398,"7":0.274111867,"8":0.2657951117,"9":0.2561890185},"side_6_dice_coef":{"0":0.2876523733,"1":0.354469806,"2":0.4142997265,"3":0.4419000149,"4":0.4757858217,"5":0.5098172426,"6":0.5250828266,"7":0.5582751632,"8":0.5721013546,"9":0.5922569633},"side_6_jacard":{"0":0.1721044332,"1":0.2203588337,"2":0.2672790289,"3":0.290810585,"4":0.3197275996,"5":0.3507020473,"6":0.3663612306,"7":0.3969050646,"8":0.4116435647,"9":0.4329668283},"side_6_recall":{"0":0.309112519,"1":0.3152092695,"2":0.4033143818,"3":0.4435204566,"4":0.4849037528,"5":0.5230392814,"6":0.5449941754,"7":0.5837699771,"8":0.5982792377,"9":0.6314960122},"side_6_precision":{"0":0.3201105297,"1":0.5624889731,"2":0.6185942292,"3":0.6663586497,"4":0.7046744227,"5":0.731000483,"6":0.7528210282,"7":0.7690349221,"8":0.7827464342,"9":0.7999126315},"side_6_accuracy":{"0":0.7929164767,"1":0.8570744991,"2":0.8700781465,"3":0.8803455234,"4":0.8896026611,"5":0.8971154094,"6":0.902568996,"7":0.9090845585,"8":0.9127392769,"9":0.9190881848},"side_7_dice_coef":{"0":0.2715930045,"1":0.3068099916,"2":0.3722878397,"3":0.4332908392,"4":0.4687954187,"5":0.5029245019,"6":0.5205800533,"7":0.552323103,"8":0.5688326955,"9":0.5876363516},"side_7_jacard":{"0":0.160879612,"1":0.1850728393,"2":0.234150663,"3":0.2830354273,"4":0.3127908111,"5":0.3433078825,"6":0.3611281216,"7":0.3902061582,"8":0.4076375067,"9":0.4273388684},"side_7_recall":{"0":0.2986449301,"1":0.2185161412,"2":0.3250446618,"3":0.4211433232,"4":0.4742543697,"5":0.5136049986,"6":0.5403975248,"7":0.5756459832,"8":0.5935786963,"9":0.6254109144},"side_7_precision":{"0":0.2976201475,"1":0.531339705,"2":0.6137155294,"3":0.6792785525,"4":0.709602356,"5":0.7293806672,"6":0.7538158894,"7":0.7685432434,"8":0.7822719216,"9":0.7968088984},"side_7_accuracy":{"0":0.7838898301,"1":0.8502727747,"2":0.8648239374,"3":0.8804756999,"4":0.8893697262,"5":0.8959593177,"6":0.9022401571,"7":0.9081372023,"8":0.9121467471,"9":0.9179186225},"side_8_dice_coef":{"0":0.2566813529,"1":0.2846379578,"2":0.3331905305,"3":0.4114626944,"4":0.4569230378,"5":0.4917759597,"6":0.5118559003,"7":0.5428028703,"8":0.558639884,"9":0.5774772167},"side_8_jacard":{"0":0.1505155265,"1":0.1690800488,"2":0.2041700035,"3":0.2642579675,"4":0.3018229604,"5":0.332524538,"6":0.3522464633,"7":0.380356282,"8":0.3965801299,"9":0.4160541296},"side_8_recall":{"0":0.2235936224,"1":0.1763441265,"2":0.259398818,"3":0.3929366469,"4":0.4732616544,"5":0.5188840032,"6":0.5519531965,"7":0.5818408728,"8":0.5979436636,"9":0.6275588274},"side_8_precision":{"0":0.3103925586,"1":0.4556343853,"2":0.5765252113,"3":0.6785960197,"4":0.7018125057,"5":0.719661057,"6":0.7355574369,"7":0.7543407679,"8":0.7681583166,"9":0.7775014043},"side_8_accuracy":{"0":0.8043275476,"1":0.8410327435,"2":0.8568940759,"3":0.8780981302,"4":0.8881422281,"5":0.8949927688,"6":0.9006425738,"7":0.9066119194,"8":0.9104722738,"9":0.9151590466},"activation_64_dice_coef":{"0":0.2518534362,"1":0.29061836,"2":0.3036313951,"3":0.3115881383,"4":0.3196987212,"5":0.3285152316,"6":0.3349704444,"7":0.3431158066,"8":0.3468946218,"9":0.3531320691},"activation_64_jacard":{"0":0.1488722563,"1":0.1757760644,"2":0.1854936033,"3":0.1904707849,"4":0.19581981,"5":0.2018968016,"6":0.2074093372,"7":0.2129787207,"8":0.2164336443,"9":0.2212319374},"activation_64_recall":{"0":0.5822948813,"1":0.7534095049,"2":0.7735273838,"3":0.7580096722,"4":0.7568748593,"5":0.7647939324,"6":0.781920433,"7":0.7916081548,"8":0.8058632612,"9":0.8241081238},"activation_64_precision":{"0":0.2259972543,"1":0.2755181193,"2":0.2998952866,"3":0.3387037814,"4":0.385394305,"5":0.4262960851,"6":0.4610025287,"7":0.487626195,"8":0.5130485892,"9":0.5250350237},"activation_64_accuracy":{"0":0.6293070912,"1":0.6576263905,"2":0.687662065,"3":0.7353542447,"4":0.7771277428,"5":0.8056665063,"6":0.8259797692,"7":0.8401363492,"8":0.8526113033,"9":0.8583893776},"add_26_dice_coef":{"0":0.2637508512,"1":0.3032113016,"2":0.3416550457,"3":0.3774213791,"4":0.4036865234,"5":0.4271503687,"6":0.4402129352,"7":0.4621214271,"8":0.4723800421,"9":0.4868465066},"add_26_jacard":{"0":0.1556396484,"1":0.1827230901,"2":0.2106845677,"3":0.2376803756,"4":0.2580707669,"5":0.2770317197,"6":0.28896299,"7":0.3069179952,"8":0.3164694309,"9":0.3300202191},"add_26_recall":{"0":0.2905473709,"1":0.3223826289,"2":0.4076817334,"3":0.4690400064,"4":0.521389544,"5":0.5597952604,"6":0.5895420313,"7":0.6216105819,"8":0.6376417875,"9":0.6687518954},"add_26_precision":{"0":0.3628945947,"1":0.5604563951,"2":0.6188379526,"3":0.6789370179,"4":0.7051302195,"5":0.720557034,"6":0.7367832065,"7":0.750785172,"8":0.7614129782,"9":0.7740679979},"add_26_accuracy":{"0":0.8125691414,"1":0.8569999933,"2":0.8703753948,"3":0.8843083382,"4":0.8929331899,"5":0.8989800811,"6":0.9045474529,"7":0.9101338387,"8":0.9136015177,"9":0.9190919399}}