{"loss":{"0":0.5467092395},"dice_coef":{"0":0.4777213931},"jacard":{"0":0.3223170638},"recall":{"0":0.7192123532},"precision":{"0":0.6056913137},"accuracy":{"0":0.7545398474}}