,loss,dice_coef,jacard,recall,precision,accuracy
0,0.5467092394828796,0.4777213931083679,0.32231706380844116,0.7192123532295227,0.6056913137435913,0.7545398473739624
